pop_id	population	latitude	longitude	family	urban_rural	sample_source	ethnic_origin	geographic_region	sample_size	test_date	source_url	retrieved_at
albania	Albania	41º 0' N	20º 0' E	Not Known	Unknown	Anthropology Study	Caucasoid	Europe	160	2009	https://www.allelefrequencies.net/pop6001c.asp?pop_name=Albania	2026-08-26
albania-pop-2	Albania pop 2	41º 9' N	20º 10' E	Grandparents live at same location	Urban and Rural	Anthropology Study	Caucasoid	Europe	432 (C = 157, DQB1 = 200)	2013	https://www.allelefrequencies.net/pop6001c.asp?pop_name=Albania%20pop%202	2026-08-26
albanian-kosovo	Albanian Kosovo	41º 50' N	20º 1' E	Not Known	Urban and Rural	Blood Donor	Caucasoid	Europe	120	2011	https://www.allelefrequencies.net/pop6001c.asp?pop_name=Albanian%20Kosovo	2026-08-26
algeria	Algeria	36º 42' N	3º 13' E	Not Known	Unknown	Anthropology Study	Arab	North Africa	97	2007	https://www.allelefrequencies.net/pop6001c.asp?pop_name=Algeria	2026-08-26
algeria-oran	Algeria Oran	35º 40' N	0º 40' W	Not Known	Rural	Anthropology Study	Arab	North Africa	100	2002	https://www.allelefrequencies.net/pop6001c.asp?pop_name=Algeria%20Oran	2026-08-26
algeria-pop-2	Algeria pop 2	36º 42' N	3º 13' E	Not Known	Unknown	Anthropology Study	Arab	North Africa	106	1995	https://www.allelefrequencies.net/pop6001c.asp?pop_name=Algeria%20pop%202	2026-08-26
american-samoa	American Samoa	14º 18' S	170º 42' W	Not Known	Rural	Anthropology Study	Polynesian	Oceania	51	2002	https://www.allelefrequencies.net/pop6001c.asp?pop_name=American%20Samoa	2026-08-26
argentina-buenos-aires	Argentina Buenos Aires	34º 38' S	58º 28' W	Not Known	Urban	Anthropology Study	Caucasoid	South and Central America	466 (C = 365, DPB1 = 365, DQA1 = 365, DQB1 = 365, DRB1 = 365)	2005	https://www.allelefrequencies.net/pop6001c.asp?pop_name=Argentina%20Buenos%20Aires	2026-08-26
argentina-buenos-aires-cytokine	Argentina Buenos Aires Cytokine	34º 36' S	58º 22' W	Not Known	Unknown	Other	Caucasoid	South and Central America	54	2003	https://www.allelefrequencies.net/pop6001c.asp?pop_name=Argentina%20Buenos%20Aires%20Cytokine	2026-08-26
argentina-buenos-aires-kir	Argentina Buenos Aires KIR	34º 38' S	58º 27' W	Parents live at same location	Urban	Bone Marrow Registry	Caucasoid	South and Central America	365	2005	https://www.allelefrequencies.net/pop6001c.asp?pop_name=Argentina%20Buenos%20Aires%20KIR	2026-08-26
argentina-buenos-aires-pop-2	Argentina Buenos Aires pop 2	34º 36' S	58º 22' W	Not Known	Urban	Other	Caucasoid	South and Central America	1216 (A = 1122, B = 1137)	2003	https://www.allelefrequencies.net/pop6001c.asp?pop_name=Argentina%20Buenos%20Aires%20pop%202	2026-08-26
argentina-chaco-region-el-sauzalito-mataco	Argentina Chaco Region El Sauzalito Mataco	27º 27' S	58º 59' W	Not Known	Rural	Anthropology Study	Amerindian	South and Central America	60	1995	https://www.allelefrequencies.net/pop6001c.asp?pop_name=Argentina%20Chaco%20Region%20El%20Sauzalito%20Mataco	2026-08-26
argentina-chaco-region-wichi-kir	Argentina Chaco Region Wichi KIR	24º 0' S	61º 0' W	Grandparents live at same location	Rural	Anthropology Study	Amerindian	South and Central America	82	2005	https://www.allelefrequencies.net/pop6001c.asp?pop_name=Argentina%20Chaco%20Region%20Wichi%20KIR	2026-08-26
argentina-chiriguano	Argentina Chiriguano	23º 8' S	64º 20' W	Not Known	Rural	Anthropology Study	Amerindian	South and Central America	54	2000	https://www.allelefrequencies.net/pop6001c.asp?pop_name=Argentina%20Chiriguano	2026-08-26
argentina-chiriguano-kir	Argentina Chiriguano KIR	23º 8' S	64º 3' W	Grandparents live at same location	Rural	Anthropology Study	Amerindian	South and Central America	54	2005	https://www.allelefrequencies.net/pop6001c.asp?pop_name=Argentina%20Chiriguano%20KIR	2026-08-26
argentina-chubut-tehuelche	Argentina Chubut Tehuelche	45º 0' S	71º 0' W	Not Known	Rural	Anthropology Study	Amerindian	South and Central America	23	2007	https://www.allelefrequencies.net/pop6001c.asp?pop_name=Argentina%20Chubut%20Tehuelche	2026-08-26
argentina-corrientes	Argentina Corrientes	27º 30' S	58º 49' W	Not Known	Urban and Rural	Solid Organ Unrelated Donors	Mixed	South and Central America	155	2010	https://www.allelefrequencies.net/pop6001c.asp?pop_name=Argentina%20Corrientes	2026-08-26
argentina-cuyo-region	Argentina Cuyo Region	32º 53' S	68º 49' W	Not Known	Urban and Rural	Other	Caucasoid	South and Central America	420	2007	https://www.allelefrequencies.net/pop6001c.asp?pop_name=Argentina%20Cuyo%20Region	2026-08-26
argentina-formosa-toba-mic	Argentina Formosa Toba MIC	26º 11' S	58º 11' W	Not Known	Rural	Anthropology Study	Amerindian	South and Central America	94	2001	https://www.allelefrequencies.net/pop6001c.asp?pop_name=Argentina%20Formosa%20Toba%20MIC	2026-08-26
argentina-formosa-wichi-mic	Argentina Formosa Wichi MIC	26º 11' S	58º 11' W	Not Known	Rural	Anthropology Study	Amerindian	South and Central America	42	2001	https://www.allelefrequencies.net/pop6001c.asp?pop_name=Argentina%20Formosa%20Wichi%20MIC	2026-08-26
argentina-gran-chaco-eastern-toba	Argentina Gran Chaco Eastern Toba	26º 11' S	58º 11' W	Not Known	Rural	Anthropology Study	Amerindian	South and Central America	135 (A = 84, B = 116)	1995	https://www.allelefrequencies.net/pop6001c.asp?pop_name=Argentina%20Gran%20Chaco%20Eastern%20Toba	2026-08-26
argentina-gran-chaco-mataco-wichi	Argentina Gran Chaco Mataco Wichi	27º 27' S	58º 59' W	Not Known	Rural	Anthropology Study	Amerindian	South and Central America	49 (A = 44, B = 46)	1995	https://www.allelefrequencies.net/pop6001c.asp?pop_name=Argentina%20Gran%20Chaco%20Mataco%20Wichi	2026-08-26
argentina-gran-chaco-western-toba-pilaga	Argentina Gran Chaco Western Toba Pilaga	27º 27' S	58º 59' W	Not Known	Rural	Anthropology Study	Amerindian	South and Central America	19 (A = 10, B = 14)	1995	https://www.allelefrequencies.net/pop6001c.asp?pop_name=Argentina%20Gran%20Chaco%20Western%20Toba%20Pilaga	2026-08-26
argentina-kir	Argentina KIR	34º 36' S	58º 22' W	Not Known	Urban and Rural	Other	Caucasoid	South and Central America	102	2005	https://www.allelefrequencies.net/pop6001c.asp?pop_name=Argentina%20KIR	2026-08-26
argentina-kolla	Argentina Kolla	23º 11' S	65º 20' W	Not Known	Unknown	Anthropology Study	Amerindian	South and Central America	61	1995	https://www.allelefrequencies.net/pop6001c.asp?pop_name=Argentina%20Kolla	2026-08-26
argentina-la-plata	Argentina La Plata	34º 55' S	57º 57' W	Grandparents live at same location	Urban	Blood Donor	Caucasoid	South and Central America	100	2002	https://www.allelefrequencies.net/pop6001c.asp?pop_name=Argentina%20La%20Plata	2026-08-26
argentina-mapuche	Argentina Mapuche	38º 57' S	68º 14' W	Not Known	Unknown	Anthropology Study	Amerindian	South and Central America	48 (DQA1 = 17, DRB1 = 43)	1995	https://www.allelefrequencies.net/pop6001c.asp?pop_name=Argentina%20Mapuche	2026-08-26
argentina-rio-negro-mapuche	Argentina Rio Negro Mapuche	39º 30' S	68º 57' W	Not Known	Rural	Anthropology Study	Amerindian	South and Central America	34	2007	https://www.allelefrequencies.net/pop6001c.asp?pop_name=Argentina%20Rio%20Negro%20Mapuche	2026-08-26
argentina-rosario-toba	Argentina Rosario Toba	32º 57' S	60º 39' W	Not Known	Rural	Anthropology Study	Amerindian	South and Central America	86	2000	https://www.allelefrequencies.net/pop6001c.asp?pop_name=Argentina%20Rosario%20Toba	2026-08-26
argentina-salta-wichi	Argentina Salta Wichi	22º 17' S	63º 42' W	Not Known	Rural	Anthropology Study	Amerindian	South and Central America	24	2007	https://www.allelefrequencies.net/pop6001c.asp?pop_name=Argentina%20Salta%20Wichi	2026-08-26
argentina-salta-wichi-kir	Argentina Salta Wichi KIR	23º 8' S	64º 2' W	Grandparents live at same location	Rural	Anthropology Study	Amerindian	South and Central America	19	2005	https://www.allelefrequencies.net/pop6001c.asp?pop_name=Argentina%20Salta%20Wichi%20KIR	2026-08-26
argentina-salta-wichi-pop-2	Argentina Salta Wichi pop 2	23º 8' S	64º 20' W	Not Known	Rural	Anthropology Study	Amerindian	South and Central America	19	2000	https://www.allelefrequencies.net/pop6001c.asp?pop_name=Argentina%20Salta%20Wichi%20pop%202	2026-08-26
armenia-ghegharkunik	Armenia Ghegharkunik	40º 11' N	44º 31' E	Grandparents live at same location	Urban and Rural	Bone Marrow Registry	Arab	Western Asia	242	2011	https://www.allelefrequencies.net/pop6001c.asp?pop_name=Armenia%20Ghegharkunik	2026-08-26
armenia-lori	Armenia Lori	40º 11' N	44º 31' E	Grandparents live at same location	Urban and Rural	Bone Marrow Registry	Arab	Western Asia	102	2011	https://www.allelefrequencies.net/pop6001c.asp?pop_name=Armenia%20Lori	2026-08-26
armenia-shirak	Armenia Shirak	40º 11' N	44º 31' E	Grandparents live at same location	Urban and Rural	Bone Marrow Registry	Arab	Western Asia	76	2011	https://www.allelefrequencies.net/pop6001c.asp?pop_name=Armenia%20Shirak	2026-08-26
armenia-syunik	Armenia Syunik	40º 11' N	44º 31' E	Grandparents live at same location	Urban and Rural	Bone Marrow Registry	Arab	Western Asia	117	2011	https://www.allelefrequencies.net/pop6001c.asp?pop_name=Armenia%20Syunik	2026-08-26
armenia-yerevan	Armenia Yerevan	40º 11' N	44º 31' E	Grandparents live at same location	Urban and Rural	Bone Marrow Registry	Arab	Western Asia	445	2011	https://www.allelefrequencies.net/pop6001c.asp?pop_name=Armenia%20Yerevan	2026-08-26
armenia-combined-regions	Armenia combined Regions	40º 11' N	44º 31' E	Grandparents live at same location	Urban and Rural	Bone Marrow Registry	Arab	Western Asia	100	2011	https://www.allelefrequencies.net/pop6001c.asp?pop_name=Armenia%20combined%20Regions	2026-08-26
armenia-living-in-iran	Armenia living in  Iran	40º 11' N	44º 31' E	Grandparents live at same location	Urban and Rural	Bone Marrow Registry	Arab	Western Asia	85	2011	https://www.allelefrequencies.net/pop6001c.asp?pop_name=Armenia%20living%20in%20%20Iran	2026-08-26
armenia-living-in-karabakh	Armenia living in Karabakh	40º 11' N	44º 31' E	Grandparents live at same location	Urban and Rural	Bone Marrow Registry	Arab	Western Asia	445	2011	https://www.allelefrequencies.net/pop6001c.asp?pop_name=Armenia%20living%20in%20Karabakh	2026-08-26
armenia-living-in-lebanon	Armenia living in Lebanon	40º 11' N	44º 31' E	Grandparents live at same location	Urban and Rural	Bone Marrow Registry	Arab	Western Asia	368	2011	https://www.allelefrequencies.net/pop6001c.asp?pop_name=Armenia%20living%20in%20Lebanon	2026-08-26
armenia-living-in-usa	Armenia living in USA	40º 11' N	44º 31' E	Grandparents live at same location	Urban and Rural	Bone Marrow Registry	Arab	Western Asia	233	2011	https://www.allelefrequencies.net/pop6001c.asp?pop_name=Armenia%20living%20in%20USA	2026-08-26
australia-cape-york-peninsula-aborigine	Australia Cape York Peninsula Aborigine	10º 41' S	142º 32' E	Not Known	Rural	Anthropology Study	Aust. Aboriginal	Australia	103 (B = 100, C = 89, DPB1 = 99, DQA1 = 99, DQB1 = 99, DRB1 = 99)	1995	https://www.allelefrequencies.net/pop6001c.asp?pop_name=Australia%20Cape%20York%20Peninsula%20Aborigine	2026-08-26
australia-groote-eylandt-aborigine	Australia Groote Eylandt Aborigine	13º 58' S	136º 35' E	Not Known	Rural	Anthropology Study	Aust. Aboriginal	Australia	75	1995	https://www.allelefrequencies.net/pop6001c.asp?pop_name=Australia%20Groote%20Eylandt%20Aborigine	2026-08-26
australia-kimberly-aborigine	Australia Kimberly Aborigine	15º 46' S	128º 44' E	Not Known	Rural	Anthropology Study	Aust. Aboriginal	Australia	41 (A = 36, B = 38, C = 28, DPB1 = 38)	1995	https://www.allelefrequencies.net/pop6001c.asp?pop_name=Australia%20Kimberly%20Aborigine	2026-08-26
australia-new-south-wales-aborigine	Australia New South Wales Aborigine	34º 0' S	147º 0' E	Not Known	Urban and Rural	Anthropology Study	Aust. Aboriginal	Australia	177	1996	https://www.allelefrequencies.net/pop6001c.asp?pop_name=Australia%20New%20South%20Wales%20Aborigine	2026-08-26
australia-new-south-wales-caucasian	Australia New South Wales Caucasian	33º 0' S	146º 0' E	Not Known	Urban and Rural	Anthropology Study	Caucasoid	Australia	134	1996	https://www.allelefrequencies.net/pop6001c.asp?pop_name=Australia%20New%20South%20Wales%20Caucasian	2026-08-26
australia-queensland-brisbane-kir	Australia Queensland Brisbane KIR	27º 28' S	153º 1' E	Not Known	Unknown	Controls for Disease Study	Caucasoid	Australia	106	2012	https://www.allelefrequencies.net/pop6001c.asp?pop_name=Australia%20Queensland%20Brisbane%20KIR	2026-08-26
australia-south-aborigine-kir	Australia South Aborigine KIR	33º 55' S	151º 12' E	Not Known	Unknown	Anthropology Study	Aust. Aboriginal	Australia	67	1999	https://www.allelefrequencies.net/pop6001c.asp?pop_name=Australia%20South%20Aborigine%20KIR	2026-08-26
australia-south-and-east-caucasian	Australia South and East Caucasian	37º 48' S	144º 57' E	Not Known	Urban and Rural	Bone Marrow Registry	Caucasoid	Australia	1210	2008	https://www.allelefrequencies.net/pop6001c.asp?pop_name=Australia%20South%20and%20East%20Caucasian	2026-08-26
australia-west-caucasian	Australia West Caucasian	31º 5' S	115º 5' E	Not Known	Urban	Blood Donor	Caucasoid	Australia	891	2002	https://www.allelefrequencies.net/pop6001c.asp?pop_name=Australia%20West%20Caucasian	2026-08-26
australia-west-caucasian-kir	Australia West Caucasian KIR	31º 57' S	115º 51' E	Not Known	Urban and Rural	Bone Marrow Registry	Caucasoid	Australia	50	1998	https://www.allelefrequencies.net/pop6001c.asp?pop_name=Australia%20West%20Caucasian%20KIR	2026-08-26
australia-yuendumu-aborigine	Australia Yuendumu Aborigine	22º 15' S	131º 47' E	Not Known	Rural	Anthropology Study	Aust. Aboriginal	Australia	191 (DRB1 = 119)	1995	https://www.allelefrequencies.net/pop6001c.asp?pop_name=Australia%20Yuendumu%20Aborigine	2026-08-26
austria	Austria	48º 13' N	16º 21' E	Not Known	Urban	Blood Donor	Caucasoid	Europe	200	2007	https://www.allelefrequencies.net/pop6001c.asp?pop_name=Austria	2026-08-26
austria-cord-bloods	Austria Cord Bloods	47º 4' N	15º 26' E	Not Known	Urban and Rural	Bone Marrow Registry	Caucasoid	Europe	1368	2013	https://www.allelefrequencies.net/pop6001c.asp?pop_name=Austria%20Cord%20Bloods	2026-08-26
austria-pop-2	Austria pop 2	48º 12' N	16º 21' E	Not Known	Unknown	Anthropology Study	Caucasoid	Europe	490	1995	https://www.allelefrequencies.net/pop6001c.asp?pop_name=Austria%20pop%202	2026-08-26
azerbaijan	Azerbaijan	40º 39' N	47º 47' W	Not Known	Urban and Rural	Bone Marrow Registry	Caucasoid	Western Asia	2301	2025	https://www.allelefrequencies.net/pop6001c.asp?pop_name=Azerbaijan	2026-08-26
azores	Azores	37º 44' N	25º 40' W	Not Known	Unknown	Bone Marrow Registry	Caucasoid	Europe	1050	2009	https://www.allelefrequencies.net/pop6001c.asp?pop_name=Azores	2026-08-26
azores-central-islands	Azores Central Islands	38º 0' N	28º 0' W	Grandparents live at same location	Urban and Rural	Anthropology Study	Caucasoid	Europe	59	2004	https://www.allelefrequencies.net/pop6001c.asp?pop_name=Azores%20Central%20Islands	2026-08-26
azores-oriental-islands	Azores Oriental Islands	36º 58' N	25º 6' W	Grandparents live at same location	Urban and Rural	Anthropology Study	Caucasoid	Europe	43	2004	https://www.allelefrequencies.net/pop6001c.asp?pop_name=Azores%20Oriental%20Islands	2026-08-26
azores-terceira-island	Azores Terceira Island	38º 44' N	27º 19' W	Parents live at same location	Urban and Rural	Anthropology Study	Caucasoid	Europe	130	2007	https://www.allelefrequencies.net/pop6001c.asp?pop_name=Azores%20Terceira%20Island	2026-08-26
bangladesh-dhaka-bangalee	Bangladesh Dhaka Bangalee	23º 42' N	90º 22' E	Not Known	Urban and Rural	Anthropology Study	Asian	South Asia	141	2006	https://www.allelefrequencies.net/pop6001c.asp?pop_name=Bangladesh%20Dhaka%20Bangalee	2026-08-26
belarus-brest-region	Belarus Brest Region	52º 0' N	24º 0' E	Parents live at same location	Rural	Anthropology Study	Caucasoid	Europe	105	2000	https://www.allelefrequencies.net/pop6001c.asp?pop_name=Belarus%20Brest%20Region	2026-08-26
belarus-gomel-region	Belarus Gomel Region	53º 54' N	28º 0' E	Parents live at same location	Rural	Anthropology Study	Caucasoid	Europe	100	2000	https://www.allelefrequencies.net/pop6001c.asp?pop_name=Belarus%20Gomel%20Region	2026-08-26
belarus-vitebsk-region	Belarus Vitebsk Region	55º 0' N	30º 0' E	Parents live at same location	Rural	Anthropology Study	Caucasoid	Europe	70	2000	https://www.allelefrequencies.net/pop6001c.asp?pop_name=Belarus%20Vitebsk%20Region	2026-08-26
belgium	Belgium	50º 50' N	4º 21' E	Not Known	Unknown	Anthropology Study	Caucasoid	Europe	99	1997	https://www.allelefrequencies.net/pop6001c.asp?pop_name=Belgium	2026-08-26
belgium-kir	Belgium KIR	50º 0' N	5º 0' E	Not Known	Urban and Rural	Blood Donor	Caucasoid	Europe	148	2001	https://www.allelefrequencies.net/pop6001c.asp?pop_name=Belgium%20KIR	2026-08-26
belgium-kir-pop-2	Belgium KIR pop 2	51º 2' N	3º 3' E	Not Known	Unknown	Other	Caucasoid	Europe	100	2004	https://www.allelefrequencies.net/pop6001c.asp?pop_name=Belgium%20KIR%20pop%202	2026-08-26
belgium-pop-2	Belgium pop 2	50º 50' N	4º 21' E	Not Known	Urban and Rural	Controls for Disease Study	Caucasoid	Europe	715	2002	https://www.allelefrequencies.net/pop6001c.asp?pop_name=Belgium%20pop%202	2026-08-26
belgium-pop-3	Belgium pop 3	51º 2' N	4º 28' E	Not Known	Urban and Rural	Bone Marrow Registry	Unknown	Europe	31412	2022	https://www.allelefrequencies.net/pop6001c.asp?pop_name=Belgium%20pop%203	2026-08-26
bolivia-la-paz-aymaras	Bolivia La Paz Aymaras	16º 29' S	68º 7' W	Grandparents live at same location	Rural	Anthropology Study	Amerindian	South and Central America	87	2018	https://www.allelefrequencies.net/pop6001c.asp?pop_name=Bolivia%20La%20Paz%20Aymaras	2026-08-26
bolivia-quechua	Bolivia Quechua	16º 30' S	68º 9' W	Grandparents live at same location	Urban	Anthropology Study	Amerindian	South and Central America	69	2019	https://www.allelefrequencies.net/pop6001c.asp?pop_name=Bolivia%20Quechua	2026-08-26
bolivia-chile-aymara-na-dhs-13-g	Bolivia/Chile Aymara NA-DHS_13 (G)	22º 0' S	70º 0' W	Not Known	Rural	Anthropology Study	Amerindian	South and Central America	20	2008	https://www.allelefrequencies.net/pop6001c.asp?pop_name=Bolivia/Chile%20Aymara%20NA-DHS_13%20%28G%29	2026-08-26
bolivia-peru-quechua-na-dhs-12-g	Bolivia/Peru Quechua NA-DHS_12 (G)	14º 0' S	74º 0' W	Not Known	Rural	Anthropology Study	Amerindian	South and Central America	21	2008	https://www.allelefrequencies.net/pop6001c.asp?pop_name=Bolivia/Peru%20Quechua%20NA-DHS_12%20%28G%29	2026-08-26
borneo-bandjarmasin	Borneo Bandjarmasin	3º 20' S	114º 35' E	Not Known	Urban	Anthropology Study	Austronesian	Oceania	21	1998	https://www.allelefrequencies.net/pop6001c.asp?pop_name=Borneo%20Bandjarmasin	2026-08-26
borneo-kalimantan-kir	Borneo Kalimantan KIR	2º 13' S	113º 55' E	Not Known	Rural	Anthropology Study	Austronesian	Oceania	48	2007	https://www.allelefrequencies.net/pop6001c.asp?pop_name=Borneo%20Kalimantan%20KIR	2026-08-26
bosnia-and-herzegovina	Bosnia and Herzegovina	43º 52' N	18º 25' E	Not Known	Unknown	Solid Organ Unrelated Donors	Caucasoid	Europe	134	2008	https://www.allelefrequencies.net/pop6001c.asp?pop_name=Bosnia%20and%20Herzegovina	2026-08-26
bosnia-and-herzegovina-pop-2	Bosnia and Herzegovina pop 2	44º 32' N	18º 41' E	Not Known	Unknown	Solid Organ Unrelated Donors	Caucasoid	Europe	120	2012	https://www.allelefrequencies.net/pop6001c.asp?pop_name=Bosnia%20and%20Herzegovina%20pop%202	2026-08-26
brazil-paran-caucasian	Brazil   Paraná Caucasian	23º 25' S	51º 55' W	Not Known	Urban and Rural	Blood Donor	Caucasoid	South and Central America	641	2014	https://www.allelefrequencies.net/pop6001c.asp?pop_name=Brazil%20%20%20Paran%C3%A1%20Caucasian	2026-08-26
brazil-puyanawa	Brazil  Puyanawa	10º 52' S	53º 5' W	Not Known	Urban and Rural	Disease Study Patients	Other	South and Central America	150	2016	https://www.allelefrequencies.net/pop6001c.asp?pop_name=Brazil%20%20Puyanawa	2026-08-26
brazil-amazon-kir	Brazil Amazon KIR	6º 49' S	35º 45' W	Not Known	Rural	Anthropology Study	Amerindian	South and Central America	40	2006	https://www.allelefrequencies.net/pop6001c.asp?pop_name=Brazil%20Amazon%20KIR	2026-08-26
brazil-bahia-ilh-us-kir	Brazil Bahia Ilhéus KIR	14º 47' S	39º 2' W	Not Known	Urban and Rural	Anthropology Study	Mixed	South and Central America	102	2018	https://www.allelefrequencies.net/pop6001c.asp?pop_name=Brazil%20Bahia%20Ilh%C3%A9us%20KIR	2026-08-26
brazil-barra-mansa-rio-state-black	Brazil Barra Mansa Rio State Black	22º 32' S	44º 10' W	Not Known	Urban	Bone Marrow Registry	Unknown	South and Central America	73 (C = 70, DPA1 = 35, DPB1 = 62, DQB1 = 70)	2017	https://www.allelefrequencies.net/pop6001c.asp?pop_name=Brazil%20Barra%20Mansa%20Rio%20State%20Black	2026-08-26
brazil-barra-mansa-rio-state-caucasian	Brazil Barra Mansa Rio State Caucasian	22º 32' S	44º 10' W	Not Known	Urban	Bone Marrow Registry	Caucasoid	South and Central America	405 (C = 369, DPA1 = 218, DPB1 = 338, DQB1 = 374)	2017	https://www.allelefrequencies.net/pop6001c.asp?pop_name=Brazil%20Barra%20Mansa%20Rio%20State%20Caucasian	2026-08-26
brazil-belem-mixed	Brazil Belem Mixed	1º 27' S	48º 30' W	Not Known	Urban	Controls for Disease Study	Mixed	South and Central America	100	2010	https://www.allelefrequencies.net/pop6001c.asp?pop_name=Brazil%20Belem%20Mixed	2026-08-26
brazil-belem-mixed-kir	Brazil Belem Mixed KIR	1º 27' S	48º 30' W	Not Known	Unknown	Controls for Disease Study	Mixed	South and Central America	347	2010	https://www.allelefrequencies.net/pop6001c.asp?pop_name=Brazil%20Belem%20Mixed%20KIR	2026-08-26
brazil-belo-horizonte-caucasian	Brazil Belo Horizonte Caucasian	19º 55' S	43º 56' W	Not Known	Urban	Anthropology Study	Caucasoid	South and Central America	95	2000	https://www.allelefrequencies.net/pop6001c.asp?pop_name=Brazil%20Belo%20Horizonte%20Caucasian	2026-08-26
brazil-belo-horizonte-caucasian-kir	Brazil Belo Horizonte Caucasian KIR	19º 55' S	43º 55' W	Not Known	Urban	Other	Caucasoid	South and Central America	90	2004	https://www.allelefrequencies.net/pop6001c.asp?pop_name=Brazil%20Belo%20Horizonte%20Caucasian%20KIR	2026-08-26
brazil-central-plateau-xavante	Brazil Central Plateau Xavante	15º 35' S	56º 5' W	Not Known	Rural	Anthropology Study	Amerindian	South and Central America	74	1995	https://www.allelefrequencies.net/pop6001c.asp?pop_name=Brazil%20Central%20Plateau%20Xavante	2026-08-26
brazil-curitiba-japanese-kir	Brazil Curitiba Japanese KIR	25º 25' S	49º 16' W	Not Known	Urban	Anthropology Study	Asian	South and Central America	51	2015	https://www.allelefrequencies.net/pop6001c.asp?pop_name=Brazil%20Curitiba%20Japanese%20KIR	2026-08-26
brazil-curitiba-kir	Brazil Curitiba KIR	25º 25' S	49º 16' W	Not Known	Urban	Anthropology Study	Caucasoid	South and Central America	164	2009	https://www.allelefrequencies.net/pop6001c.asp?pop_name=Brazil%20Curitiba%20KIR	2026-08-26
brazil-curitiba-parana-mixed	Brazil Curitiba-Parana Mixed	25º 25' S	49º 16' W	Not Known	Urban	Anthropology Study	Mixed	South and Central America	264	2013	https://www.allelefrequencies.net/pop6001c.asp?pop_name=Brazil%20Curitiba-Parana%20Mixed	2026-08-26
brazil-east-amazon	Brazil East Amazon	3º 6' S	60º 1' W	Not Known	Rural	Anthropology Study	Amerindian	South and Central America	41	2001	https://www.allelefrequencies.net/pop6001c.asp?pop_name=Brazil%20East%20Amazon	2026-08-26
brazil-guarani-kaiowa	Brazil Guarani Kaiowa	23º 0' S	55º 0' W	Not Known	Rural	Anthropology Study	Amerindian	South and Central America	155	2000	https://www.allelefrequencies.net/pop6001c.asp?pop_name=Brazil%20Guarani%20Kaiowa	2026-08-26
brazil-guarani-kaiow-kir	Brazil Guarani Kaiowá KIR	23º 6' S	55º 12' W	Parents live at same location	Rural	Anthropology Study	Amerindian	South and Central America	96	2012	https://www.allelefrequencies.net/pop6001c.asp?pop_name=Brazil%20Guarani%20Kaiow%C3%A1%20KIR	2026-08-26
brazil-guarani-m-bya	Brazil Guarani M bya	25º 0' S	52º 0' W	Not Known	Rural	Anthropology Study	Amerindian	South and Central America	93	2002	https://www.allelefrequencies.net/pop6001c.asp?pop_name=Brazil%20Guarani%20M%20bya	2026-08-26
brazil-guarani-mby-kir	Brazil Guarani MByá KIR	25º 18' S	52º 32' W	Parents live at same location	Rural	Anthropology Study	Amerindian	South and Central America	81	2012	https://www.allelefrequencies.net/pop6001c.asp?pop_name=Brazil%20Guarani%20MBy%C3%A1%20KIR	2026-08-26
brazil-guarani-nandeva	Brazil Guarani Nandeva	23º 0' S	54º 0' W	Not Known	Rural	Anthropology Study	Amerindian	South and Central America	86	2000	https://www.allelefrequencies.net/pop6001c.asp?pop_name=Brazil%20Guarani%20Nandeva	2026-08-26
brazil-guarani-andeva-kir	Brazil Guarani Ñandeva KIR	23º 48' S	54º 30' W	Parents live at same location	Rural	Anthropology Study	Amerindian	South and Central America	50	2012	https://www.allelefrequencies.net/pop6001c.asp?pop_name=Brazil%20Guarani%20%C3%91andeva%20KIR	2026-08-26
brazil-kaingang	Brazil Kaingang	24º 30' S	51º 40' W	Not Known	Rural	Anthropology Study	Amerindian	South and Central America	235	2000	https://www.allelefrequencies.net/pop6001c.asp?pop_name=Brazil%20Kaingang	2026-08-26
brazil-kaingang-kir	Brazil Kaingang KIR	25º 18' S	52º 32' W	Parents live at same location	Rural	Anthropology Study	Amerindian	South and Central America	100	2012	https://www.allelefrequencies.net/pop6001c.asp?pop_name=Brazil%20Kaingang%20KIR	2026-08-26
brazil-limao-verde-and-corrego-reserve-terena-mic	Brazil Limao Verde and Corrego Reserve Terena MIC	15º 35' S	56º 5' W	Not Known	Rural	Anthropology Study	Amerindian	South and Central America	60	2001	https://www.allelefrequencies.net/pop6001c.asp?pop_name=Brazil%20Limao%20Verde%20and%20Corrego%20Reserve%20Terena%20MIC	2026-08-26
brazil-mato-grosso-do-sul	Brazil Mato Grosso do Sul	15º 47' S	47º 52' W	Parents live at same location	Unknown	Controls for Disease Study	Mixed	South and Central America	203	2013	https://www.allelefrequencies.net/pop6001c.asp?pop_name=Brazil%20Mato%20Grosso%20do%20Sul	2026-08-26
brazil-mato-grosso-do-sul-campo-grande-kir	Brazil Mato Grosso do Sul Campo Grande KIR	20º 27' S	54º 36' W	Not Known	Urban and Rural	Controls for Disease Study	Mixed	South and Central America	206	2011	https://www.allelefrequencies.net/pop6001c.asp?pop_name=Brazil%20Mato%20Grosso%20do%20Sul%20Campo%20Grande%20KIR	2026-08-26
brazil-mato-grosso-do-sul-kaiowa-mic	Brazil Mato Grosso do Sul Kaiowa MIC	23º 12' S	55º 6' W	Not Known	Urban	Anthropology Study	Amerindian	South and Central America	174	2007	https://www.allelefrequencies.net/pop6001c.asp?pop_name=Brazil%20Mato%20Grosso%20do%20Sul%20Kaiowa%20MIC	2026-08-26
brazil-mato-grosso-do-sul-nandeva-mic	Brazil Mato Grosso do Sul Nandeva MIC	23º 6' S	55º 12' W	Not Known	Rural	Anthropology Study	Amerindian	South and Central America	89	2007	https://www.allelefrequencies.net/pop6001c.asp?pop_name=Brazil%20Mato%20Grosso%20do%20Sul%20Nandeva%20MIC	2026-08-26
brazil-minas-gerais-state-mixed	Brazil Minas Gerais State Mixed	19º 49' S	43º 57' W	Not Known	Unknown	Bone Marrow Registry	Mixed	South and Central America	1000	2006	https://www.allelefrequencies.net/pop6001c.asp?pop_name=Brazil%20Minas%20Gerais%20State%20Mixed	2026-08-26
brazil-mixed	Brazil Mixed	23º 10' S	47º 48' W	Not Known	Urban	Anthropology Study	Mixed	South and Central America	108	2002	https://www.allelefrequencies.net/pop6001c.asp?pop_name=Brazil%20Mixed	2026-08-26
brazil-north-east-mixed	Brazil North East Mixed	8º 0' S	40º 0' W	Not Known	Urban	Other	Mixed	South and Central America	205	1998	https://www.allelefrequencies.net/pop6001c.asp?pop_name=Brazil%20North%20East%20Mixed	2026-08-26
brazil-para-cord-blood-unit	Brazil Para Cord Blood Unit	6º 0' S	52º 0' W	Not Known	Unknown	Other	Unknown	South and Central America	841	2021	https://www.allelefrequencies.net/pop6001c.asp?pop_name=Brazil%20Para%20Cord%20Blood%20Unit	2026-08-26
brazil-para-state	Brazil Para State	6º 0' S	52º 0' W	Not Known	Urban and Rural	Bone Marrow Registry	Unknown	South and Central America	5000 ( = 841, A = 841, B = 841, DRB1 = 841)	2022	https://www.allelefrequencies.net/pop6001c.asp?pop_name=Brazil%20Para%20State	2026-08-26
brazil-parana-afro-brazilian	Brazil Parana Afro Brazilian	25º 0' S	49º 0' W	Not Known	Urban and Rural	Bone Marrow Registry	Black	South and Central America	77	2004	https://www.allelefrequencies.net/pop6001c.asp?pop_name=Brazil%20Parana%20Afro%20Brazilian	2026-08-26
brazil-parana-cafuzo	Brazil Parana Cafuzo	25º 0' S	49º 0' W	Not Known	Urban and Rural	Bone Marrow Registry	Mixed	South and Central America	319	2004	https://www.allelefrequencies.net/pop6001c.asp?pop_name=Brazil%20Parana%20Cafuzo	2026-08-26
brazil-parana-caucasian	Brazil Parana Caucasian	25º 0' S	49º 0' W	Not Known	Urban and Rural	Bone Marrow Registry	Caucasoid	South and Central America	2775	2004	https://www.allelefrequencies.net/pop6001c.asp?pop_name=Brazil%20Parana%20Caucasian	2026-08-26
brazil-parana-japanese	Brazil Parana Japanese	22º 29' S	48º 2' W	Grandparents live at same location	Urban	Other	Oriental	South and Central America	192	2016	https://www.allelefrequencies.net/pop6001c.asp?pop_name=Brazil%20Parana%20Japanese	2026-08-26
brazil-parana-japanese-kir	Brazil Parana Japanese KIR	22º 26' S	48º 54' W	Grandparents live at same location	Urban	Other	Oriental	South and Central America	214	2013	https://www.allelefrequencies.net/pop6001c.asp?pop_name=Brazil%20Parana%20Japanese%20KIR	2026-08-26
brazil-parana-japanese-mic	Brazil Parana Japanese MIC	22º 26' S	48º 54' W	Grandparents live at same location	Urban	Other	Oriental	South and Central America	190	2017	https://www.allelefrequencies.net/pop6001c.asp?pop_name=Brazil%20Parana%20Japanese%20MIC	2026-08-26
brazil-parana-kaingang-mic	Brazil Parana Kaingang MIC	24º 30' S	51º 40' W	Not Known	Rural	Anthropology Study	Amerindian	South and Central America	245	2007	https://www.allelefrequencies.net/pop6001c.asp?pop_name=Brazil%20Parana%20Kaingang%20MIC	2026-08-26
brazil-parana-mixed	Brazil Parana Mixed	25º 25' S	49º 15' W	Not Known	Unknown	Solid Organ Unrelated Donors	Mixed	South and Central America	52	2008	https://www.allelefrequencies.net/pop6001c.asp?pop_name=Brazil%20Parana%20Mixed	2026-08-26
brazil-parana-mixed-cytokine	Brazil Parana Mixed Cytokine	23º 0' S	51º 0' W	Not Known	Urban and Rural	Controls for Disease Study	Mixed	South and Central America	823	2012	https://www.allelefrequencies.net/pop6001c.asp?pop_name=Brazil%20Parana%20Mixed%20Cytokine	2026-08-26
brazil-parana-mixed-kir	Brazil Parana Mixed KIR	24º 0' S	51º 0' W	Not Known	Urban and Rural	Controls for Disease Study	Mixed	South and Central America	289	2006	https://www.allelefrequencies.net/pop6001c.asp?pop_name=Brazil%20Parana%20Mixed%20KIR	2026-08-26
brazil-parana-mixed-kir-pop-2	Brazil Parana Mixed KIR pop 2	24º 0' S	51º 0' W	Not Known	Unknown	Controls for Disease Study	Mixed	South and Central America	172	0	https://www.allelefrequencies.net/pop6001c.asp?pop_name=Brazil%20Parana%20Mixed%20KIR%20pop%202	2026-08-26
brazil-parana-mixed-mic	Brazil Parana Mixed MIC	24º 0' S	51º 0' W	Not Known	Unknown	Controls for Disease Study	Mixed	South and Central America	201	2011	https://www.allelefrequencies.net/pop6001c.asp?pop_name=Brazil%20Parana%20Mixed%20MIC	2026-08-26
brazil-parana-mixed-race	Brazil Parana Mixed race	25º 0' S	49º 0' W	Not Known	Urban and Rural	Bone Marrow Registry	Mixed	South and Central America	186	2004	https://www.allelefrequencies.net/pop6001c.asp?pop_name=Brazil%20Parana%20Mixed%20race	2026-08-26
brazil-parana-oriental	Brazil Parana Oriental	25º 0' S	49º 0' W	Not Known	Urban and Rural	Bone Marrow Registry	Oriental	South and Central America	33	2004	https://www.allelefrequencies.net/pop6001c.asp?pop_name=Brazil%20Parana%20Oriental	2026-08-26
brazil-paran-maringa-kir	Brazil Paraná Maringa KIR	23º 25' S	51º 56' W	Not Known	Urban	Controls for Disease Study	Mixed	South and Central America	130	2017	https://www.allelefrequencies.net/pop6001c.asp?pop_name=Brazil%20Paran%C3%A1%20Maringa%20KIR	2026-08-26
brazil-pernambuco-mixed	Brazil Pernambuco Mixed	8º 3' S	34º 54' W	Parents live at same location	Urban and Rural	Controls for Disease Study	Mixed	South and Central America	101	2003	https://www.allelefrequencies.net/pop6001c.asp?pop_name=Brazil%20Pernambuco%20Mixed	2026-08-26
brazil-piaui-mixed	Brazil Piaui Mixed	2º 44' S	40º 25' W	Not Known	Urban and Rural	Bone Marrow Registry	Mixed	South and Central America	21943	2011	https://www.allelefrequencies.net/pop6001c.asp?pop_name=Brazil%20Piaui%20Mixed	2026-08-26
brazil-porto-alegre-caucasian-kir	Brazil Porto Alegre Caucasian KIR	30º 1' S	51º 13' W	Not Known	Urban	Controls for Disease Study	Caucasoid	South and Central America	250	2005	https://www.allelefrequencies.net/pop6001c.asp?pop_name=Brazil%20Porto%20Alegre%20Caucasian%20KIR	2026-08-26
brazil-porto-alegre-caucasian-kir-pop-2	Brazil Porto Alegre Caucasian KIR pop 2	30º 1' S	51º 13' W	Not Known	Urban and Rural	Controls for Disease Study	Caucasoid	South and Central America	216	2015	https://www.allelefrequencies.net/pop6001c.asp?pop_name=Brazil%20Porto%20Alegre%20Caucasian%20KIR%20pop%202	2026-08-26
brazil-porto-alegre-caucasian-kir-pop-3	Brazil Porto Alegre Caucasian KIR pop 3	30º 1' S	51º 13' W	Not Known	Unknown	Controls for Disease Study	Caucasoid	South and Central America	278	2011	https://www.allelefrequencies.net/pop6001c.asp?pop_name=Brazil%20Porto%20Alegre%20Caucasian%20KIR%20pop%203	2026-08-26
brazil-redome-acre	Brazil REDOME Acre	9º 11' S	70º 52' W	Not Known	Unknown	Bone Marrow Registry	Mixed	South and Central America	859	0	https://www.allelefrequencies.net/pop6001c.asp?pop_name=Brazil%20REDOME%20Acre	2026-08-26
brazil-redome-alagoas	Brazil REDOME Alagoas	9º 57' S	36º 55' W	Not Known	Unknown	Bone Marrow Registry	Mixed	South and Central America	25349 (B = 24539, DRB1 = 22960)	0	https://www.allelefrequencies.net/pop6001c.asp?pop_name=Brazil%20REDOME%20Alagoas	2026-08-26
brazil-redome-amapa	Brazil REDOME Amapa	1º 0' N	52º 0' W	Not Known	Unknown	Bone Marrow Registry	Mixed	South and Central America	17864 (A = 11388)	2014	https://www.allelefrequencies.net/pop6001c.asp?pop_name=Brazil%20REDOME%20Amapa	2026-08-26
brazil-redome-amazonas	Brazil REDOME Amazonas	5º 0' S	63º 0' W	Not Known	Unknown	Bone Marrow Registry	Mixed	South and Central America	24129 (A = 23629, DRB1 = 22283)	0	https://www.allelefrequencies.net/pop6001c.asp?pop_name=Brazil%20REDOME%20Amazonas	2026-08-26
brazil-redome-bahia	Brazil REDOME Bahia	12º 31' S	41º 41' W	Not Known	Unknown	Bone Marrow Registry	Mixed	South and Central America	47399 (A = 38453, DRB1 = 44474)	2014	https://www.allelefrequencies.net/pop6001c.asp?pop_name=Brazil%20REDOME%20Bahia	2026-08-26
brazil-redome-ceara	Brazil REDOME Ceara	5º 5' S	39º 39' W	Not Known	Unknown	Bone Marrow Registry	Mixed	South and Central America	101217 (A = 83046, DRB1 = 100173)	2014	https://www.allelefrequencies.net/pop6001c.asp?pop_name=Brazil%20REDOME%20Ceara	2026-08-26
brazil-redome-espirito-santo	Brazil REDOME Espirito Santo	20º 19' S	40º 20' W	Not Known	Unknown	Bone Marrow Registry	Mixed	South and Central America	88485 (A = 88370, DRB1 = 80275)	2014	https://www.allelefrequencies.net/pop6001c.asp?pop_name=Brazil%20REDOME%20Espirito%20Santo	2026-08-26
brazil-redome-federal-district	Brazil REDOME Federal District	15º 46' S	47º 56' W	Not Known	Unknown	Bone Marrow Registry	Mixed	South and Central America	29549 (A = 27281)	2014	https://www.allelefrequencies.net/pop6001c.asp?pop_name=Brazil%20REDOME%20Federal%20District	2026-08-26
brazil-redome-goias	Brazil REDOME Goias	15º 56' S	50º 8' W	Not Known	Unknown	Bone Marrow Registry	Mixed	South and Central America	88574 (A = 174089, B = 78845)	2014	https://www.allelefrequencies.net/pop6001c.asp?pop_name=Brazil%20REDOME%20Goias	2026-08-26
brazil-redome-maranhao	Brazil REDOME Maranhao	2º 31' S	44º 18' W	Not Known	Unknown	Bone Marrow Registry	Mixed	South and Central America	10180 (A = 9577)	2014	https://www.allelefrequencies.net/pop6001c.asp?pop_name=Brazil%20REDOME%20Maranhao	2026-08-26
brazil-redome-mato-grosso	Brazil REDOME Mato Grosso	15º 35' S	56º 4' W	Not Known	Unknown	Bone Marrow Registry	Mixed	South and Central America	34649 (B = 33007, DRB1 = 32021)	2014	https://www.allelefrequencies.net/pop6001c.asp?pop_name=Brazil%20REDOME%20Mato%20Grosso	2026-08-26
brazil-redome-mato-grosso-do-sul	Brazil REDOME Mato Grosso do Sul	20º 26' S	54º 38' W	Not Known	Unknown	Bone Marrow Registry	Mixed	South and Central America	95667 (B = 88803, DRB1 = 92008)	2014	https://www.allelefrequencies.net/pop6001c.asp?pop_name=Brazil%20REDOME%20Mato%20Grosso%20do%20Sul	2026-08-26
brazil-redome-minas-gerais	Brazil REDOME Minas Gerais	19º 49' S	43º 57' W	Not Known	Unknown	Bone Marrow Registry	Mixed	South and Central America	211275 (B = 174281, DRB1 = 175680)	2014	https://www.allelefrequencies.net/pop6001c.asp?pop_name=Brazil%20REDOME%20Minas%20Gerais	2026-08-26
brazil-redome-para	Brazil REDOME Para	5º 40' S	52º 44' W	Not Known	Unknown	Bone Marrow Registry	Mixed	South and Central America	72637 (B = 68069, DRB1 = 61837)	2014	https://www.allelefrequencies.net/pop6001c.asp?pop_name=Brazil%20REDOME%20Para	2026-08-26
brazil-redome-paraiba	Brazil REDOME Paraiba	7º 10' S	36º 50' W	Not Known	Unknown	Bone Marrow Registry	Mixed	South and Central America	43868 (A = 40106, B = 31547)	2014	https://www.allelefrequencies.net/pop6001c.asp?pop_name=Brazil%20REDOME%20Paraiba	2026-08-26
brazil-redome-parana	Brazil REDOME Parana	24º 0' S	51º 0' W	Not Known	Unknown	Bone Marrow Registry	Mixed	South and Central America	341639 (A = 272829, DRB1 = 254325)	2014	https://www.allelefrequencies.net/pop6001c.asp?pop_name=Brazil%20REDOME%20Parana	2026-08-26
brazil-redome-pernambuco	Brazil REDOME Pernambuco	8º 20' S	48º 48' W	Not Known	Unknown	Bone Marrow Registry	Mixed	South and Central America	92332 (A = 86374, B = 78395)	2014	https://www.allelefrequencies.net/pop6001c.asp?pop_name=Brazil%20REDOME%20Pernambuco	2026-08-26
brazil-redome-piaui	Brazil REDOME Piaui	8º 14' S	43º 6' W	Not Known	Unknown	Bone Marrow Registry	Mixed	South and Central America	46140 (B = 40341, DRB1 = 44369)	2014	https://www.allelefrequencies.net/pop6001c.asp?pop_name=Brazil%20REDOME%20Piaui	2026-08-26
brazil-redome-rio-grande-do-norte	Brazil REDOME Rio Grande do Norte	5º 44' S	36º 33' W	Not Known	Unknown	Bone Marrow Registry	Mixed	South and Central America	46603	0	https://www.allelefrequencies.net/pop6001c.asp?pop_name=Brazil%20REDOME%20Rio%20Grande%20do%20Norte	2026-08-26
brazil-redome-rio-grande-do-sul	Brazil REDOME Rio Grande do Sul	30º 0' S	53º 0' W	Not Known	Unknown	Bone Marrow Registry	Mixed	South and Central America	241329 (A = 219203, B = 217687)	2014	https://www.allelefrequencies.net/pop6001c.asp?pop_name=Brazil%20REDOME%20Rio%20Grande%20do%20Sul	2026-08-26
brazil-redome-rio-de-janeiro	Brazil REDOME Rio de Janeiro	22º 54' S	43º 11' W	Not Known	Unknown	Bone Marrow Registry	Mixed	South and Central America	139322 (B = 138102, DRB1 = 132698)	2014	https://www.allelefrequencies.net/pop6001c.asp?pop_name=Brazil%20REDOME%20Rio%20de%20Janeiro	2026-08-26
brazil-redome-rondonia	Brazil REDOME Rondonia	10º 54' S	62º 46' W	Not Known	Unknown	Bone Marrow Registry	Mixed	South and Central America	54396 (A = 52384, B = 53802)	2014	https://www.allelefrequencies.net/pop6001c.asp?pop_name=Brazil%20REDOME%20Rondonia	2026-08-26
brazil-redome-roraima	Brazil REDOME Roraima	2º 3' N	61º 24' W	Not Known	Unknown	Bone Marrow Registry	Mixed	South and Central America	4140	2014	https://www.allelefrequencies.net/pop6001c.asp?pop_name=Brazil%20REDOME%20Roraima	2026-08-26
brazil-redome-santa-catarina	Brazil REDOME Santa Catarina	27º 15' S	50º 20' W	Not Known	Unknown	Bone Marrow Registry	Mixed	South and Central America	106673 (A = 84017, B = 87122)	2014	https://www.allelefrequencies.net/pop6001c.asp?pop_name=Brazil%20REDOME%20Santa%20Catarina	2026-08-26
brazil-redome-sao-paulo	Brazil REDOME Sao Paulo	23º 33' S	46º 38' W	Not Known	Unknown	Bone Marrow Registry	Mixed	South and Central America	800809 (A = 730925, B = 730925)	2014	https://www.allelefrequencies.net/pop6001c.asp?pop_name=Brazil%20REDOME%20Sao%20Paulo	2026-08-26
brazil-redome-sergipe	Brazil REDOME Sergipe	10º 35' S	37º 23' W	Not Known	Unknown	Bone Marrow Registry	Mixed	South and Central America	7321 (A = 6754)	2014	https://www.allelefrequencies.net/pop6001c.asp?pop_name=Brazil%20REDOME%20Sergipe	2026-08-26
brazil-redome-tocantins	Brazil REDOME Tocantins	10º 11' S	48º 20' W	Not Known	Unknown	Bone Marrow Registry	Mixed	South and Central America	20692	2014	https://www.allelefrequencies.net/pop6001c.asp?pop_name=Brazil%20REDOME%20Tocantins	2026-08-26
brazil-rio-grande-do-norte-mestizo	Brazil Rio Grande do Norte Mestizo	5º 47' S	35º 12' W	Not Known	Urban and Rural	Bone Marrow Registry	Mestizo	South and Central America	12973	2011	https://www.allelefrequencies.net/pop6001c.asp?pop_name=Brazil%20Rio%20Grande%20do%20Norte%20Mestizo	2026-08-26
brazil-rio-grande-do-sul-black	Brazil Rio Grande do Sul Black	30º 0' S	53º 0' W	Not Known	Unknown	Bone Marrow Registry	Black	South and Central America	248	2012	https://www.allelefrequencies.net/pop6001c.asp?pop_name=Brazil%20Rio%20Grande%20do%20Sul%20Black	2026-08-26
brazil-rio-grande-do-sul-caucasoid	Brazil Rio Grande do Sul Caucasoid	30º 0' S	53º 0' W	Not Known	Unknown	Bone Marrow Registry	Caucasoid	South and Central America	4428	2012	https://www.allelefrequencies.net/pop6001c.asp?pop_name=Brazil%20Rio%20Grande%20do%20Sul%20Caucasoid	2026-08-26
brazil-rio-grande-do-sul-mixed	Brazil Rio Grande do Sul Mixed	30º 0' S	53º 0' W	Not Known	Unknown	Bone Marrow Registry	Mixed	South and Central America	324	2012	https://www.allelefrequencies.net/pop6001c.asp?pop_name=Brazil%20Rio%20Grande%20do%20Sul%20Mixed	2026-08-26
brazil-rio-de-janeiro-black	Brazil Rio de Janeiro Black	22º 54' S	43º 12' W	Not Known	Urban	Bone Marrow Registry	Black	South and Central America	68 (B = 67, C = 48, DPA1 = 60, DPB1 = 62, DQB1 = 61)	2017	https://www.allelefrequencies.net/pop6001c.asp?pop_name=Brazil%20Rio%20de%20Janeiro%20Black	2026-08-26
brazil-rio-de-janeiro-caucasian	Brazil Rio de Janeiro Caucasian	22º 54' S	43º 12' W	Not Known	Urban	Bone Marrow Registry	Caucasoid	South and Central America	521 (C = 349, DPA1 = 461, DPB1 = 469, DQB1 = 471)	2017	https://www.allelefrequencies.net/pop6001c.asp?pop_name=Brazil%20Rio%20de%20Janeiro%20Caucasian	2026-08-26
brazil-rio-de-janeiro-caucasian-pop-2-kir	Brazil Rio de Janeiro Caucasian pop 2 KIR	22º 54' S	43º 11' W	Parents live at same location	Unknown	Bone Marrow Registry	Caucasoid	South and Central America	98	2009	https://www.allelefrequencies.net/pop6001c.asp?pop_name=Brazil%20Rio%20de%20Janeiro%20Caucasian%20pop%202%20KIR	2026-08-26
brazil-rio-de-janeiro-mixed-kir	Brazil Rio de Janeiro Mixed KIR	22º 53' S	43º 17' W	Not Known	Urban	Bone Marrow Registry	Mixed	South and Central America	166	2008	https://www.allelefrequencies.net/pop6001c.asp?pop_name=Brazil%20Rio%20de%20Janeiro%20Mixed%20KIR	2026-08-26
brazil-rio-de-janeiro-parda	Brazil Rio de Janeiro Parda	22º 54' S	43º 12' W	Not Known	Urban	Bone Marrow Registry	Unknown	South and Central America	170 (C = 108, DPA1 = 153, DPB1 = 155, DQB1 = 154, DRB1 = 169)	2017	https://www.allelefrequencies.net/pop6001c.asp?pop_name=Brazil%20Rio%20de%20Janeiro%20Parda	2026-08-26
brazil-rondonia-karitiana-kir	Brazil Rondonia Karitiana KIR	9º 0' S	65º 0' W	Not Known	Rural	Anthropology Study	Amerindian	South and Central America	55	2006	https://www.allelefrequencies.net/pop6001c.asp?pop_name=Brazil%20Rondonia%20Karitiana%20KIR	2026-08-26
brazil-rondonia-porto-velho-kir	Brazil Rondonia Porto Velho KIR	8º 45' S	63º 54' W	Not Known	Rural	Anthropology Study	Mixed	South and Central America	377	0	https://www.allelefrequencies.net/pop6001c.asp?pop_name=Brazil%20Rondonia%20Porto%20Velho%20KIR	2026-08-26
brazil-rondonia-surui-kir	Brazil Rondonia Surui KIR	9º 0' S	62º 0' W	Not Known	Rural	Anthropology Study	Amerindian	South and Central America	46	2006	https://www.allelefrequencies.net/pop6001c.asp?pop_name=Brazil%20Rondonia%20Surui%20KIR	2026-08-26
brazil-sao-paulo-bauru-mixed	Brazil Sao Paulo Bauru Mixed	22º 18' S	49º 3' W	Not Known	Urban	Bone Marrow Registry	Mixed	South and Central America	3542	2013	https://www.allelefrequencies.net/pop6001c.asp?pop_name=Brazil%20Sao%20Paulo%20Bauru%20Mixed	2026-08-26
brazil-sao-paulo-kir	Brazil Sao Paulo KIR	20º 58' S	49º 7' W	Not Known	Unknown	Controls for Disease Study	Mixed	South and Central America	289	2010	https://www.allelefrequencies.net/pop6001c.asp?pop_name=Brazil%20Sao%20Paulo%20KIR	2026-08-26
brazil-sao-paulo-mixed	Brazil Sao Paulo Mixed	23º 0' S	48º 0' W	Not Known	Urban	Other	Mixed	South and Central America	239 (A = 100, B = 100, DQA1 = 129, DQB1 = 129)	1997	https://www.allelefrequencies.net/pop6001c.asp?pop_name=Brazil%20Sao%20Paulo%20Mixed	2026-08-26
brazil-sao-paulo-mixed-cytokine	Brazil Sao Paulo Mixed Cytokine	23º 33' S	46º 38' W	Not Known	Urban	Bone Marrow Registry	Mixed	South and Central America	99	2002	https://www.allelefrequencies.net/pop6001c.asp?pop_name=Brazil%20Sao%20Paulo%20Mixed%20Cytokine	2026-08-26
brazil-sao-paulo-mixed-mic	Brazil Sao Paulo Mixed MIC	23º 32' S	46º 39' W	Not Known	Urban	Bone Marrow Registry	Mixed	South and Central America	200	2001	https://www.allelefrequencies.net/pop6001c.asp?pop_name=Brazil%20Sao%20Paulo%20Mixed%20MIC	2026-08-26
brazil-sao-paulo-and-parana-mixed-cytokine	Brazil Sao Paulo and Parana Mixed Cytokine	23º 33' S	46º 38' W	Not Known	Urban	Anthropology Study	Mixed	South and Central America	214	2005	https://www.allelefrequencies.net/pop6001c.asp?pop_name=Brazil%20Sao%20Paulo%20and%20Parana%20Mixed%20Cytokine	2026-08-26
brazil-sao-paulo-pop-2	Brazil Sao Paulo pop 2	23º 33' S	46º 38' W	Not Known	Urban	Anthropology Study	Mixed	South and Central America	103	2006	https://www.allelefrequencies.net/pop6001c.asp?pop_name=Brazil%20Sao%20Paulo%20pop%202	2026-08-26
brazil-south-caucasian	Brazil South Caucasian	25º 25' S	49º 14' W	Not Known	Unknown	Controls for Disease Study	Caucasoid	South and Central America	73 (DRB1 = 72)	2012	https://www.allelefrequencies.net/pop6001c.asp?pop_name=Brazil%20South%20Caucasian	2026-08-26
brazil-south-east-cord-blood	Brazil South East Cord Blood	14º 14' S	51º 55' W	Not Known	Unknown	Bone Marrow Registry	Mixed	South and Central America	11409	2016	https://www.allelefrequencies.net/pop6001c.asp?pop_name=Brazil%20South%20East%20Cord%20Blood	2026-08-26
brazil-south-ribeirao-preto	Brazil South Ribeirao Preto	21º 11' S	47º 49' W	Not Known	Unknown	Other	Mixed	South and Central America	184	2009	https://www.allelefrequencies.net/pop6001c.asp?pop_name=Brazil%20South%20Ribeirao%20Preto	2026-08-26
brazil-southeast-black-cytokine	Brazil Southeast Black Cytokine	23º 34' S	46º 38' W	Not Known	Urban	Blood Donor	Black	South and Central America	110	2004	https://www.allelefrequencies.net/pop6001c.asp?pop_name=Brazil%20Southeast%20Black%20Cytokine	2026-08-26
brazil-southeast-campinas-mixed	Brazil Southeast Campinas Mixed	23º 0' S	48º 0' W	Not Known	Urban	Blood Donor	Mixed	South and Central America	99	1998	https://www.allelefrequencies.net/pop6001c.asp?pop_name=Brazil%20Southeast%20Campinas%20Mixed	2026-08-26
brazil-southeast-caucasian	Brazil Southeast Caucasian	23º 0' S	48º 0' W	Not Known	Urban and Rural	Other	Caucasoid	South and Central America	103	2002	https://www.allelefrequencies.net/pop6001c.asp?pop_name=Brazil%20Southeast%20Caucasian	2026-08-26
brazil-southeast-caucasian-cytokine	Brazil Southeast Caucasian Cytokine	23º 34' S	46º 38' W	Not Known	Urban	Blood Donor	Caucasoid	South and Central America	153	2004	https://www.allelefrequencies.net/pop6001c.asp?pop_name=Brazil%20Southeast%20Caucasian%20Cytokine	2026-08-26
brazil-southeast-caucasian-kir	Brazil Southeast Caucasian KIR	23º 0' S	48º 0' W	Not Known	Urban and Rural	Other	Caucasoid	South and Central America	55	2003	https://www.allelefrequencies.net/pop6001c.asp?pop_name=Brazil%20Southeast%20Caucasian%20KIR	2026-08-26
brazil-southeast-mixed-race	Brazil Southeast Mixed Race	23º 0' S	48º 0' W	Not Known	Urban and Rural	Other	Mixed	South and Central America	42	2002	https://www.allelefrequencies.net/pop6001c.asp?pop_name=Brazil%20Southeast%20Mixed%20Race	2026-08-26
brazil-southeast-mixed-race-cytokine	Brazil Southeast Mixed race  Cytokine	23º 34' S	46º 38' W	Not Known	Urban	Blood Donor	Mixed	South and Central America	100	2004	https://www.allelefrequencies.net/pop6001c.asp?pop_name=Brazil%20Southeast%20Mixed%20race%20%20Cytokine	2026-08-26
brazil-terena	Brazil Terena	20º 0' S	55º 0' W	Grandparents live at same location	Rural	Anthropology Study	Amerindian	South and Central America	60	1999	https://www.allelefrequencies.net/pop6001c.asp?pop_name=Brazil%20Terena	2026-08-26
brazil-ticuna	Brazil Ticuna	5º 0' S	70º 0' W	Not Known	Rural	Anthropology Study	Amerindian	South and Central America	50	2002	https://www.allelefrequencies.net/pop6001c.asp?pop_name=Brazil%20Ticuna	2026-08-26
brazil-vale-do-ribeira-quilombos	Brazil Vale do Ribeira Quilombos	24º 36' S	48º 15' W	Grandparents live at same location	Rural	Anthropology Study	Mixed	South and Central America	144	2014	https://www.allelefrequencies.net/pop6001c.asp?pop_name=Brazil%20Vale%20do%20Ribeira%20Quilombos	2026-08-26
brazil-western-amazon-ticuna-kir	Brazil Western Amazon Ticuna KIR	3º 15' S	68º 35' W	Not Known	Rural	Anthropology Study	Amerindian	South and Central America	65	2006	https://www.allelefrequencies.net/pop6001c.asp?pop_name=Brazil%20Western%20Amazon%20Ticuna%20KIR	2026-08-26
bulgaria	Bulgaria	42º 0' N	23º 0' E	Parents live at same location	Urban and Rural	Anthropology Study	Caucasoid	Europe	55	2001	https://www.allelefrequencies.net/pop6001c.asp?pop_name=Bulgaria	2026-08-26
bulgaria-cytokine	Bulgaria Cytokine	42º 0' N	23º 1' E	Parents live at same location	Urban and Rural	Anthropology Study	Caucasoid	Europe	88	2003	https://www.allelefrequencies.net/pop6001c.asp?pop_name=Bulgaria%20Cytokine	2026-08-26
bulgaria-kir	Bulgaria KIR	42º 42' N	23º 20' E	Not Known	Urban	Controls for Disease Study	Caucasoid	Europe	54	2003	https://www.allelefrequencies.net/pop6001c.asp?pop_name=Bulgaria%20KIR	2026-08-26
bulgaria-kir-pop-2	Bulgaria KIR pop 2	42º 42' N	23º 20' E	Not Known	Unknown	Anthropology Study	Caucasoid	Europe	115	2012	https://www.allelefrequencies.net/pop6001c.asp?pop_name=Bulgaria%20KIR%20pop%202	2026-08-26
bulgaria-romani	Bulgaria Romani	42º 44' N	23º 20' E	Not Known	Rural	Anthropology Study	Other	Europe	13	2002	https://www.allelefrequencies.net/pop6001c.asp?pop_name=Bulgaria%20Romani	2026-08-26
burkina-faso-fulani	Burkina Faso Fulani	12º 50' N	1º 50' W	Not Known	Rural	Anthropology Study	Black	Sub-Saharan Africa	49 (DQB1 = 43, DRB1 = 43)	2000	https://www.allelefrequencies.net/pop6001c.asp?pop_name=Burkina%20Faso%20Fulani	2026-08-26
burkina-faso-mossi	Burkina Faso Mossi	12º 50' N	1º 50' W	Not Known	Rural	Anthropology Study	Black	Sub-Saharan Africa	53 (DQB1 = 45, DRB1 = 45)	2000	https://www.allelefrequencies.net/pop6001c.asp?pop_name=Burkina%20Faso%20Mossi	2026-08-26
burkina-faso-rimaibe	Burkina Faso Rimaibe	12º 50' N	1º 50' W	Not Known	Rural	Anthropology Study	Black	Sub-Saharan Africa	47 (DQB1 = 41, DRB1 = 41)	2000	https://www.allelefrequencies.net/pop6001c.asp?pop_name=Burkina%20Faso%20Rimaibe	2026-08-26
cambodia-kir	Cambodia KIR	11º 33' N	104º 55' E	Not Known	Urban	Anthropology Study	Oriental	South-East Asia	22	2006	https://www.allelefrequencies.net/pop6001c.asp?pop_name=Cambodia%20KIR	2026-08-26
cameroon	Cameroon	3º 52' N	11º 31' E	Not Known	Urban and Rural	Anthropology Study	Black	Sub-Saharan Africa	126	2000	https://www.allelefrequencies.net/pop6001c.asp?pop_name=Cameroon	2026-08-26
cameroon-baka-pygmy	Cameroon Baka Pygmy	8º 30' N	14º 0' E	Not Known	Rural	Anthropology Study	Black	Sub-Saharan Africa	10	2004	https://www.allelefrequencies.net/pop6001c.asp?pop_name=Cameroon%20Baka%20Pygmy	2026-08-26
cameroon-bakola-pygmy	Cameroon Bakola Pygmy	4º 3' N	9º 42' E	Not Known	Rural	Anthropology Study	Black	Sub-Saharan Africa	50	2002	https://www.allelefrequencies.net/pop6001c.asp?pop_name=Cameroon%20Bakola%20Pygmy	2026-08-26
cameroon-bamileke	Cameroon Bamileke	5º 28' N	10º 25' E	Not Known	Rural	Anthropology Study	Black	Sub-Saharan Africa	77	2004	https://www.allelefrequencies.net/pop6001c.asp?pop_name=Cameroon%20Bamileke	2026-08-26
cameroon-bamileke-2	Cameroon Bamileke 2	5º 15' N	10º 20' E	Parents live at same location	Urban	Anthropology Study	Black	Sub-Saharan Africa	35	2009	https://www.allelefrequencies.net/pop6001c.asp?pop_name=Cameroon%20Bamileke%202	2026-08-26
cameroon-beti	Cameroon Beti	2º 55' N	11º 9' E	Not Known	Rural	Anthropology Study	Black	Sub-Saharan Africa	174	2004	https://www.allelefrequencies.net/pop6001c.asp?pop_name=Cameroon%20Beti	2026-08-26
cameroon-ewondo	Cameroon Ewondo	3º 55' N	11º 24' E	Parents live at same location	Urban	Anthropology Study	Black	Sub-Saharan Africa	38	2009	https://www.allelefrequencies.net/pop6001c.asp?pop_name=Cameroon%20Ewondo	2026-08-26
cameroon-podokwo	Cameroon Podokwo	10º 37' N	14º 20' E	Parents live at same location	Urban	Anthropology Study	Black	Sub-Saharan Africa	43	2009	https://www.allelefrequencies.net/pop6001c.asp?pop_name=Cameroon%20Podokwo	2026-08-26
cameroon-saa	Cameroon Saa	4º 0' N	9º 0' E	Not Known	Rural	Anthropology Study	Black	Sub-Saharan Africa	172	2000	https://www.allelefrequencies.net/pop6001c.asp?pop_name=Cameroon%20Saa	2026-08-26
cameroon-sawa	Cameroon Sawa	4º 50' N	10º 0' E	Not Known	Rural	Anthropology Study	Black	Sub-Saharan Africa	13	2004	https://www.allelefrequencies.net/pop6001c.asp?pop_name=Cameroon%20Sawa	2026-08-26
cameroon-uldeme	Cameroon Uldeme	10º 37' N	14º 20' E	Parents live at same location	Urban	Anthropology Study	Black	Sub-Saharan Africa	35	2009	https://www.allelefrequencies.net/pop6001c.asp?pop_name=Cameroon%20Uldeme	2026-08-26
cameroon-yaounde	Cameroon Yaounde	3º 52' N	11º 31' E	Not Known	Urban and Rural	Anthropology Study	Black	Sub-Saharan Africa	92	1999	https://www.allelefrequencies.net/pop6001c.asp?pop_name=Cameroon%20Yaounde	2026-08-26
canada-aboriginal-oji-cree-cytokine	Canada Aboriginal Oji-cree Cytokine	49º 51' N	97º 3' W	Not Known	Rural	Anthropology Study	Amerindian	North America	130	2004	https://www.allelefrequencies.net/pop6001c.asp?pop_name=Canada%20Aboriginal%20Oji-cree%20Cytokine	2026-08-26
canada-british-columbia-athabaskan	Canada British Columbia Athabaskan	54º 0' N	125º 0' W	Grandparents live at same location	Rural	Bone Marrow Registry	Amerindian	North America	62	1997	https://www.allelefrequencies.net/pop6001c.asp?pop_name=Canada%20British%20Columbia%20Athabaskan	2026-08-26
canada-british-columbia-penutian	Canada British Columbia Penutian	54º 0' N	125º 0' W	Grandparents live at same location	Rural	Bone Marrow Registry	Amerindian	North America	26	1997	https://www.allelefrequencies.net/pop6001c.asp?pop_name=Canada%20British%20Columbia%20Penutian	2026-08-26
canada-chipewyan-na-dhs-2-g	Canada Chipewyan NA-DHS_2 (G)	59º 36' N	107º 20' W	Not Known	Rural	Anthropology Study	Amerindian	North America	25	2008	https://www.allelefrequencies.net/pop6001c.asp?pop_name=Canada%20Chipewyan%20NA-DHS_2%20%28G%29	2026-08-26
canada-cree-na-dhs-3-g	Canada Cree NA-DHS_3 (G)	50º 20' N	102º 30' W	Not Known	Rural	Anthropology Study	Amerindian	North America	18	2008	https://www.allelefrequencies.net/pop6001c.asp?pop_name=Canada%20Cree%20NA-DHS_3%20%28G%29	2026-08-26
canada-iranian-kir	Canada Iranian KIR	49º 15' N	123º 6' W	Not Known	Unknown	Bone Marrow Registry	Persian	North America	68	2008	https://www.allelefrequencies.net/pop6001c.asp?pop_name=Canada%20Iranian%20KIR	2026-08-26
canada-manitoba-caucasoid-cytokine	Canada Manitoba Caucasoid Cytokine	55º 0' N	97º 31' W	Not Known	Unknown	Anthropology Study	Caucasoid	North America	116	2004	https://www.allelefrequencies.net/pop6001c.asp?pop_name=Canada%20Manitoba%20Caucasoid%20Cytokine	2026-08-26
canada-newfoundland-island-cytokine	Canada Newfoundland Island Cytokine	52º 37' N	59º 41' W	Not Known	Urban and Rural	Controls for Disease Study	Caucasoid	North America	103	2004	https://www.allelefrequencies.net/pop6001c.asp?pop_name=Canada%20Newfoundland%20Island%20Cytokine	2026-08-26
canada-ojibwa-na-dhs-4-g	Canada Ojibwa NA-DHS_4 (G)	46º 0' N	81º 0' W	Not Known	Rural	Anthropology Study	Amerindian	North America	16 (A = 15, B = 15, C = 15)	2008	https://www.allelefrequencies.net/pop6001c.asp?pop_name=Canada%20Ojibwa%20NA-DHS_4%20%28G%29	2026-08-26
cape-verde-northwestern-islands	Cape Verde Northwestern Islands	16º 0' N	24º 0' W	Grandparents live at same location	Urban and Rural	Anthropology Study	Black	Sub-Saharan Africa	62	2004	https://www.allelefrequencies.net/pop6001c.asp?pop_name=Cape%20Verde%20Northwestern%20Islands	2026-08-26
cape-verde-southeastern-islands	Cape Verde Southeastern Islands	16º 0' N	24º 0' W	Grandparents live at same location	Urban and Rural	Anthropology Study	Black	Sub-Saharan Africa	62	2004	https://www.allelefrequencies.net/pop6001c.asp?pop_name=Cape%20Verde%20Southeastern%20Islands	2026-08-26
central-african-republic-aka-pygmy	Central African Republic Aka Pygmy	7º 5' N	20º 30' E	Not Known	Rural	Anthropology Study	Black	Sub-Saharan Africa	93	2001	https://www.allelefrequencies.net/pop6001c.asp?pop_name=Central%20African%20Republic%20Aka%20Pygmy	2026-08-26
central-african-republic-bagandu-biaka-kir	Central African Republic Bagandu Biaka KIR	5º 0' N	15º 0' E	Not Known	Rural	Anthropology Study	Black	Sub-Saharan Africa	69	2006	https://www.allelefrequencies.net/pop6001c.asp?pop_name=Central%20African%20Republic%20Bagandu%20Biaka%20KIR	2026-08-26
central-african-republic-mbenzele-pygmy	Central African Republic Mbenzele Pygmy	3º 32' N	16º 4' E	Not Known	Rural	Anthropology Study	Black	Sub-Saharan Africa	36	2002	https://www.allelefrequencies.net/pop6001c.asp?pop_name=Central%20African%20Republic%20Mbenzele%20Pygmy	2026-08-26
chile-easter-island	Chile Easter Island	27º 7' S	109º 22' W	Not Known	Unknown	Anthropology Study	Amerindian	South and Central America	21	2008	https://www.allelefrequencies.net/pop6001c.asp?pop_name=Chile%20Easter%20Island	2026-08-26
chile-huilliche	Chile Huilliche	38º 45' S	72º 40' W	Not Known	Unknown	Anthropology Study	Amerindian	South and Central America	40	1995	https://www.allelefrequencies.net/pop6001c.asp?pop_name=Chile%20Huilliche	2026-08-26
chile-huilliche-na-dhs-14-g	Chile Huilliche NA-DHS_14 (G)	41º 0' S	73º 0' W	Not Known	Rural	Anthropology Study	Amerindian	South and Central America	20 (C = 16)	2008	https://www.allelefrequencies.net/pop6001c.asp?pop_name=Chile%20Huilliche%20NA-DHS_14%20%28G%29	2026-08-26
chile-mapuche	Chile Mapuche	37º 48' S	73º 23' W	Grandparents live at same location	Rural	Blood Donor	Amerindian	South and Central America	66 (A = 65, B = 65, DQB1 = 65, DRB1 = 65)	2017	https://www.allelefrequencies.net/pop6001c.asp?pop_name=Chile%20Mapuche	2026-08-26
chile-santiago	Chile Santiago	33º 26' S	70º 40' W	Not Known	Urban	Bone Marrow Registry	Caucasoid	South and Central America	920	2015	https://www.allelefrequencies.net/pop6001c.asp?pop_name=Chile%20Santiago	2026-08-26
chile-santiago-mixed	Chile Santiago Mixed	33º 26' S	70º 39' W	Not Known	Urban and Rural	Other	Mixed	South and Central America	70	2005	https://www.allelefrequencies.net/pop6001c.asp?pop_name=Chile%20Santiago%20Mixed	2026-08-26
chile-santiago-pop-2	Chile Santiago pop 2	33º 26' S	70º 39' W	Not Known	Unknown	Controls for Disease Study	Hispanic	South and Central America	124	1998	https://www.allelefrequencies.net/pop6001c.asp?pop_name=Chile%20Santiago%20pop%202	2026-08-26
chile-talca-kir	Chile Talca KIR	34º 52' S	71º 40' W	Not Known	Urban and Rural	Controls for Disease Study	Amerindian	South and Central America	90	2017	https://www.allelefrequencies.net/pop6001c.asp?pop_name=Chile%20Talca%20KIR	2026-08-26
china-baotou-han-mic	China Baotou Han MIC	40º 39' N	109º 50' E	Grandparents live at same location	Unknown	Anthropology Study	Oriental	South-East Asia	104	2009	https://www.allelefrequencies.net/pop6001c.asp?pop_name=China%20Baotou%20Han%20MIC	2026-08-26
china-beijing	China Beijing	39º 58' N	116º 24' E	Not Known	Urban	Anthropology Study	Oriental	South-East Asia	67	1995	https://www.allelefrequencies.net/pop6001c.asp?pop_name=China%20Beijing	2026-08-26
china-beijing-han	China Beijing Han	35º 0' N	103º 0' E	Not Known	Unknown	Controls for Disease Study	Oriental	South-East Asia	180	2011	https://www.allelefrequencies.net/pop6001c.asp?pop_name=China%20Beijing%20Han	2026-08-26
china-beijing-shijiazhuang-tianjian-han	China Beijing Shijiazhuang Tianjian Han	39º 54' N	116º 24' E	Not Known	Unknown	Anthropology Study	Oriental	South-East Asia	618	2004	https://www.allelefrequencies.net/pop6001c.asp?pop_name=China%20Beijing%20Shijiazhuang%20Tianjian%20Han	2026-08-26
china-beijing-and-guangzhou	China Beijing and Guangzhou	39º 58' N	116º 24' E	Not Known	Unknown	Anthropology Study	Oriental	South-East Asia	1592	2004	https://www.allelefrequencies.net/pop6001c.asp?pop_name=China%20Beijing%20and%20Guangzhou	2026-08-26
china-beijing-and-xian	China Beijing and Xian	39º 58' N	116º 24' E	Not Known	Urban	Anthropology Study	Oriental	South-East Asia	171	1995	https://www.allelefrequencies.net/pop6001c.asp?pop_name=China%20Beijing%20and%20Xian	2026-08-26
china-beijing-pop-2	China Beijing pop 2	39º 54' N	116º 23' E	Not Known	Unknown	Blood Donor	Oriental	South-East Asia	826	2008	https://www.allelefrequencies.net/pop6001c.asp?pop_name=China%20Beijing%20pop%202	2026-08-26
china-canton-han	China Canton Han	23º 6' N	113º 15' E	Not Known	Unknown	Anthropology Study	Oriental	South-East Asia	264	2006	https://www.allelefrequencies.net/pop6001c.asp?pop_name=China%20Canton%20Han	2026-08-26
china-cytokine	China Cytokine	36º 34' N	103º 49' E	Not Known	Unknown	Controls for Disease Study	Oriental	South-East Asia	143	2006	https://www.allelefrequencies.net/pop6001c.asp?pop_name=China%20Cytokine	2026-08-26
china-eastern-mainland-han-kir	China Eastern Mainland Han KIR	29º 0' N	120º 0' E	Not Known	Unknown	Anthropology Study	Oriental	South-East Asia	106	2009	https://www.allelefrequencies.net/pop6001c.asp?pop_name=China%20Eastern%20Mainland%20Han%20KIR	2026-08-26
china-guangdong-han-kir	China Guangdong Han KIR	23º 56' N	114º 53' E	Grandparents live at same location	Unknown	Other	Oriental	South-East Asia	107	2010	https://www.allelefrequencies.net/pop6001c.asp?pop_name=China%20Guangdong%20Han%20KIR	2026-08-26
china-guangdong-province	China Guangdong Province	23º 20' N	113º 30' E	Not Known	Unknown	Controls for Disease Study	Oriental	South-East Asia	403	2006	https://www.allelefrequencies.net/pop6001c.asp?pop_name=China%20Guangdong%20Province	2026-08-26
china-guangdong-province-meizhou-han	China Guangdong Province Meizhou Han	24º 27' N	116º 7' E	Not Known	Urban	Anthropology Study	Oriental	South-East Asia	100	2006	https://www.allelefrequencies.net/pop6001c.asp?pop_name=China%20Guangdong%20Province%20Meizhou%20Han	2026-08-26
china-guangxi-region-maonan	China Guangxi Region Maonan	23º 48' N	108º 59' E	Not Known	Rural	Anthropology Study	Oriental	South-East Asia	108	2006	https://www.allelefrequencies.net/pop6001c.asp?pop_name=China%20Guangxi%20Region%20Maonan	2026-08-26
china-guangxi-zhuang-mic	China Guangxi Zhuang MIC	23º 6' N	108º 3' E	Grandparents live at same location	Urban and Rural	Anthropology Study	Oriental	South-East Asia	209	2013	https://www.allelefrequencies.net/pop6001c.asp?pop_name=China%20Guangxi%20Zhuang%20MIC	2026-08-26
china-guangzhou	China Guangzhou	23º 6' N	113º 15' E	Not Known	Urban	Anthropology Study	Oriental	South-East Asia	102	1995	https://www.allelefrequencies.net/pop6001c.asp?pop_name=China%20Guangzhou	2026-08-26
china-guangzhou-han	China Guangzhou Han	23º 6' N	113º 15' E	Grandparents live at same location	Urban and Rural	Anthropology Study	Oriental	South-East Asia	106	2003	https://www.allelefrequencies.net/pop6001c.asp?pop_name=China%20Guangzhou%20Han	2026-08-26
china-guangzhou-han-mic	China Guangzhou Han MIC	23º 6' N	113º 15' E	Not Known	Unknown	Anthropology Study	Oriental	South-East Asia	106	2003	https://www.allelefrequencies.net/pop6001c.asp?pop_name=China%20Guangzhou%20Han%20MIC	2026-08-26
china-guangzhou-han-pop-2	China Guangzhou Han pop 2	23º 6' N	113º 15' E	Not Known	Unknown	Controls for Disease Study	Oriental	South-East Asia	86	2000	https://www.allelefrequencies.net/pop6001c.asp?pop_name=China%20Guangzhou%20Han%20pop%202	2026-08-26
china-guizhou-province-bouyei	China Guizhou Province Bouyei	26º 50' N	106º 50' E	Not Known	Rural	Anthropology Study	Oriental	South-East Asia	109	2006	https://www.allelefrequencies.net/pop6001c.asp?pop_name=China%20Guizhou%20Province%20Bouyei	2026-08-26
china-guizhou-province-miao	China Guizhou Province Miao	26º 50' N	106º 50' E	Grandparents live at same location	Urban	Anthropology Study	Oriental	South-East Asia	85	2004	https://www.allelefrequencies.net/pop6001c.asp?pop_name=China%20Guizhou%20Province%20Miao	2026-08-26
china-guizhou-province-miao-pop-2	China Guizhou Province Miao pop 2	26º 50' N	106º 50' E	Not Known	Rural	Anthropology Study	Oriental	South-East Asia	85	2006	https://www.allelefrequencies.net/pop6001c.asp?pop_name=China%20Guizhou%20Province%20Miao%20pop%202	2026-08-26
china-guizhou-province-shui	China Guizhou Province Shui	26º 50' N	106º 50' E	Not Known	Rural	Anthropology Study	Oriental	South-East Asia	153	2006	https://www.allelefrequencies.net/pop6001c.asp?pop_name=China%20Guizhou%20Province%20Shui	2026-08-26
china-han	China Han	23º 6' N	113º 15' E	Not Known	Unknown	Blood Donor	Oriental	South-East Asia	314	2004	https://www.allelefrequencies.net/pop6001c.asp?pop_name=China%20Han	2026-08-26
china-han-guandong-province	China Han Guandong Province	23º 24' N	113º 30' E	Not Known	Unknown	Controls for Disease Study	Oriental	South-East Asia	208	2012	https://www.allelefrequencies.net/pop6001c.asp?pop_name=China%20Han%20Guandong%20Province	2026-08-26
china-han-hiv-negative	China Han HIV negative	36º 34' N	103º 49' E	Not Known	Urban and Rural	Controls for Disease Study	Oriental	South-East Asia	72	2009	https://www.allelefrequencies.net/pop6001c.asp?pop_name=China%20Han%20HIV%20negative	2026-08-26
china-harbin-korean	China Harbin Korean	45º 45' N	126º 38' E	Not Known	Unknown	Anthropology Study	Oriental	South-East Asia	201	1995	https://www.allelefrequencies.net/pop6001c.asp?pop_name=China%20Harbin%20Korean	2026-08-26
china-harbin-manchu	China Harbin Manchu	45º 45' N	126º 38' E	Not Known	Unknown	Anthropology Study	Oriental	South-East Asia	172	1995	https://www.allelefrequencies.net/pop6001c.asp?pop_name=China%20Harbin%20Manchu	2026-08-26
china-harbin-manchu-pop-2	China Harbin Manchu pop 2	45º 45' N	126º 38' E	Not Known	Urban	Anthropology Study	Oriental	South-East Asia	50	1995	https://www.allelefrequencies.net/pop6001c.asp?pop_name=China%20Harbin%20Manchu%20pop%202	2026-08-26
china-henan-hiv-negative	China Henan HIV negative	34º 0' N	113º 40' E	Not Known	Urban and Rural	Controls for Disease Study	Oriental	South-East Asia	16	2009	https://www.allelefrequencies.net/pop6001c.asp?pop_name=China%20Henan%20HIV%20negative	2026-08-26
china-hong-kong-and-singapore	China Hong Kong and Singapore	22º 18' N	114º 12' E	Not Known	Urban and Rural	Anthropology Study	Oriental	South-East Asia	135	1995	https://www.allelefrequencies.net/pop6001c.asp?pop_name=China%20Hong%20Kong%20and%20Singapore	2026-08-26
china-hubei-province-tujia-kir	China Hubei  Province Tujia KIR	30º 17' N	109º 28' E	Not Known	Urban and Rural	Anthropology Study	Oriental	South-East Asia	124	2016	https://www.allelefrequencies.net/pop6001c.asp?pop_name=China%20Hubei%20%20Province%20Tujia%20KIR	2026-08-26
china-hubei-han	China Hubei Han	30º 45' N	114º 15' E	Not Known	Unknown	Bone Marrow Registry	Asian	South-East Asia	3732	2018	https://www.allelefrequencies.net/pop6001c.asp?pop_name=China%20Hubei%20Han	2026-08-26
china-hui-mic	China Hui MIC	38º 0' N	102º 20' E	Not Known	Unknown	Anthropology Study	Oriental	South-East Asia	44	1996	https://www.allelefrequencies.net/pop6001c.asp?pop_name=China%20Hui%20MIC	2026-08-26
china-hunan-han-kir	China Hunan Han KIR	28º 7' N	111º 26' E	Grandparents live at same location	Unknown	Other	Oriental	South-East Asia	448	2010	https://www.allelefrequencies.net/pop6001c.asp?pop_name=China%20Hunan%20Han%20KIR	2026-08-26
china-hunan-province-han-mic	China Hunan Province Han MIC	28º 11' N	112º 58' E	Not Known	Unknown	Anthropology Study	Oriental	South-East Asia	85	2005	https://www.allelefrequencies.net/pop6001c.asp?pop_name=China%20Hunan%20Province%20Han%20MIC	2026-08-26
china-inner-mongolia-autonomous-region-northeast	China Inner Mongolia Autonomous Region Northeast	45º 27' N	120º 56' E	Grandparents live at same location	Rural	Other	Mixed	South-East Asia	496	2012	https://www.allelefrequencies.net/pop6001c.asp?pop_name=China%20Inner%20Mongolia%20Autonomous%20Region%20Northeast	2026-08-26
china-inner-mongolia-han-kir	China Inner Mongolia Han KIR	42º 53' N	113º 34' E	Grandparents live at same location	Unknown	Other	Oriental	South-East Asia	104	2010	https://www.allelefrequencies.net/pop6001c.asp?pop_name=China%20Inner%20Mongolia%20Han%20KIR	2026-08-26
china-inner-mongolia-mongol-kir	China Inner Mongolia Mongol KIR	42º 53' N	113º 34' E	Grandparents live at same location	Unknown	Other	Oriental	South-East Asia	160	2010	https://www.allelefrequencies.net/pop6001c.asp?pop_name=China%20Inner%20Mongolia%20Mongol%20KIR	2026-08-26
china-inner-mongolia-province-kir-pop-2	China Inner Mongolia Province KIR pop 2	44º 0' N	113º 0' E	Grandparents live at same location	Rural	Blood Donor	Oriental	South-East Asia	87	2009	https://www.allelefrequencies.net/pop6001c.asp?pop_name=China%20Inner%20Mongolia%20Province%20KIR%20pop%202	2026-08-26
china-inner-mongolia-region	China Inner Mongolia Region	36º 0' N	102º 0' E	Grandparents live at same location	Urban and Rural	Anthropology Study	Oriental	South-East Asia	102	2005	https://www.allelefrequencies.net/pop6001c.asp?pop_name=China%20Inner%20Mongolia%20Region	2026-08-26
china-inner-mongolia-region-ewenki	China Inner Mongolia Region Ewenki	49º 42' N	120º 40' E	Grandparents live at same location	Unknown	Anthropology Study	Oriental	South-East Asia	94	2006	https://www.allelefrequencies.net/pop6001c.asp?pop_name=China%20Inner%20Mongolia%20Region%20Ewenki	2026-08-26
china-jiangsu-han	China Jiangsu Han	32º 54' N	119º 48' E	Not Known	Urban	Bone Marrow Registry	Oriental	South-East Asia	3238	2010	https://www.allelefrequencies.net/pop6001c.asp?pop_name=China%20Jiangsu%20Han	2026-08-26
china-jiangsu-province	China Jiangsu Province	33º 0' N	120º 0' E	Not Known	Unknown	Bone Marrow Registry	Oriental	South-East Asia	20248	2006	https://www.allelefrequencies.net/pop6001c.asp?pop_name=China%20Jiangsu%20Province	2026-08-26
china-jiangsu-province-han	China Jiangsu Province Han	32º 54' N	119º 48' E	Parents live at same location	Unknown	Anthropology Study	Oriental	South-East Asia	334	2011	https://www.allelefrequencies.net/pop6001c.asp?pop_name=China%20Jiangsu%20Province%20Han	2026-08-26
china-jiangsu-province-han-kir	China Jiangsu Province Han KIR	31º 18' N	120º 36' E	Not Known	Unknown	Other	Oriental	South-East Asia	150	2009	https://www.allelefrequencies.net/pop6001c.asp?pop_name=China%20Jiangsu%20Province%20Han%20KIR	2026-08-26
china-jiangsu-province-han-kir-pop2	China Jiangsu Province Han KIR pop2	33º 0' N	120º 0' E	Not Known	Unknown	Disease Study Patients	Oriental	South-East Asia	60	2012	https://www.allelefrequencies.net/pop6001c.asp?pop_name=China%20Jiangsu%20Province%20Han%20KIR%20pop2	2026-08-26
china-jiangxi-province	China Jiangxi Province	27º 37' N	115º 46' E	Not Known	Urban and Rural	Controls for Disease Study	Oriental	South-East Asia	98	2005	https://www.allelefrequencies.net/pop6001c.asp?pop_name=China%20Jiangxi%20Province	2026-08-26
china-jingpo-minority	China Jingpo Minority	25º 0' N	102º 0' E	Grandparents live at same location	Rural	Anthropology Study	Oriental	South-East Asia	105 (A = 103, B = 103, C = 104, DRB1 = 97)	2010	https://www.allelefrequencies.net/pop6001c.asp?pop_name=China%20Jingpo%20Minority	2026-08-26
china-lijiang-naxi	China Lijiang Naxi	26º 53' N	100º 14' E	Not Known	Rural	Anthropology Study	Oriental	South-East Asia	100	2001	https://www.allelefrequencies.net/pop6001c.asp?pop_name=China%20Lijiang%20Naxi	2026-08-26
china-marrow-donor-registry	China Marrow Donor Registry	39º 54' N	116º 23' E	Not Known	Urban and Rural	Bone Marrow Registry	Oriental	South-East Asia	600	2012	https://www.allelefrequencies.net/pop6001c.asp?pop_name=China%20Marrow%20Donor%20Registry	2026-08-26
china-mongolia-province-kir	China Mongolia Province KIR	43º 37' N	122º 15' E	Not Known	Unknown	Anthropology Study	Oriental	South-East Asia	90	2010	https://www.allelefrequencies.net/pop6001c.asp?pop_name=China%20Mongolia%20Province%20KIR	2026-08-26
china-nanjing-kir	China Nanjing KIR	32º 3' N	118º 46' E	Not Known	Urban	Controls for Disease Study	Oriental	South-East Asia	238	2006	https://www.allelefrequencies.net/pop6001c.asp?pop_name=China%20Nanjing%20KIR	2026-08-26
china-north-han	China North Han	39º 54' N	116º 24' E	Not Known	Unknown	Anthropology Study	Oriental	South-East Asia	105	2004	https://www.allelefrequencies.net/pop6001c.asp?pop_name=China%20North%20Han	2026-08-26
china-north-han-mic	China North Han MIC	36º 38' N	101º 46' E	Not Known	Unknown	Anthropology Study	Oriental	South-East Asia	32	1996	https://www.allelefrequencies.net/pop6001c.asp?pop_name=China%20North%20Han%20MIC	2026-08-26
china-north-han-pop-2	China North Han pop 2	34º 0' N	113º 40' E	Not Known	Unknown	Bone Marrow Registry	Oriental	South-East Asia	567	2009	https://www.allelefrequencies.net/pop6001c.asp?pop_name=China%20North%20Han%20pop%202	2026-08-26
china-north-han-pop-3	China North Han pop 3	34º 57' N	103º 53' E	Not Known	Urban and Rural	Anthropology Study	Oriental	South-East Asia	473	2011	https://www.allelefrequencies.net/pop6001c.asp?pop_name=China%20North%20Han%20pop%203	2026-08-26
china-pumi	China Pumi	24º 30' N	101º 30' E	Not Known	Rural	Blood Donor	Oriental	South-East Asia	51	2001	https://www.allelefrequencies.net/pop6001c.asp?pop_name=China%20Pumi	2026-08-26
china-qinghai-province-hui	China Qinghai Province Hui	36º 0' N	102º 0' E	Grandparents live at same location	Urban and Rural	Anthropology Study	Oriental	South-East Asia	110	2005	https://www.allelefrequencies.net/pop6001c.asp?pop_name=China%20Qinghai%20Province%20Hui	2026-08-26
china-shaanxi-province-han	China Shaanxi Province Han	34º 0' N	109º 0' E	Not Known	Unknown	Bone Marrow Registry	Oriental	South-East Asia	10000	2009	https://www.allelefrequencies.net/pop6001c.asp?pop_name=China%20Shaanxi%20Province%20Han	2026-08-26
china-shaanxi-province-han-kir	China Shaanxi Province Han KIR	35º 36' N	108º 24' E	Grandparents live at same location	Unknown	Anthropology Study	Oriental	South-East Asia	104	2010	https://www.allelefrequencies.net/pop6001c.asp?pop_name=China%20Shaanxi%20Province%20Han%20KIR	2026-08-26
china-shandong-province	China Shandong Province	36º 30' N	118º 0' E	Not Known	Unknown	Other	Oriental	South-East Asia	7418	2008	https://www.allelefrequencies.net/pop6001c.asp?pop_name=China%20Shandong%20Province	2026-08-26
china-shandong-province-han	China Shandong Province Han	36º 30' N	118º 0' E	Grandparents live at same location	Urban and Rural	Anthropology Study	Oriental	South-East Asia	98	2004	https://www.allelefrequencies.net/pop6001c.asp?pop_name=China%20Shandong%20Province%20Han	2026-08-26
china-shandong-province-linqu-county	China Shandong Province Linqu County	36º 0' N	118º 0' E	Not Known	Rural	Controls for Disease Study	Oriental	South-East Asia	139	2004	https://www.allelefrequencies.net/pop6001c.asp?pop_name=China%20Shandong%20Province%20Linqu%20County	2026-08-26
china-shanghai	China Shanghai	31º 12' N	121º 30' E	Not Known	Urban and Rural	Bone Marrow Registry	Oriental	South-East Asia	26266	2006	https://www.allelefrequencies.net/pop6001c.asp?pop_name=China%20Shanghai	2026-08-26
china-shanghai-han-mic	China Shanghai Han MIC	31º 12' N	121º 30' E	Not Known	Unknown	Other	Oriental	South-East Asia	183	2001	https://www.allelefrequencies.net/pop6001c.asp?pop_name=China%20Shanghai%20Han%20MIC	2026-08-26
china-shanghai-pop-2	China Shanghai pop 2	31º 12' N	121º 30' E	Not Known	Unknown	Anthropology Study	Oriental	South-East Asia	40	1998	https://www.allelefrequencies.net/pop6001c.asp?pop_name=China%20Shanghai%20pop%202	2026-08-26
china-shanghai-pop-3	China Shanghai pop 3	31º 14' N	121º 28' E	Not Known	Unknown	Anthropology Study	Oriental	South-East Asia	58	1992	https://www.allelefrequencies.net/pop6001c.asp?pop_name=China%20Shanghai%20pop%203	2026-08-26
china-shanxi-hiv-negative	China Shanxi HIV negative	36º 5' N	111º 50' E	Not Known	Urban and Rural	Disease Study Patients	Oriental	South-East Asia	22	2009	https://www.allelefrequencies.net/pop6001c.asp?pop_name=China%20Shanxi%20HIV%20negative	2026-08-26
china-shenzhen-han-kir	China Shenzhen Han KIR	23º 32' N	114º 3' E	Not Known	Urban and Rural	Anthropology Study	Oriental	South-East Asia	306	2013	https://www.allelefrequencies.net/pop6001c.asp?pop_name=China%20Shenzhen%20Han%20KIR	2026-08-26
china-shenzhen-han-kir-pop-2	China Shenzhen Han KIR pop 2	22º 33' N	114º 3' E	Not Known	Unknown	Blood Donor	Oriental	South-East Asia	503	2011	https://www.allelefrequencies.net/pop6001c.asp?pop_name=China%20Shenzhen%20Han%20KIR%20pop%202	2026-08-26
china-sichuan-hiv-negative	China Sichuan HIV negative	30º 50' N	102º 49' E	Not Known	Urban and Rural	Disease Study Patients	Oriental	South-East Asia	34	2009	https://www.allelefrequencies.net/pop6001c.asp?pop_name=China%20Sichuan%20HIV%20negative	2026-08-26
china-sichuan-province-han-mic	China Sichuan Province Han MIC	30º 39' N	104º 4' E	Not Known	Unknown	Controls for Disease Study	Oriental	South-East Asia	200	1999	https://www.allelefrequencies.net/pop6001c.asp?pop_name=China%20Sichuan%20Province%20Han%20MIC	2026-08-26
china-south-han	China South Han	23º 1' N	113º 3' E	Not Known	Urban	Anthropology Study	Oriental	South-East Asia	284	2002	https://www.allelefrequencies.net/pop6001c.asp?pop_name=China%20South%20Han	2026-08-26
china-south-han-pop-2	China South Han pop 2	28º 22' N	115º 49' E	Not Known	Unknown	Bone Marrow Registry	Oriental	South-East Asia	1098	2009	https://www.allelefrequencies.net/pop6001c.asp?pop_name=China%20South%20Han%20pop%202	2026-08-26
china-south-han-pop-3	China South Han pop 3	34º 57' N	103º 53' E	Not Known	Urban and Rural	Anthropology Study	Oriental	South-East Asia	527	2011	https://www.allelefrequencies.net/pop6001c.asp?pop_name=China%20South%20Han%20pop%203	2026-08-26
china-southwest-dai	China Southwest Dai	22º 0' N	100º 48' E	Grandparents live at same location	Rural	Anthropology Study	Oriental	South-East Asia	124	2008	https://www.allelefrequencies.net/pop6001c.asp?pop_name=China%20Southwest%20Dai	2026-08-26
china-tibet-lhasa-kir	China Tibet Lhasa KIR	29º 39' N	91º 6' E	Grandparents live at same location	Unknown	Anthropology Study	Oriental	South-East Asia	102	2009	https://www.allelefrequencies.net/pop6001c.asp?pop_name=China%20Tibet%20Lhasa%20KIR	2026-08-26
china-tibet-region-tibetan	China Tibet Region Tibetan	29º 39' N	91º 7' E	Not Known	Rural	Anthropology Study	Oriental	South-East Asia	158	2005	https://www.allelefrequencies.net/pop6001c.asp?pop_name=China%20Tibet%20Region%20Tibetan	2026-08-26
china-urumqi-han	China Urumqi Han	43º 48' N	87º 35' E	Not Known	Urban	Anthropology Study	Oriental	South-East Asia	59	1996	https://www.allelefrequencies.net/pop6001c.asp?pop_name=China%20Urumqi%20Han	2026-08-26
china-urumqi-kazak	China Urumqi Kazak	43º 48' N	87º 35' E	Not Known	Urban	Anthropology Study	Oriental	South-East Asia	42	1996	https://www.allelefrequencies.net/pop6001c.asp?pop_name=China%20Urumqi%20Kazak	2026-08-26
china-urumqi-uyghur	China Urumqi Uyghur	43º 48' N	87º 35' E	Not Known	Urban	Anthropology Study	Oriental	South-East Asia	57	1997	https://www.allelefrequencies.net/pop6001c.asp?pop_name=China%20Urumqi%20Uyghur	2026-08-26
china-uyghur-hiv-negative	China Uyghur HIV negative	36º 34' N	103º 49' E	Not Known	Urban and Rural	Controls for Disease Study	Oriental	South-East Asia	19	2009	https://www.allelefrequencies.net/pop6001c.asp?pop_name=China%20Uyghur%20HIV%20negative	2026-08-26
china-uygur-mic	China Uygur MIC	43º 48' N	87º 35' E	Not Known	Unknown	Anthropology Study	Oriental	South-East Asia	49	1996	https://www.allelefrequencies.net/pop6001c.asp?pop_name=China%20Uygur%20MIC	2026-08-26
china-wanwei-wutou-and-shanxin-islands-jing	China Wanwei, Wutou and Shanxin Islands Jing	33º 15' N	112º 58' E	Not Known	Rural	Anthropology Study	Oriental	South-East Asia	138 (DPB1 = 137, DQB1 = 118)	2002	https://www.allelefrequencies.net/pop6001c.asp?pop_name=China%20Wanwei%2C%20Wutou%20and%20Shanxin%20Islands%20Jing	2026-08-26
china-wuhan	China Wuhan	30º 45' N	114º 15' E	Not Known	Urban	Anthropology Study	Oriental	South-East Asia	121	1997	https://www.allelefrequencies.net/pop6001c.asp?pop_name=China%20Wuhan	2026-08-26
china-xinjiang-province-uyghur	China Xinjiang Province Uyghur	40º 42' N	85º 38' E	Not Known	Urban and Rural	Anthropology Study	Oriental	South-East Asia	92	1995	https://www.allelefrequencies.net/pop6001c.asp?pop_name=China%20Xinjiang%20Province%20Uyghur	2026-08-26
china-xinjiang-province-uygur-mic	China Xinjiang Province Uygur MIC	43º 44' N	87º 34' E	Not Known	Unknown	Other	Oriental	South-East Asia	66	2001	https://www.allelefrequencies.net/pop6001c.asp?pop_name=China%20Xinjiang%20Province%20Uygur%20MIC	2026-08-26
china-xinjiang-region-urumqi-uygur-kir	China Xinjiang Region Urumqi Uygur KIR	43º 49' N	87º 36' E	Grandparents live at same location	Unknown	Anthropology Study	Oriental	South-East Asia	120	2010	https://www.allelefrequencies.net/pop6001c.asp?pop_name=China%20Xinjiang%20Region%20Urumqi%20Uygur%20KIR	2026-08-26
china-yichun	China Yichun	25º 2' N	102º 42' E	Not Known	Rural	Blood Donor	Oriental	South-East Asia	76	2000	https://www.allelefrequencies.net/pop6001c.asp?pop_name=China%20Yichun	2026-08-26
china-yunnan-bulang	China Yunnan Bulang	21º 57' N	100º 27' E	Not Known	Unknown	Anthropology Study	Oriental	South-East Asia	116	2010	https://www.allelefrequencies.net/pop6001c.asp?pop_name=China%20Yunnan%20Bulang	2026-08-26
china-yunnan-han-kir	China Yunnan Han KIR	25º 2' N	102º 42' E	Not Known	Unknown	Anthropology Study	Oriental	South-East Asia	404	2011	https://www.allelefrequencies.net/pop6001c.asp?pop_name=China%20Yunnan%20Han%20KIR	2026-08-26
china-yunnan-hani	China Yunnan Hani	21º 59' N	100º 49' E	Not Known	Unknown	Anthropology Study	Oriental	South-East Asia	150	2010	https://www.allelefrequencies.net/pop6001c.asp?pop_name=China%20Yunnan%20Hani	2026-08-26
china-yunnan-province-bai	China Yunnan Province Bai	24º 30' N	101º 30' E	Not Known	Urban and Rural	Anthropology Study	Oriental	South-East Asia	128	2006	https://www.allelefrequencies.net/pop6001c.asp?pop_name=China%20Yunnan%20Province%20Bai	2026-08-26
china-yunnan-province-blang	China Yunnan Province Blang	24º 30' N	101º 30' E	Grandparents live at same location	Unknown	Anthropology Study	Oriental	South-East Asia	94	2006	https://www.allelefrequencies.net/pop6001c.asp?pop_name=China%20Yunnan%20Province%20Blang	2026-08-26
china-yunnan-province-dai	China Yunnan Province Dai	24º 30' N	101º 30' E	Not Known	Unknown	Anthropology Study	Oriental	South-East Asia	74	1995	https://www.allelefrequencies.net/pop6001c.asp?pop_name=China%20Yunnan%20Province%20Dai	2026-08-26
china-yunnan-province-dai-mic	China Yunnan Province Dai MIC	24º 30' N	101º 30' E	Not Known	Unknown	Other	Oriental	South-East Asia	41	2001	https://www.allelefrequencies.net/pop6001c.asp?pop_name=China%20Yunnan%20Province%20Dai%20MIC	2026-08-26
china-yunnan-province-dali-bai-kir	China Yunnan Province Dali Bai KIR	25º 36' N	100º 16' E	Grandparents live at same location	Unknown	Anthropology Study	Oriental	South-East Asia	100	2010	https://www.allelefrequencies.net/pop6001c.asp?pop_name=China%20Yunnan%20Province%20Dali%20Bai%20KIR	2026-08-26
china-yunnan-province-drung	China Yunnan Province Drung	24º 30' N	101º 30' E	Not Known	Unknown	Anthropology Study	Oriental	South-East Asia	70	2000	https://www.allelefrequencies.net/pop6001c.asp?pop_name=China%20Yunnan%20Province%20Drung	2026-08-26
china-yunnan-province-drung-kir	China Yunnan Province Drung KIR	25º 3' N	101º 52' E	Not Known	Rural	Anthropology Study	Oriental	South-East Asia	152	2014	https://www.allelefrequencies.net/pop6001c.asp?pop_name=China%20Yunnan%20Province%20Drung%20KIR	2026-08-26
china-yunnan-province-fengyandong-han-kir	China Yunnan Province Fengyandong Han KIR	24º 3' N	105º 4' E	Not Known	Unknown	Anthropology Study	Oriental	South-East Asia	93	2010	https://www.allelefrequencies.net/pop6001c.asp?pop_name=China%20Yunnan%20Province%20Fengyandong%20Han%20KIR	2026-08-26
china-yunnan-province-fugong-nu-kir	China Yunnan Province Fugong Nu KIR	25º 54' N	98º 52' E	Not Known	Unknown	Anthropology Study	Oriental	South-East Asia	112	2010	https://www.allelefrequencies.net/pop6001c.asp?pop_name=China%20Yunnan%20Province%20Fugong%20Nu%20KIR	2026-08-26
china-yunnan-province-han	China Yunnan Province Han	24º 2' N	105º 3' E	Not Known	Unknown	Anthropology Study	Oriental	South-East Asia	101	2008	https://www.allelefrequencies.net/pop6001c.asp?pop_name=China%20Yunnan%20Province%20Han	2026-08-26
china-yunnan-province-han-pop-2	China Yunnan Province Han pop 2	24º 30' N	101º 30' E	Grandparents live at same location	Rural	Anthropology Study	Oriental	South-East Asia	129 (A = 122, B = 95)	2004	https://www.allelefrequencies.net/pop6001c.asp?pop_name=China%20Yunnan%20Province%20Han%20pop%202	2026-08-26
china-yunnan-province-hani	China Yunnan Province Hani	24º 30' N	101º 30' E	Not Known	Unknown	Anthropology Study	Oriental	South-East Asia	47	2004	https://www.allelefrequencies.net/pop6001c.asp?pop_name=China%20Yunnan%20Province%20Hani	2026-08-26
china-yunnan-province-jinuo	China Yunnan Province Jinuo	24º 30' N	101º 30' E	Grandparents live at same location	Rural	Anthropology Study	Oriental	South-East Asia	109	2007	https://www.allelefrequencies.net/pop6001c.asp?pop_name=China%20Yunnan%20Province%20Jinuo	2026-08-26
china-yunnan-province-lahu	China Yunnan Province Lahu	24º 30' N	101º 30' E	Not Known	Unknown	Anthropology Study	Oriental	South-East Asia	70 (DQB1 = 56, DRB1 = 56)	2000	https://www.allelefrequencies.net/pop6001c.asp?pop_name=China%20Yunnan%20Province%20Lahu	2026-08-26
china-yunnan-province-lisu	China Yunnan Province Lisu	24º 30' N	101º 30' E	Grandparents live at same location	Rural	Anthropology Study	Oriental	South-East Asia	111	2005	https://www.allelefrequencies.net/pop6001c.asp?pop_name=China%20Yunnan%20Province%20Lisu	2026-08-26
china-yunnan-province-menghai-bulang-kir	China Yunnan Province Menghai Bulang KIR	21º 58' N	100º 28' E	Not Known	Unknown	Anthropology Study	Oriental	South-East Asia	109	2010	https://www.allelefrequencies.net/pop6001c.asp?pop_name=China%20Yunnan%20Province%20Menghai%20Bulang%20KIR	2026-08-26
china-yunnan-province-naxi	China Yunnan Province Naxi	24º 30' N	101º 30' E	Grandparents live at same location	Rural	Anthropology Study	Oriental	South-East Asia	118 (A = 108, B = 82)	2004	https://www.allelefrequencies.net/pop6001c.asp?pop_name=China%20Yunnan%20Province%20Naxi	2026-08-26
china-yunnan-province-naxi-pop-2	China Yunnan Province Naxi pop 2	24º 30' N	101º 30' E	Not Known	Unknown	Anthropology Study	Oriental	South-East Asia	96	2000	https://www.allelefrequencies.net/pop6001c.asp?pop_name=China%20Yunnan%20Province%20Naxi%20pop%202	2026-08-26
china-yunnan-province-nu	China Yunnan Province Nu	24º 30' N	101º 30' E	Grandparents live at same location	Rural	Anthropology Study	Oriental	South-East Asia	107	2005	https://www.allelefrequencies.net/pop6001c.asp?pop_name=China%20Yunnan%20Province%20Nu	2026-08-26
china-yunnan-province-nu-pop-2	China Yunnan Province Nu pop 2	24º 30' N	101º 30' E	Not Known	Unknown	Anthropology Study	Oriental	South-East Asia	72	2005	https://www.allelefrequencies.net/pop6001c.asp?pop_name=China%20Yunnan%20Province%20Nu%20pop%202	2026-08-26
china-yunnan-province-pumi	China Yunnan Province Pumi	24º 30' N	101º 30' E	Not Known	Unknown	Anthropology Study	Oriental	South-East Asia	63	2000	https://www.allelefrequencies.net/pop6001c.asp?pop_name=China%20Yunnan%20Province%20Pumi	2026-08-26
china-yunnan-province-puyi	China Yunnan Province Puyi	24º 30' N	101º 30' E	Grandparents live at same location	Unknown	Anthropology Study	Oriental	South-East Asia	76	2006	https://www.allelefrequencies.net/pop6001c.asp?pop_name=China%20Yunnan%20Province%20Puyi	2026-08-26
china-yunnan-province-sunan-yugu-kir	China Yunnan Province Sunan Yugu KIR	38º 50' N	99º 37' E	Not Known	Unknown	Anthropology Study	Oriental	South-East Asia	104	2010	https://www.allelefrequencies.net/pop6001c.asp?pop_name=China%20Yunnan%20Province%20Sunan%20Yugu%20KIR	2026-08-26
china-yunnan-province-tiandeng-zhuang-kir	China Yunnan Province Tiandeng Zhuang KIR	22º 51' N	107º 23' E	Not Known	Unknown	Anthropology Study	Oriental	South-East Asia	98	2010	https://www.allelefrequencies.net/pop6001c.asp?pop_name=China%20Yunnan%20Province%20Tiandeng%20Zhuang%20KIR	2026-08-26
china-yunnan-province-wa	China Yunnan Province Wa	24º 30' N	101º 30' E	Grandparents live at same location	Rural	Anthropology Study	Oriental	South-East Asia	119	2007	https://www.allelefrequencies.net/pop6001c.asp?pop_name=China%20Yunnan%20Province%20Wa	2026-08-26
china-yunnan-province-yao	China Yunnan Province Yao	24º 30' N	101º 30' E	Grandparents live at same location	Urban	Anthropology Study	Oriental	South-East Asia	66	2004	https://www.allelefrequencies.net/pop6001c.asp?pop_name=China%20Yunnan%20Province%20Yao	2026-08-26
china-zhangjiajie-tujias-mic	China Zhangjiajie Tujias MIC	29º 7' N	110º 28' E	Grandparents live at same location	Urban and Rural	Other	Oriental	South-East Asia	187	2014	https://www.allelefrequencies.net/pop6001c.asp?pop_name=China%20Zhangjiajie%20Tujias%20MIC	2026-08-26
china-zhejiang-han	China Zhejiang Han	27º 2' N	118º 1' E	Not Known	Urban and Rural	Stem cell donors	Oriental	South-East Asia	1734	2018	https://www.allelefrequencies.net/pop6001c.asp?pop_name=China%20Zhejiang%20Han	2026-08-26
china-zhejiang-han-kir	China Zhejiang Han KIR	29º 12' N	120º 30' E	Not Known	Urban and Rural	Controls for Disease Study	Oriental	South-East Asia	273	0	https://www.allelefrequencies.net/pop6001c.asp?pop_name=China%20Zhejiang%20Han%20KIR	2026-08-26
china-zhejiang-han-mic	China Zhejiang Han MIC	29º 11' N	119º 39' E	Not Known	Unknown	Blood Donor	Oriental	South-East Asia	400	2012	https://www.allelefrequencies.net/pop6001c.asp?pop_name=China%20Zhejiang%20Han%20MIC	2026-08-26
china-zhejiang-han-pop-2	China Zhejiang Han pop 2	27º 2' N	118º 1' E	Not Known	Unknown	Bone Marrow Registry	Asian	South-East Asia	833	2020	https://www.allelefrequencies.net/pop6001c.asp?pop_name=China%20Zhejiang%20Han%20pop%202	2026-08-26
china-zhejiang-province-han	China Zhejiang Province Han	29º 0' N	120º 0' E	Not Known	Unknown	Controls for Disease Study	Oriental	South-East Asia	146	2005	https://www.allelefrequencies.net/pop6001c.asp?pop_name=China%20Zhejiang%20Province%20Han	2026-08-26
china-zhejiang-province-han-kir	China Zhejiang Province Han KIR	30º 15' N	120º 10' E	Not Known	Unknown	Anthropology Study	Oriental	South-East Asia	104	2004	https://www.allelefrequencies.net/pop6001c.asp?pop_name=China%20Zhejiang%20Province%20Han%20KIR	2026-08-26
china-zhejiang-province-han-kir-pop-2	China Zhejiang Province Han KIR pop 2	38º 41' N	96º 30' E	Not Known	Urban and Rural	Blood Donor	Oriental	South-East Asia	162	2011	https://www.allelefrequencies.net/pop6001c.asp?pop_name=China%20Zhejiang%20Province%20Han%20KIR%20pop%202	2026-08-26
china-zhejiang-province-han-mic	China Zhejiang Province Han MIC	29º 0' N	120º 0' E	Not Known	Unknown	Blood Donor	Oriental	South-East Asia	100	2008	https://www.allelefrequencies.net/pop6001c.asp?pop_name=China%20Zhejiang%20Province%20Han%20MIC	2026-08-26
china-pop1	China pop1	34º 9' N	100º 11' E	Not Known	Urban and Rural	Controls for Disease Study	Oriental	South-East Asia	103	2012	https://www.allelefrequencies.net/pop6001c.asp?pop_name=China%20pop1	2026-08-26
china-xinjiang-uyghur-autonomous-region-han	China, Xinjiang Uyghur Autonomous Region Han	43º 77' N	87º 68' E	Not Known	Urban and Rural	Disease Study Patients	Oriental	South-East Asia	70	2018	https://www.allelefrequencies.net/pop6001c.asp?pop_name=China%2C%20Xinjiang%20Uyghur%20Autonomous%20Region%20Han	2026-08-26
china-xinjiang-uyghur-autonomous-region-hui	China, Xinjiang Uyghur Autonomous Region Hui	43º 77' N	87º 68' E	Not Known	Urban and Rural	Disease Study Patients	Oriental	South-East Asia	40 (DRB1 = 17)	2018	https://www.allelefrequencies.net/pop6001c.asp?pop_name=China%2C%20Xinjiang%20Uyghur%20Autonomous%20Region%20Hui	2026-08-26
china-xinjiang-uyghur-autonomous-region-kazakh	China, Xinjiang Uyghur Autonomous Region Kazakh	43º 77' N	87º 68' E	Not Known	Urban and Rural	Disease Study Patients	Oriental	South-East Asia	52 (DRB1 = 33)	2018	https://www.allelefrequencies.net/pop6001c.asp?pop_name=China%2C%20Xinjiang%20Uyghur%20Autonomous%20Region%20Kazakh	2026-08-26
china-xinjiang-uyghur-autonomous-region-uyghur	China, Xinjiang Uyghur Autonomous Region Uyghur	43º 77' N	87º 68' E	Not Known	Urban and Rural	Disease Study Patients	Oriental	South-East Asia	71 (DRB1 = 46)	2018	https://www.allelefrequencies.net/pop6001c.asp?pop_name=China%2C%20Xinjiang%20Uyghur%20Autonomous%20Region%20Uyghur	2026-08-26
colombia-african-pop-2	Colombia African pop 2	11º 51' N	72º 2' W	Not Known	Unknown	Anthropology Study	Black	South and Central America	38	2006	https://www.allelefrequencies.net/pop6001c.asp?pop_name=Colombia%20African%20pop%202	2026-08-26
colombia-amazon-region-coreguaje	Colombia Amazon Region Coreguaje	1º 36' N	75º 36' W	Grandparents live at same location	Rural	Anthropology Study	Amerindian	South and Central America	30	1995	https://www.allelefrequencies.net/pop6001c.asp?pop_name=Colombia%20Amazon%20Region%20Coreguaje	2026-08-26
colombia-amazon-region-coreguaje-pop-2	Colombia Amazon Region Coreguaje pop 2	1º 36' N	75º 36' W	Not Known	Rural	Anthropology Study	Amerindian	South and Central America	45	1995	https://www.allelefrequencies.net/pop6001c.asp?pop_name=Colombia%20Amazon%20Region%20Coreguaje%20pop%202	2026-08-26
colombia-amazon-region-vaupes	Colombia Amazon Region Vaupes	2º 34' N	72º 38' W	Not Known	Rural	Anthropology Study	Amerindian	South and Central America	46	1995	https://www.allelefrequencies.net/pop6001c.asp?pop_name=Colombia%20Amazon%20Region%20Vaupes	2026-08-26
colombia-antioquia-paisa	Colombia Antioquia Paisa	6º 14' N	75º 34' W	Not Known	Urban	Anthropology Study	Amerindian	South and Central America	100	2000	https://www.allelefrequencies.net/pop6001c.asp?pop_name=Colombia%20Antioquia%20Paisa	2026-08-26
colombia-arhuaco-na-dhs-16-g	Colombia Arhuaco NA-DHS_16 (G)	11º 0' N	73º 0' W	Not Known	Rural	Anthropology Study	Amerindian	South and Central America	17	2008	https://www.allelefrequencies.net/pop6001c.asp?pop_name=Colombia%20Arhuaco%20NA-DHS_16%20%28G%29	2026-08-26
colombia-barranquilla	Colombia Barranquilla	10º 57' N	74º 47' W	Grandparents live at same location	Urban and Rural	Anthropology Study	Mixed	South and Central America	188	2017	https://www.allelefrequencies.net/pop6001c.asp?pop_name=Colombia%20Barranquilla	2026-08-26
colombia-bogota-and-medellin-mestizo	Colombia Bogota and Medellin Mestizo	5º 0' N	74º 0' W	Grandparents live at same location	Urban	Controls for Disease Study	Mestizo	South and Central America	65	2002	https://www.allelefrequencies.net/pop6001c.asp?pop_name=Colombia%20Bogota%20and%20Medellin%20Mestizo	2026-08-26
colombia-bogot-cord-blood	Colombia Bogotá Cord Blood	4º 39' N	73º 52' W	Parents live at same location	Urban	Other	Mestizo	South and Central America	1463	2017	https://www.allelefrequencies.net/pop6001c.asp?pop_name=Colombia%20Bogot%C3%A1%20Cord%20Blood	2026-08-26
colombia-east-amazon-region-nukak	Colombia East Amazon Region Nukak	2º 34' N	72º 38' W	Grandparents live at same location	Rural	Anthropology Study	Amerindian	South and Central America	20	1995	https://www.allelefrequencies.net/pop6001c.asp?pop_name=Colombia%20East%20Amazon%20Region%20Nukak	2026-08-26
colombia-embera-na-dhs-19-g	Colombia Embera NA-DHS_19 (G)	7º 0' N	76º 0' W	Not Known	Rural	Anthropology Study	Amerindian	South and Central America	14	2008	https://www.allelefrequencies.net/pop6001c.asp?pop_name=Colombia%20Embera%20NA-DHS_19%20%28G%29	2026-08-26
colombia-guajira-desert-wayuu	Colombia Guajira Desert Wayuu	11º 32' N	72º 54' W	Not Known	Rural	Anthropology Study	Amerindian	South and Central America	54	1995	https://www.allelefrequencies.net/pop6001c.asp?pop_name=Colombia%20Guajira%20Desert%20Wayuu	2026-08-26
colombia-guajira-peninsula-wayuu	Colombia Guajira Peninsula Wayuu	11º 51' N	72º 2' W	Not Known	Rural	Anthropology Study	Amerindian	South and Central America	88	1995	https://www.allelefrequencies.net/pop6001c.asp?pop_name=Colombia%20Guajira%20Peninsula%20Wayuu	2026-08-26
colombia-guajira-peninsula-wayuu-pop-2	Colombia Guajira Peninsula Wayuu pop 2	11º 51' N	72º 2' W	Not Known	Unknown	Anthropology Study	Amerindian	South and Central America	47	2006	https://www.allelefrequencies.net/pop6001c.asp?pop_name=Colombia%20Guajira%20Peninsula%20Wayuu%20pop%202	2026-08-26
colombia-inga-na-dhs-11-g	Colombia Inga NA-DHS_11 (G)	1º 0' N	77º 0' W	Not Known	Rural	Anthropology Study	Amerindian	South and Central America	16 (A = 15, B = 14, C = 15)	2008	https://www.allelefrequencies.net/pop6001c.asp?pop_name=Colombia%20Inga%20NA-DHS_11%20%28G%29	2026-08-26
colombia-jaidukama	Colombia Jaidukama	6º 40' N	75º 43' W	Parents live at same location	Rural	Anthropology Study	Amerindian	South and Central America	39	2011	https://www.allelefrequencies.net/pop6001c.asp?pop_name=Colombia%20Jaidukama	2026-08-26
colombia-kogi-na-dhs-17-g	Colombia Kogi NA-DHS_17 (G)	11º 0' N	74º 0' W	Not Known	Rural	Anthropology Study	Amerindian	South and Central America	15 (B = 14, C = 14, DRB1 = 14)	2008	https://www.allelefrequencies.net/pop6001c.asp?pop_name=Colombia%20Kogi%20NA-DHS_17%20%28G%29	2026-08-26
colombia-medellin-cytokine	Colombia Medellin Cytokine	6º 14' N	75º 34' W	Not Known	Urban and Rural	Controls for Disease Study	Hispanic	South and Central America	102	2006	https://www.allelefrequencies.net/pop6001c.asp?pop_name=Colombia%20Medellin%20Cytokine	2026-08-26
colombia-mestizo-pop-2	Colombia Mestizo pop 2	4º 35' N	74º 4' W	Not Known	Unknown	Anthropology Study	Mestizo	South and Central America	96	2006	https://www.allelefrequencies.net/pop6001c.asp?pop_name=Colombia%20Mestizo%20pop%202	2026-08-26
colombia-north-chimila-amerindians	Colombia North Chimila Amerindians	10º 1' N	74º 13' W	Grandparents live at same location	Rural	Anthropology Study	Amerindian	South and Central America	47	2015	https://www.allelefrequencies.net/pop6001c.asp?pop_name=Colombia%20North%20Chimila%20Amerindians	2026-08-26
colombia-north-eastern-plains-sikuani	Colombia North Eastern Plains Sikuani	6º 11' N	67º 28' W	Grandparents live at same location	Rural	Anthropology Study	Amerindian	South and Central America	27	1995	https://www.allelefrequencies.net/pop6001c.asp?pop_name=Colombia%20North%20Eastern%20Plains%20Sikuani	2026-08-26
colombia-north-wiwa-el-encanto	Colombia North Wiwa El Encanto	10º 10' N	73º 53' W	Grandparents live at same location	Rural	Anthropology Study	Amerindian	South and Central America	52	2016	https://www.allelefrequencies.net/pop6001c.asp?pop_name=Colombia%20North%20Wiwa%20El%20Encanto	2026-08-26
colombia-northwest-choco	Colombia Northwest Choco	5º 42' N	76º 40' W	Not Known	Rural	Anthropology Study	Black	South and Central America	20	1995	https://www.allelefrequencies.net/pop6001c.asp?pop_name=Colombia%20Northwest%20Choco	2026-08-26
colombia-northwest-tule	Colombia Northwest Tule	8º 5' N	76º 43' W	Grandparents live at same location	Rural	Anthropology Study	Amerindian	South and Central America	29	1995	https://www.allelefrequencies.net/pop6001c.asp?pop_name=Colombia%20Northwest%20Tule	2026-08-26
colombia-pacific-coast-region-embera	Colombia Pacific Coast Region Embera	2º 26' N	76º 37' W	Not Known	Rural	Anthropology Study	Amerindian	South and Central America	49	1995	https://www.allelefrequencies.net/pop6001c.asp?pop_name=Colombia%20Pacific%20Coast%20Region%20Embera	2026-08-26
colombia-providencia-island-african	Colombia Providencia Island African	13º 20' N	81º 22' W	Not Known	Rural	Anthropology Study	Black	South and Central America	30	1995	https://www.allelefrequencies.net/pop6001c.asp?pop_name=Colombia%20Providencia%20Island%20African	2026-08-26
colombia-san-basilio-de-palenque	Colombia San Basilio de Palenque	10º 6' N	75º 11' W	Grandparents live at same location	Rural	Anthropology Study	Black	South and Central America	42	2017	https://www.allelefrequencies.net/pop6001c.asp?pop_name=Colombia%20San%20Basilio%20de%20Palenque	2026-08-26
colombia-sierra-nevada-de-santa-marta-arhuaco	Colombia Sierra Nevada de Santa Marta Arhuaco	11º 14' N	74º 12' W	Not Known	Rural	Anthropology Study	Amerindian	South and Central America	107	1995	https://www.allelefrequencies.net/pop6001c.asp?pop_name=Colombia%20Sierra%20Nevada%20de%20Santa%20Marta%20Arhuaco	2026-08-26
colombia-sierra-nevada-de-santa-marta-arsario	Colombia Sierra Nevada de Santa Marta Arsario	11º 14' N	74º 12' W	Not Known	Rural	Anthropology Study	Amerindian	South and Central America	18	1995	https://www.allelefrequencies.net/pop6001c.asp?pop_name=Colombia%20Sierra%20Nevada%20de%20Santa%20Marta%20Arsario	2026-08-26
colombia-sierra-nevada-de-santa-marta-arsario-pop-2	Colombia Sierra Nevada de Santa Marta Arsario pop 2	11º 14' N	74º 12' W	Not Known	Rural	Anthropology Study	Amerindian	South and Central America	50	1995	https://www.allelefrequencies.net/pop6001c.asp?pop_name=Colombia%20Sierra%20Nevada%20de%20Santa%20Marta%20Arsario%20pop%202	2026-08-26
colombia-sierra-nevada-de-santa-marta-ijka	Colombia Sierra Nevada de Santa Marta Ijka	11º 30' N	74º 10' W	Not Known	Rural	Anthropology Study	Amerindian	South and Central America	40	1995	https://www.allelefrequencies.net/pop6001c.asp?pop_name=Colombia%20Sierra%20Nevada%20de%20Santa%20Marta%20Ijka	2026-08-26
colombia-sierra-nevada-de-santa-marta-ijka-pop-2	Colombia Sierra Nevada de Santa Marta Ijka pop 2	10º 52' N	73º 43' W	Grandparents live at same location	Rural	Anthropology Study	Amerindian	South and Central America	30	1995	https://www.allelefrequencies.net/pop6001c.asp?pop_name=Colombia%20Sierra%20Nevada%20de%20Santa%20Marta%20Ijka%20pop%202	2026-08-26
colombia-sierra-nevada-de-santa-marta-kogi	Colombia Sierra Nevada de Santa Marta Kogi	11º 14' N	74º 12' W	Not Known	Rural	Anthropology Study	Amerindian	South and Central America	42	1995	https://www.allelefrequencies.net/pop6001c.asp?pop_name=Colombia%20Sierra%20Nevada%20de%20Santa%20Marta%20Kogi	2026-08-26
colombia-sierra-nevada-de-santa-marta-kogi-pop-2	Colombia Sierra Nevada de Santa Marta Kogi pop 2	11º 14' N	74º 12' W	Not Known	Rural	Anthropology Study	Amerindian	South and Central America	50	1995	https://www.allelefrequencies.net/pop6001c.asp?pop_name=Colombia%20Sierra%20Nevada%20de%20Santa%20Marta%20Kogi%20pop%202	2026-08-26
colombia-sierra-nevada-de-santa-marta-kogi-pop-3	Colombia Sierra Nevada de Santa Marta Kogi pop 3	10º 52' N	73º 43' W	Grandparents live at same location	Rural	Anthropology Study	Amerindian	South and Central America	31	1995	https://www.allelefrequencies.net/pop6001c.asp?pop_name=Colombia%20Sierra%20Nevada%20de%20Santa%20Marta%20Kogi%20pop%203	2026-08-26
colombia-waunana-na-dhs-20-g	Colombia Waunana NA-DHS_20 (G)	5º 0' N	77º 0' W	Not Known	Rural	Anthropology Study	Amerindian	South and Central America	20	2008	https://www.allelefrequencies.net/pop6001c.asp?pop_name=Colombia%20Waunana%20NA-DHS_20%20%28G%29	2026-08-26
colombia-wayu-from-guajira-peninsula	Colombia Wayu from Guajira Peninsula	12º 2' N	71º 44' W	Grandparents live at same location	Rural	Anthropology Study	Amerindian	South and Central America	48	2011	https://www.allelefrequencies.net/pop6001c.asp?pop_name=Colombia%20Wayu%20from%20Guajira%20Peninsula	2026-08-26
colombia-wayuu-na-dhs-15-g	Colombia Wayuu NA-DHS_15 (G)	11º 0' N	73º 0' W	Not Known	Rural	Anthropology Study	Amerindian	South and Central America	15 (C = 14)	2008	https://www.allelefrequencies.net/pop6001c.asp?pop_name=Colombia%20Wayuu%20NA-DHS_15%20%28G%29	2026-08-26
colombia-west-cauca	Colombia West Cauca	4º 26' N	75º 14' W	Not Known	Rural	Anthropology Study	Black	South and Central America	20	1995	https://www.allelefrequencies.net/pop6001c.asp?pop_name=Colombia%20West%20Cauca	2026-08-26
colombia-west-embera	Colombia West Embera	2º 26' N	76º 37' W	Grandparents live at same location	Rural	Anthropology Study	Amerindian	South and Central America	20	1995	https://www.allelefrequencies.net/pop6001c.asp?pop_name=Colombia%20West%20Embera	2026-08-26
colombia-west-waunana	Colombia West Waunana	3º 25' N	76º 31' W	Grandparents live at same location	Rural	Anthropology Study	Amerindian	South and Central America	30	1995	https://www.allelefrequencies.net/pop6001c.asp?pop_name=Colombia%20West%20Waunana	2026-08-26
colombia-zenu-na-dhs-18-g	Colombia Zenu NA-DHS_18 (G)	9º 0' N	75º 0' W	Not Known	Rural	Anthropology Study	Amerindian	South and Central America	16 (A = 12, C = 12, DRB1 = 12)	2008	https://www.allelefrequencies.net/pop6001c.asp?pop_name=Colombia%20Zenu%20NA-DHS_18%20%28G%29	2026-08-26
colombia-brazil-ticuna-arara-na-dhs-21-g	Colombia/Brazil Ticuna Arara NA-DHS_21 (G)	4º 0' S	70º 0' W	Not Known	Rural	Anthropology Study	Amerindian	South and Central America	17 (A = 15, B = 14, C = 14, DRB1 = 15)	2008	https://www.allelefrequencies.net/pop6001c.asp?pop_name=Colombia/Brazil%20Ticuna%20Arara%20NA-DHS_21%20%28G%29	2026-08-26
colombia-brazil-ticuna-tarapaca-na-dhs-22-g	Colombia/Brazil Ticuna Tarapaca NA-DHS_22 (G)	4º 0' S	70º 0' W	Not Known	Rural	Anthropology Study	Amerindian	South and Central America	19 (C = 17)	2008	https://www.allelefrequencies.net/pop6001c.asp?pop_name=Colombia/Brazil%20Ticuna%20Tarapaca%20NA-DHS_22%20%28G%29	2026-08-26
comoros-mixed-kir	Comoros Mixed KIR	11º 41' S	43º 16' E	Grandparents live at same location	Rural	Anthropology Study	Mixed	Sub-Saharan Africa	54	2005	https://www.allelefrequencies.net/pop6001c.asp?pop_name=Comoros%20Mixed%20KIR	2026-08-26
congo-kinshasa-bantu	Congo Kinshasa Bantu	0º 4' N	18º 16' E	Not Known	Urban	Blood Donor	Black	Sub-Saharan Africa	90	2001	https://www.allelefrequencies.net/pop6001c.asp?pop_name=Congo%20Kinshasa%20Bantu	2026-08-26
congo-kinshasa-ituri-forest-mbuti-kir	Congo Kinshasa Ituri Forest Mbuti KIR	3º 0' N	26º 0' E	Not Known	Rural	Anthropology Study	Black	Sub-Saharan Africa	38	2006	https://www.allelefrequencies.net/pop6001c.asp?pop_name=Congo%20Kinshasa%20Ituri%20Forest%20Mbuti%20KIR	2026-08-26
congo-kinshasa-expatriates-living-in-belgium	Congo Kinshasa expatriates living in Belgium	5º 0' S	15º 0' E	Not Known	Unknown	Other	Black	Sub-Saharan Africa	75	1996	https://www.allelefrequencies.net/pop6001c.asp?pop_name=Congo%20Kinshasa%20expatriates%20living%20in%20Belgium	2026-08-26
congo-teke-kir	Congo Teke KIR	1º 0' S	15º 0' E	Not Known	Urban and Rural	Anthropology Study	Black	Sub-Saharan Africa	49	2008	https://www.allelefrequencies.net/pop6001c.asp?pop_name=Congo%20Teke%20KIR	2026-08-26
cook-islands	Cook Islands	21º 12' S	159º 46' W	Not Known	Rural	Anthropology Study	Polynesian	Oceania	50	2000	https://www.allelefrequencies.net/pop6001c.asp?pop_name=Cook%20Islands	2026-08-26
cook-islands-kir	Cook Islands KIR	21º 12' S	159º 46' W	Grandparents live at same location	Rural	Anthropology Study	Polynesian	Oceania	48	2005	https://www.allelefrequencies.net/pop6001c.asp?pop_name=Cook%20Islands%20KIR	2026-08-26
cook-islands-rarotonga	Cook Islands Rarotonga	21º 14' S	159º 47' W	Not Known	Rural	Anthropology Study	Polynesian	Oceania	78	1995	https://www.allelefrequencies.net/pop6001c.asp?pop_name=Cook%20Islands%20Rarotonga	2026-08-26
costa-rica-african-caribbean-g	Costa Rica African -Caribbean (G)	9º 59' N	83º 1' W	Not Known	Urban and Rural	Anthropology Study	Black	South and Central America	102	2014	https://www.allelefrequencies.net/pop6001c.asp?pop_name=Costa%20Rica%20African%20-Caribbean%20%28G%29	2026-08-26
costa-rica-amerindians-g	Costa Rica Amerindians (G)	9º 34' N	83º 25' W	Not Known	Rural	Anthropology Study	Amerindian	South and Central America	125 (A = 124, B = 123, C = 122, DRB1 = 120)	2014	https://www.allelefrequencies.net/pop6001c.asp?pop_name=Costa%20Rica%20Amerindians%20%28G%29	2026-08-26
costa-rica-cabecar-na-dhs-9-g	Costa Rica Cabecar NA-DHS_9 (G)	10º 0' N	84º 0' W	Not Known	Rural	Anthropology Study	Amerindian	South and Central America	19	2008	https://www.allelefrequencies.net/pop6001c.asp?pop_name=Costa%20Rica%20Cabecar%20NA-DHS_9%20%28G%29	2026-08-26
costa-rica-central-valley-mestizo-g	Costa Rica Central Valley Mestizo  (G)	9º 55' N	84º 5' W	Not Known	Urban	Anthropology Study	Mestizo	South and Central America	221 (DQB1 = 101)	2012	https://www.allelefrequencies.net/pop6001c.asp?pop_name=Costa%20Rica%20Central%20Valley%20Mestizo%20%20%28G%29	2026-08-26
costa-rica-guanacaste-kir	Costa Rica Guanacaste KIR	9º 56' N	84º 5' W	Not Known	Urban and Rural	Controls for Disease Study	Hispanic	South and Central America	117	2004	https://www.allelefrequencies.net/pop6001c.asp?pop_name=Costa%20Rica%20Guanacaste%20KIR	2026-08-26
costa-rica-guanacaste-mestizo-g	Costa Rica Guanacaste Mestizo (G)	10º 16' N	85º 37' W	Not Known	Urban	Anthropology Study	Mestizo	South and Central America	110	2014	https://www.allelefrequencies.net/pop6001c.asp?pop_name=Costa%20Rica%20Guanacaste%20Mestizo%20%28G%29	2026-08-26
costa-rica-guaymi-na-dhs-10-g	Costa Rica Guaymi NA-DHS_10 (G)	9º 0' N	82º 0' W	Not Known	Rural	Anthropology Study	Amerindian	South and Central America	18	2008	https://www.allelefrequencies.net/pop6001c.asp?pop_name=Costa%20Rica%20Guaymi%20NA-DHS_10%20%28G%29	2026-08-26
costa-rica-and-panama-mestizo	Costa Rica and Panama Mestizo	9º 56' N	84º 5' W	Not Known	Rural	Anthropology Study	Mestizo	South and Central America	56	2002	https://www.allelefrequencies.net/pop6001c.asp?pop_name=Costa%20Rica%20and%20Panama%20Mestizo	2026-08-26
cretan-islanders	Cretan Islanders	35º 15' N	24º 39' E	Grandparents live at same location	Urban and Rural	Anthropology Study	Other	Europe	124	2019	https://www.allelefrequencies.net/pop6001c.asp?pop_name=Cretan%20Islanders	2026-08-26
croatia	Croatia	45º 0' N	15º 0' E	Not Known	Urban	Anthropology Study	Caucasoid	Europe	150	2002	https://www.allelefrequencies.net/pop6001c.asp?pop_name=Croatia	2026-08-26
croatia-gorski-kotar-region	Croatia Gorski Kotar Region	45º 29' N	15º 33' E	Not Known	Unknown	Anthropology Study	Caucasoid	Europe	63	2007	https://www.allelefrequencies.net/pop6001c.asp?pop_name=Croatia%20Gorski%20Kotar%20Region	2026-08-26
croatia-kir	Croatia KIR	45º 48' N	15º 58' E	Not Known	Urban and Rural	Controls for Disease Study	Caucasoid	Europe	125	2013	https://www.allelefrequencies.net/pop6001c.asp?pop_name=Croatia%20KIR	2026-08-26
croatia-kir-pop-2	Croatia KIR pop 2	45º 48' N	15º 58' E	Not Known	Urban and Rural	Controls for Disease Study	Caucasoid	Europe	111	2013	https://www.allelefrequencies.net/pop6001c.asp?pop_name=Croatia%20KIR%20pop%202	2026-08-26
croatia-kir-pop-3	Croatia KIR pop 3	45º 48' N	15º 57' E	Not Known	Unknown	Anthropology Study	Caucasoid	Europe	121	2012	https://www.allelefrequencies.net/pop6001c.asp?pop_name=Croatia%20KIR%20pop%203	2026-08-26
croatia-krk-island	Croatia Krk Island	45º 4' N	14º 36' E	Not Known	Rural	Anthropology Study	Caucasoid	Europe	212	1995	https://www.allelefrequencies.net/pop6001c.asp?pop_name=Croatia%20Krk%20Island	2026-08-26
croatia-krk-island-dobrinj	Croatia Krk Island Dobrinj	45º 5' N	14º 34' E	Not Known	Unknown	Anthropology Study	Caucasoid	Europe	28	1996	https://www.allelefrequencies.net/pop6001c.asp?pop_name=Croatia%20Krk%20Island%20Dobrinj	2026-08-26
croatia-krk-island-dubasnica	Croatia Krk Island Dubasnica	45º 5' N	14º 34' E	Not Known	Unknown	Anthropology Study	Caucasoid	Europe	23	1996	https://www.allelefrequencies.net/pop6001c.asp?pop_name=Croatia%20Krk%20Island%20Dubasnica	2026-08-26
croatia-krk-island-vrbnik	Croatia Krk Island Vrbnik	45º 5' N	14º 34' E	Not Known	Unknown	Anthropology Study	Caucasoid	Europe	28	1996	https://www.allelefrequencies.net/pop6001c.asp?pop_name=Croatia%20Krk%20Island%20Vrbnik	2026-08-26
croatia-pop-2	Croatia pop 2	45º 0' N	15º 0' E	Not Known	Urban and Rural	Solid Organ Unrelated Donors	Caucasoid	Europe	100	2005	https://www.allelefrequencies.net/pop6001c.asp?pop_name=Croatia%20pop%202	2026-08-26
croatia-pop-3	Croatia pop 3	45º 6' N	15º 12' E	Not Known	Urban and Rural	Solid Organ Unrelated Donors	Caucasoid	Europe	120	0	https://www.allelefrequencies.net/pop6001c.asp?pop_name=Croatia%20pop%203	2026-08-26
croatia-pop-4	Croatia pop 4	45º 48' N	15º 57' E	Not Known	Urban and Rural	Bone Marrow Registry	Caucasoid	Europe	4000	2011	https://www.allelefrequencies.net/pop6001c.asp?pop_name=Croatia%20pop%204	2026-08-26
cuba-caucasian	Cuba Caucasian	23º 8' N	82º 22' W	Not Known	Unknown	Blood Donor	Caucasoid	South and Central America	70	2000	https://www.allelefrequencies.net/pop6001c.asp?pop_name=Cuba%20Caucasian	2026-08-26
cuba-caucasian-kir	Cuba Caucasian KIR	23º 7' N	82º 22' W	Not Known	Unknown	Blood Donor	Caucasoid	South and Central America	70	2004	https://www.allelefrequencies.net/pop6001c.asp?pop_name=Cuba%20Caucasian%20KIR	2026-08-26
cuba-mixed	Cuba Mixed	23º 8' N	82º 23' W	Not Known	Urban and Rural	Anthropology Study	Mixed	South and Central America	78	2006	https://www.allelefrequencies.net/pop6001c.asp?pop_name=Cuba%20Mixed	2026-08-26
cuba-mixed-race	Cuba Mixed Race	23º 8' N	82º 22' W	Not Known	Unknown	Blood Donor	Mixed	South and Central America	42	2000	https://www.allelefrequencies.net/pop6001c.asp?pop_name=Cuba%20Mixed%20Race	2026-08-26
cuba-mixed-pop-2	Cuba Mixed pop 2	23º 8' N	82º 23' W	Not Known	Urban and Rural	Controls for Disease Study	Mixed	South and Central America	189	2006	https://www.allelefrequencies.net/pop6001c.asp?pop_name=Cuba%20Mixed%20pop%202	2026-08-26
cuban-mixed-race-kir	Cuban Mixed race KIR	23º 8' N	82º 23' W	Not Known	Unknown	Blood Donor	Mixed	South and Central America	42	2003	https://www.allelefrequencies.net/pop6001c.asp?pop_name=Cuban%20Mixed%20race%20KIR	2026-08-26
cyprus-cytokine	Cyprus Cytokine	35º 8' N	33º 28' E	Not Known	Urban and Rural	Bone Marrow Registry	Caucasoid	Western Asia	100	2002	https://www.allelefrequencies.net/pop6001c.asp?pop_name=Cyprus%20Cytokine	2026-08-26
czech-republic	Czech Republic	50º 0' N	14º 0' E	Not Known	Unknown	Anthropology Study	Caucasoid	Europe	106	2002	https://www.allelefrequencies.net/pop6001c.asp?pop_name=Czech%20Republic	2026-08-26
czech-republic-kir	Czech Republic KIR	50º 5' N	14º 25' E	Not Known	Unknown	Anthropology Study	Caucasoid	Europe	125	2007	https://www.allelefrequencies.net/pop6001c.asp?pop_name=Czech%20Republic%20KIR	2026-08-26
czech-republic-kurd	Czech Republic Kurd	49º 44' N	15º 19' E	Not Known	Unknown	Bone Marrow Registry	Kurd	Europe	74	2008	https://www.allelefrequencies.net/pop6001c.asp?pop_name=Czech%20Republic%20Kurd	2026-08-26
czech-republic-moravia-cytokine	Czech Republic Moravia Cytokine	49º 35' N	16º 35' E	Not Known	Unknown	Anthropology Study	Caucasoid	Europe	67	2002	https://www.allelefrequencies.net/pop6001c.asp?pop_name=Czech%20Republic%20Moravia%20Cytokine	2026-08-26
czech-republic-moravia-cytokine-pop2	Czech Republic Moravia Cytokine pop2	49º 35' N	16º 35' E	Not Known	Unknown	Controls for Disease Study	Caucasoid	Europe	90	2014	https://www.allelefrequencies.net/pop6001c.asp?pop_name=Czech%20Republic%20Moravia%20Cytokine%20pop2	2026-08-26
czech-republic-nmdr	Czech Republic NMDR	49º 48' N	15º 30' E	Parents live at same location	Urban and Rural	Bone Marrow Registry	Caucasoid	Europe	5099	2014	https://www.allelefrequencies.net/pop6001c.asp?pop_name=Czech%20Republic%20NMDR	2026-08-26
czech-republic-prague-cytokine	Czech Republic Prague Cytokine	50º 0' N	14º 0' E	Not Known	Urban	Anthropology Study	Caucasoid	Europe	103	2002	https://www.allelefrequencies.net/pop6001c.asp?pop_name=Czech%20Republic%20Prague%20Cytokine	2026-08-26
czech-republic-prague-cytokine-pop2	Czech Republic Prague Cytokine pop2	50º 0' N	14º 0' E	Not Known	Urban and Rural	Other	Caucasoid	Europe	125	2001	https://www.allelefrequencies.net/pop6001c.asp?pop_name=Czech%20Republic%20Prague%20Cytokine%20pop2	2026-08-26
czech-republic-romani	Czech Republic Romani	50º 5' N	14º 28' E	Not Known	Unknown	Anthropology Study	Other	Europe	34	1995	https://www.allelefrequencies.net/pop6001c.asp?pop_name=Czech%20Republic%20Romani	2026-08-26
czech-republic-romani-pop-2	Czech Republic Romani  pop 2	49º 44' N	15º 19' E	Not Known	Unknown	Bone Marrow Registry	Other	Europe	46	2008	https://www.allelefrequencies.net/pop6001c.asp?pop_name=Czech%20Republic%20Romani%20%20pop%202	2026-08-26
czech-republic-pop-2	Czech Republic pop 2	50º 5' N	14º 28' E	Not Known	Unknown	Controls for Disease Study	Caucasoid	Europe	99	1995	https://www.allelefrequencies.net/pop6001c.asp?pop_name=Czech%20Republic%20pop%202	2026-08-26
czech-republic-pop-3	Czech Republic pop 3	50º 7' N	14º 24' E	Not Known	Urban and Rural	Controls for Disease Study	Caucasoid	Europe	180	2015	https://www.allelefrequencies.net/pop6001c.asp?pop_name=Czech%20Republic%20pop%203	2026-08-26
denmark	Denmark	55º 43' N	12º 34' E	Not Known	Urban and Rural	Anthropology Study	Caucasoid	Europe	55	1995	https://www.allelefrequencies.net/pop6001c.asp?pop_name=Denmark	2026-08-26
denmark-copenhagen-kir	Denmark Copenhagen KIR	55º 40' N	12º 34' E	Not Known	Unknown	Anthropology Study	Caucasoid	Europe	50	2006	https://www.allelefrequencies.net/pop6001c.asp?pop_name=Denmark%20Copenhagen%20KIR	2026-08-26
denmark-cytokine	Denmark Cytokine	55º 59' N	10º 2' E	Not Known	Urban and Rural	Controls for Disease Study	Caucasoid	Europe	55	2003	https://www.allelefrequencies.net/pop6001c.asp?pop_name=Denmark%20Cytokine	2026-08-26
denmark-pop-2	Denmark pop 2	57º 2' N	9º 55' E	Not Known	Unknown	Controls for Disease Study	Caucasoid	Europe	150	1998	https://www.allelefrequencies.net/pop6001c.asp?pop_name=Denmark%20pop%202	2026-08-26
east-timor-kir	East Timor KIR	8º 34' S	125º 34' E	Not Known	Rural	Anthropology Study	Austronesian	Oceania	50	2007	https://www.allelefrequencies.net/pop6001c.asp?pop_name=East%20Timor%20KIR	2026-08-26
ecuador-african	Ecuador African	2º 0' S	77º 0' W	Not Known	Unknown	Anthropology Study	Black	South and Central America	58	2000	https://www.allelefrequencies.net/pop6001c.asp?pop_name=Ecuador%20African	2026-08-26
ecuador-african-pop2	Ecuador African pop2	0º 10' N	78º 29' W	Not Known	Unknown	Controls for Disease Study	Black	South and Central America	45	0	https://www.allelefrequencies.net/pop6001c.asp?pop_name=Ecuador%20African%20pop2	2026-08-26
ecuador-amazonia-mixed-ancestry	Ecuador Amazonia Mixed Ancestry	0º 48' S	76º 54' W	Parents live at same location	Urban and Rural	Solid Organ Unrelated Donors	Mixed	South and Central America	39	2013	https://www.allelefrequencies.net/pop6001c.asp?pop_name=Ecuador%20Amazonia%20Mixed%20Ancestry	2026-08-26
ecuador-amerindians	Ecuador Amerindians	0º 13' S	78º 30' W	Grandparents live at same location	Rural	Blood Donor	Amerindian	South and Central America	63	2017	https://www.allelefrequencies.net/pop6001c.asp?pop_name=Ecuador%20Amerindians	2026-08-26
ecuador-andes-mixed-ancestry	Ecuador Andes Mixed Ancestry	1º 28' S	78º 49' W	Parents live at same location	Urban and Rural	Solid Organ Unrelated Donors	Mixed	South and Central America	824	2013	https://www.allelefrequencies.net/pop6001c.asp?pop_name=Ecuador%20Andes%20Mixed%20Ancestry	2026-08-26
ecuador-cayapa	Ecuador Cayapa	1º 3' N	79º 12' W	Grandparents live at same location	Rural	Anthropology Study	Amerindian	South and Central America	183 (A = 83)	1995	https://www.allelefrequencies.net/pop6001c.asp?pop_name=Ecuador%20Cayapa	2026-08-26
ecuador-cayapa-pop-2	Ecuador Cayapa pop 2	0º 10' N	78º 29' W	Not Known	Unknown	Controls for Disease Study	Amerindian	South and Central America	34	2011	https://www.allelefrequencies.net/pop6001c.asp?pop_name=Ecuador%20Cayapa%20pop%202	2026-08-26
ecuador-coast-mixed-ancestry	Ecuador Coast Mixed Ancestry	2º 11' S	79º 53' W	Parents live at same location	Urban and Rural	Solid Organ Unrelated Donors	Mixed	South and Central America	238	2013	https://www.allelefrequencies.net/pop6001c.asp?pop_name=Ecuador%20Coast%20Mixed%20Ancestry	2026-08-26
ecuador-mixed-ancestry	Ecuador Mixed Ancestry	0º 10' S	78º 28' W	Parents live at same location	Urban and Rural	Solid Organ Unrelated Donors	Mixed	South and Central America	1173	2013	https://www.allelefrequencies.net/pop6001c.asp?pop_name=Ecuador%20Mixed%20Ancestry	2026-08-26
ecuadorean-amerindians	Ecuadorean Amerindians	2º 54' S	79º 0' W	Grandparents live at same location	Urban and Rural	Blood Donor	Amerindian	South and Central America	75	2018	https://www.allelefrequencies.net/pop6001c.asp?pop_name=Ecuadorean%20Amerindians	2026-08-26
england	England	52º 37' N	1º 17' W	Not Known	Urban and Rural	Controls for Disease Study	Caucasoid	Europe	537	2000	https://www.allelefrequencies.net/pop6001c.asp?pop_name=England	2026-08-26
england-bedfordshire	England Bedfordshire	52º 8' N	0º 27' W	Not Known	Urban and Rural	Controls for Disease Study	Caucasoid	Europe	354	2002	https://www.allelefrequencies.net/pop6001c.asp?pop_name=England%20Bedfordshire	2026-08-26
england-bedfordshire-mic	England Bedfordshire MIC	52º 7' N	0º 27' W	Not Known	Unknown	Blood Donor	Caucasoid	Europe	354	2001	https://www.allelefrequencies.net/pop6001c.asp?pop_name=England%20Bedfordshire%20MIC	2026-08-26
england-blood-donors-of-mixed-ethnicity	England Blood Donors of Mixed Ethnicity	52º 21' N	1º 10' W	Not Known	Unknown	Blood Donor	Mixed	Europe	519	2016	https://www.allelefrequencies.net/pop6001c.asp?pop_name=England%20Blood%20Donors%20of%20Mixed%20Ethnicity	2026-08-26
england-cytokine	England Cytokine	52º 33' N	1º 28' W	Not Known	Urban and Rural	Controls for Disease Study	Caucasoid	Europe	90	2000	https://www.allelefrequencies.net/pop6001c.asp?pop_name=England%20Cytokine	2026-08-26
england-kir	England KIR	51º 0' N	0º 0' W	Not Known	Urban and Rural	Other	Caucasoid	Europe	136	2002	https://www.allelefrequencies.net/pop6001c.asp?pop_name=England%20KIR	2026-08-26
england-kir-pop-2	England KIR pop 2	53º 48' N	1º 33' W	Not Known	Urban	Controls for Disease Study	Caucasoid	Europe	94	2005	https://www.allelefrequencies.net/pop6001c.asp?pop_name=England%20KIR%20pop%202	2026-08-26
england-kir-pop-3	England KIR pop 3	51º 45' N	1º 15' W	Not Known	Unknown	Controls for Disease Study	Caucasoid	Europe	334	2006	https://www.allelefrequencies.net/pop6001c.asp?pop_name=England%20KIR%20pop%203	2026-08-26
england-kir-pop-4	England KIR pop 4	51º 30' N	0º 7' W	Not Known	Urban and Rural	Bone Marrow Registry	Caucasoid	Europe	99	2008	https://www.allelefrequencies.net/pop6001c.asp?pop_name=England%20KIR%20pop%204	2026-08-26
england-kir-pop-5	England KIR pop 5	50º 49' N	1º 5' W	Not Known	Unknown	Anthropology Study	Caucasoid	Europe	584	2009	https://www.allelefrequencies.net/pop6001c.asp?pop_name=England%20KIR%20pop%205	2026-08-26
england-lancaster	England Lancaster	54º 2' N	2º 48' W	Not Known	Urban and Rural	Blood Donor	Caucasoid	Europe	545 (C = 428)	2000	https://www.allelefrequencies.net/pop6001c.asp?pop_name=England%20Lancaster	2026-08-26
england-leeds	England Leeds	53º 47' N	1º 32' W	Not Known	Urban and Rural	Blood Donor	Caucasoid	Europe	5024 (C = 2420)	2000	https://www.allelefrequencies.net/pop6001c.asp?pop_name=England%20Leeds	2026-08-26
england-liverpool	England Liverpool	53º 24' N	3º 0' W	Not Known	Urban and Rural	Blood Donor	Caucasoid	Europe	1343 (C = 1054)	2000	https://www.allelefrequencies.net/pop6001c.asp?pop_name=England%20Liverpool	2026-08-26
england-london-ashkenazi-jews	England London Ashkenazi Jews	51º 30' N	0º 7' W	Not Known	Unknown	Bone Marrow Registry	Jew	Europe	500 (C = 412)	1998	https://www.allelefrequencies.net/pop6001c.asp?pop_name=England%20London%20Ashkenazi%20Jews	2026-08-26
england-mic	England MIC	54º 58' N	1º 36' W	Not Known	Urban and Rural	Controls for Disease Study	Caucasoid	Europe	118	2000	https://www.allelefrequencies.net/pop6001c.asp?pop_name=England%20MIC	2026-08-26
england-manchester	England Manchester	53º 28' N	2º 14' W	Not Known	Urban and Rural	Blood Donor	Caucasoid	Europe	1640 (C = 1289)	2000	https://www.allelefrequencies.net/pop6001c.asp?pop_name=England%20Manchester	2026-08-26
england-newcastle	England Newcastle	54º 58' N	1º 36' W	Not Known	Urban and Rural	Blood Donor	Caucasoid	Europe	2739 (C = 1308)	2000	https://www.allelefrequencies.net/pop6001c.asp?pop_name=England%20Newcastle	2026-08-26
england-newcastle-cytokine	England Newcastle Cytokine	55º 0' N	1º 36' W	Not Known	Urban	Blood Donor	Caucasoid	Europe	200	2001	https://www.allelefrequencies.net/pop6001c.asp?pop_name=England%20Newcastle%20Cytokine	2026-08-26
england-norfolk-cytokine	England Norfolk Cytokine	52º 6' N	1º 2' E	Not Known	Urban and Rural	Other	Caucasoid	Europe	2100	2003	https://www.allelefrequencies.net/pop6001c.asp?pop_name=England%20Norfolk%20Cytokine	2026-08-26
england-north-west	England North West	53º 0' N	3º 0' W	Not Known	Urban and Rural	Blood Donor	Caucasoid	Europe	298	2010	https://www.allelefrequencies.net/pop6001c.asp?pop_name=England%20North%20West	2026-08-26
england-north-west-mixed-pop-2	England North West Mixed pop 2	53º 28' N	2º 14' W	Not Known	Urban	Other	Mixed	Europe	379	2013	https://www.allelefrequencies.net/pop6001c.asp?pop_name=England%20North%20West%20Mixed%20pop%202	2026-08-26
england-northwest-cytokine	England Northwest Cytokine	53º 0' N	4º 0' W	Not Known	Urban	Other	Caucasoid	Europe	500	1998	https://www.allelefrequencies.net/pop6001c.asp?pop_name=England%20Northwest%20Cytokine	2026-08-26
england-northwest-mic	England Northwest MIC	53º 28' N	2º 14' W	Not Known	Urban and Rural		Caucasoid	Europe	250	2008	https://www.allelefrequencies.net/pop6001c.asp?pop_name=England%20Northwest%20MIC	2026-08-26
england-northwest-mixed	England Northwest Mixed	53º 28' N	2º 14' W	Not Known	Urban	Anthropology Study	Mixed	Europe	2960	2005	https://www.allelefrequencies.net/pop6001c.asp?pop_name=England%20Northwest%20Mixed	2026-08-26
england-oxfordshire-kir	England Oxfordshire KIR	51º 45' N	1º 15' W	Not Known	Urban and Rural	Controls for Disease Study	Caucasoid	Europe	216	2005	https://www.allelefrequencies.net/pop6001c.asp?pop_name=England%20Oxfordshire%20KIR	2026-08-26
england-sheffield	England Sheffield	53º 23' N	1º 28' W	Not Known	Urban and Rural	Blood Donor	Caucasoid	Europe	4755 (C = 3840)	2000	https://www.allelefrequencies.net/pop6001c.asp?pop_name=England%20Sheffield	2026-08-26
england-south-cytokine	England South Cytokine	51º 0' N	1º 3' W	Not Known	Urban and Rural	Other	Caucasoid	Europe	260	2003	https://www.allelefrequencies.net/pop6001c.asp?pop_name=England%20South%20Cytokine	2026-08-26
england-southeast-cytokine	England Southeast Cytokine	51º 30' N	0º 36' W	Not Known	Urban	Blood Donor	Caucasoid	Europe	76	2000	https://www.allelefrequencies.net/pop6001c.asp?pop_name=England%20Southeast%20Cytokine	2026-08-26
england-west-midlands-afro-caribbean-kir	England West Midlands Afro Caribbean KIR	52º 29' N	1º 54' W	Not Known	Urban and Rural	Blood Donor	Black	Europe	54	2002	https://www.allelefrequencies.net/pop6001c.asp?pop_name=England%20West%20Midlands%20Afro%20Caribbean%20KIR	2026-08-26
england-west-midlands-indian-asian-kir	England West Midlands Indian Asian KIR	52º 29' N	1º 54' W	Not Known	Urban and Rural	Blood Donor	Asian	Europe	35	2002	https://www.allelefrequencies.net/pop6001c.asp?pop_name=England%20West%20Midlands%20Indian%20Asian%20KIR	2026-08-26
england-west-midlands-kir	England West Midlands KIR	52º 55' N	1º 54' W	Not Known	Urban and Rural	Blood Donor	Caucasoid	Europe	126	2002	https://www.allelefrequencies.net/pop6001c.asp?pop_name=England%20West%20Midlands%20KIR	2026-08-26
england-pop-2	England pop 2	53º 23' N	1º 28' W	Not Known	Urban and Rural	Anthropology Study	Caucasoid	Europe	114	2005	https://www.allelefrequencies.net/pop6001c.asp?pop_name=England%20pop%202	2026-08-26
england-pop-3	England pop 3	51º 30' N	0º 7' W	Not Known	Urban and Rural	Controls for Disease Study	Caucasoid	Europe	61 (DQA1 = 59, DQB1 = 50)	1995	https://www.allelefrequencies.net/pop6001c.asp?pop_name=England%20pop%203	2026-08-26
england-pop-4	England pop 4	50º 22' N	4º 8' W	Not Known	Unknown	Controls for Disease Study	Caucasoid	Europe	82	2000	https://www.allelefrequencies.net/pop6001c.asp?pop_name=England%20pop%204	2026-08-26
england-pop-5	England pop 5	54º 0' N	2º 0' W	Not Known	Unknown	Controls for Disease Study	Caucasoid	Europe	42	1990	https://www.allelefrequencies.net/pop6001c.asp?pop_name=England%20pop%205	2026-08-26
england-pop-6	England pop 6	51º 30' N	0º 7' W	Not Known	Urban and Rural	Anthropology Study	Caucasoid	Europe	177	1995	https://www.allelefrequencies.net/pop6001c.asp?pop_name=England%20pop%206	2026-08-26
equatorial-guinea-bioko-island-bubi	Equatorial Guinea Bioko Island Bubi	3º 30' N	8º 42' E	Grandparents live at same location	Unknown	Anthropology Study	Black	Sub-Saharan Africa	100	1996	https://www.allelefrequencies.net/pop6001c.asp?pop_name=Equatorial%20Guinea%20Bioko%20Island%20Bubi	2026-08-26
equatorial-guinea-bioko-island-bubi-kir	Equatorial Guinea Bioko Island Bubi KIR	1º 55' N	10º 6' E	Not Known	Rural	Anthropology Study	Black	Sub-Saharan Africa	95	2009	https://www.allelefrequencies.net/pop6001c.asp?pop_name=Equatorial%20Guinea%20Bioko%20Island%20Bubi%20KIR	2026-08-26
ethiopia-amhara	Ethiopia Amhara	9º 1' N	38º 44' E	Grandparents live at same location	Rural	Anthropology Study	Black	North Africa	98	1995	https://www.allelefrequencies.net/pop6001c.asp?pop_name=Ethiopia%20Amhara	2026-08-26
ethiopia-oromo	Ethiopia Oromo	9º 1' N	38º 44' E	Grandparents live at same location	Rural	Anthropology Study	Black	North Africa	83	1995	https://www.allelefrequencies.net/pop6001c.asp?pop_name=Ethiopia%20Oromo	2026-08-26
fiji-viti-levu-island	Fiji Viti Levu Island	17º 48' S	178º 0' E	Not Known	Rural	Anthropology Study	Melanesian	Oceania	57	1995	https://www.allelefrequencies.net/pop6001c.asp?pop_name=Fiji%20Viti%20Levu%20Island	2026-08-26
finland	Finland	63º 29' N	25º 16' E	Not Known	Urban	Anthropology Study	Caucasoid	Europe	91	2002	https://www.allelefrequencies.net/pop6001c.asp?pop_name=Finland	2026-08-26
finland-helsinki-kir	Finland Helsinki KIR	60º 0' N	25º 0' E	Not Known	Unknown	Solid Organ Unrelated Donors	Caucasoid	Europe	101	2004	https://www.allelefrequencies.net/pop6001c.asp?pop_name=Finland%20Helsinki%20KIR	2026-08-26
finland-kir	Finland KIR	63º 48' N	26º 24' E	Not Known	Unknown	Anthropology Study	Caucasoid	Europe	35	2006	https://www.allelefrequencies.net/pop6001c.asp?pop_name=Finland%20KIR	2026-08-26
finland-pop2	Finland pop2	64º 0' N	26º 0' E	Not Known	Unknown	Controls for Disease Study	Caucasoid	Europe	150	2012	https://www.allelefrequencies.net/pop6001c.asp?pop_name=Finland%20pop2	2026-08-26
france-bordeaux	France Bordeaux	44º 50' N	0º 34' W	Not Known	Urban and Rural	Bone Marrow Registry	Mixed	Europe	990 (A = 931, B = 961, C = 947, DRB1 = 946)	2011	https://www.allelefrequencies.net/pop6001c.asp?pop_name=France%20Bordeaux	2026-08-26
france-ceph	France Ceph	44º 0' N	0º 0' E	Not Known	Urban and Rural	Anthropology Study	Caucasoid	Europe	124	2000	https://www.allelefrequencies.net/pop6001c.asp?pop_name=France%20Ceph	2026-08-26
france-corsica-island	France Corsica Island	42º 9' N	9º 5' E	Grandparents live at same location	Unknown	Anthropology Study	Caucasoid	Europe	100	2000	https://www.allelefrequencies.net/pop6001c.asp?pop_name=France%20Corsica%20Island	2026-08-26
france-french-bone-marrow-donor-registry	France French Bone Marrow Donor Registry	48º 51' N	2º 21' E	Not Known	Urban and Rural	Bone Marrow Registry	Caucasoid	Europe	42623	2013	https://www.allelefrequencies.net/pop6001c.asp?pop_name=France%20French%20Bone%20Marrow%20Donor%20Registry	2026-08-26
france-grenoble	France Grenoble	45º 12' N	5º 43' E	Not Known	Urban and Rural	Bone Marrow Registry	Mixed	Europe	1000 (A = 940, B = 974, C = 957, DRB1 = 964)	2011	https://www.allelefrequencies.net/pop6001c.asp?pop_name=France%20Grenoble	2026-08-26
france-grenoble-nantes-and-rennes	France Grenoble, Nantes and Rennes	47º 13' N	1º 33' W	Not Known	Urban and Rural	Bone Marrow Registry	Caucasoid	Europe	6094	2006	https://www.allelefrequencies.net/pop6001c.asp?pop_name=France%20Grenoble%2C%20Nantes%20and%20Rennes	2026-08-26
france-lille	France Lille	46º 0' N	2º 0' E	Not Known	Unknown	Controls for Disease Study	Caucasoid	Europe	95	1996	https://www.allelefrequencies.net/pop6001c.asp?pop_name=France%20Lille	2026-08-26
france-lyon	France Lyon	45º 45' N	4º 50' E	Not Known	Urban	Bone Marrow Registry	Caucasoid	Europe	4813 (A = 4536, B = 4690, C = 4594, DRB1 = 4640)	2013	https://www.allelefrequencies.net/pop6001c.asp?pop_name=France%20Lyon	2026-08-26
france-marseille	France Marseille	43º 17' N	5º 22' E	Not Known	Urban and Rural	Bone Marrow Registry	Mixed	Europe	1000 (A = 943, B = 975, C = 961, DRB1 = 960)	2011	https://www.allelefrequencies.net/pop6001c.asp?pop_name=France%20Marseille	2026-08-26
france-nantes-kir	France Nantes KIR	47º 13' N	1º 33' W	Not Known	Unknown	Blood Donor	Caucasoid	Europe	59	2007	https://www.allelefrequencies.net/pop6001c.asp?pop_name=France%20Nantes%20KIR	2026-08-26
france-reims	France Reims	49º 15' N	4º 2' E	Parents live at same location	Urban and Rural	Bone Marrow Registry	Caucasoid	Europe	102	2007	https://www.allelefrequencies.net/pop6001c.asp?pop_name=France%20Reims	2026-08-26
france-reims-kir	France Reims KIR	49º 15' N	4º 2' E	Parents live at same location	Urban and Rural	Bone Marrow Registry	Caucasoid	Europe	102	2007	https://www.allelefrequencies.net/pop6001c.asp?pop_name=France%20Reims%20KIR	2026-08-26
france-rennes	France Rennes	48º 6' N	1º 40' W	Not Known	Urban	Anthropology Study	Caucasoid	Europe	200 (DPB1 = 83)	1995	https://www.allelefrequencies.net/pop6001c.asp?pop_name=France%20Rennes	2026-08-26
france-rennes-pop-2	France Rennes pop 2	48º 6' N	1º 40' W	Not Known	Unknown	Controls for Disease Study	Caucasoid	Europe	148	1995	https://www.allelefrequencies.net/pop6001c.asp?pop_name=France%20Rennes%20pop%202	2026-08-26
france-rennes-pop-3	France Rennes pop 3	48º 6' N	1º 40' W	Not Known	Urban and Rural	Anthropology Study	Caucasoid	Europe	200 (A = 102, B = 102)	2000	https://www.allelefrequencies.net/pop6001c.asp?pop_name=France%20Rennes%20pop%203	2026-08-26
france-rennes-pop-4	France Rennes pop 4	48º 6' N	1º 40' W	Not Known	Urban and Rural	Bone Marrow Registry	Mixed	Europe	1000 (A = 928, B = 964, C = 954, DRB1 = 954)	2011	https://www.allelefrequencies.net/pop6001c.asp?pop_name=France%20Rennes%20pop%204	2026-08-26
france-south	France South	43º 36' N	1º 26' E	Not Known	Urban and Rural	Controls for Disease Study	Caucasoid	Europe	350	1995	https://www.allelefrequencies.net/pop6001c.asp?pop_name=France%20South	2026-08-26
france-southeast	France Southeast	46º 0' N	5º 0' E	Parents live at same location	Urban	Anthropology Study	Caucasoid	Europe	130	1996	https://www.allelefrequencies.net/pop6001c.asp?pop_name=France%20Southeast	2026-08-26
france-southeast-kir	France Southeast KIR	46º 0' N	5º 0' E	Parents live at same location	Urban	Anthropology Study	Caucasoid	Europe	130	2003	https://www.allelefrequencies.net/pop6001c.asp?pop_name=France%20Southeast%20KIR	2026-08-26
france-southeast-kir-pop-2	France Southeast KIR pop 2	43º 17' N	5º 22' E	Grandparents live at same location	Urban	Bone Marrow Registry	Caucasoid	Europe	38	2005	https://www.allelefrequencies.net/pop6001c.asp?pop_name=France%20Southeast%20KIR%20pop%202	2026-08-26
france-southeast-kir-pop-3	France Southeast KIR pop 3	43º 18' N	5º 22' E	Not Known	Urban	Blood Donor	Caucasoid	Europe	49	2008	https://www.allelefrequencies.net/pop6001c.asp?pop_name=France%20Southeast%20KIR%20pop%203	2026-08-26
france-west	France West	48º 0' N	2º 0' W	Not Known	Urban and Rural	Bone Marrow Registry	Caucasoid	Europe	100	2003	https://www.allelefrequencies.net/pop6001c.asp?pop_name=France%20West	2026-08-26
france-west-breton	France West Breton	47º 59' N	4º 5' W	Not Known	Urban and Rural	Controls for Disease Study	Caucasoid	Europe	150	1995	https://www.allelefrequencies.net/pop6001c.asp?pop_name=France%20West%20Breton	2026-08-26
france-west-kir	France West KIR	47º 0' N	2º 0' E	Not Known	Urban and Rural	Bone Marrow Registry	Caucasoid	Europe	108	2004	https://www.allelefrequencies.net/pop6001c.asp?pop_name=France%20West%20KIR	2026-08-26
gabon-haut-ogooue-dienga	Gabon Haut-Ogooue Dienga	1º 38' S	13º 35' E	Not Known	Rural	Anthropology Study	Black	Sub-Saharan Africa	167	1997	https://www.allelefrequencies.net/pop6001c.asp?pop_name=Gabon%20Haut-Ogooue%20Dienga	2026-08-26
gabon-kir	Gabon KIR	1º 38' S	13º 35' E	Not Known	Rural	Controls for Disease Study	Black	Sub-Saharan Africa	54	2009	https://www.allelefrequencies.net/pop6001c.asp?pop_name=Gabon%20KIR	2026-08-26
gabon-lambarene	Gabon Lambarene	0º 41' N	10º 13' E	Not Known	Unknown	Anthropology Study	Black	Sub-Saharan Africa	120	1997	https://www.allelefrequencies.net/pop6001c.asp?pop_name=Gabon%20Lambarene	2026-08-26
gambia	Gambia	13º 28' N	16º 0' W	Not Known	Unknown	Anthropology Study	Black	Sub-Saharan Africa	146	2000	https://www.allelefrequencies.net/pop6001c.asp?pop_name=Gambia	2026-08-26
gambia-pop-2	Gambia pop 2	13º 28' N	16º 36' W	Not Known	Unknown	Anthropology Study	Black	Sub-Saharan Africa	100	1998	https://www.allelefrequencies.net/pop6001c.asp?pop_name=Gambia%20pop%202	2026-08-26
gambia-pop-3	Gambia pop 3	13º 0' N	16º 0' W	Parents live at same location	Rural	Disease Study Patients	Black	Sub-Saharan Africa	939 (DPB1 = 929, DQB1 = 721, DRB1 = 916)	2019	https://www.allelefrequencies.net/pop6001c.asp?pop_name=Gambia%20pop%203	2026-08-26
gaza	Gaza	31º 22' N	34º 18' E	Parents live at same location	Urban and Rural	Solid Organ Unrelated Donors	Arab	Western Asia	42	2019	https://www.allelefrequencies.net/pop6001c.asp?pop_name=Gaza	2026-08-26
gaza-palestinians	Gaza  Palestinians	31º 31' N	34º 27' E	Grandparents live at same location	Urban and Rural	Blood Donor	Arab	Western Asia	165	2001	https://www.allelefrequencies.net/pop6001c.asp?pop_name=Gaza%20%20Palestinians	2026-08-26
georgia-caucasus-tbilisi	Georgia Caucasus Tbilisi	41º 42' N	44º 48' E	Grandparents live at same location	Urban and Rural	Anthropology Study	Caucasoid	Western Asia	119	2020	https://www.allelefrequencies.net/pop6001c.asp?pop_name=Georgia%20Caucasus%20Tbilisi	2026-08-26
georgia-kir	Georgia KIR	41º 43' N	44º 47' E	Not Known	Urban	Controls for Disease Study	Caucasoid	Western Asia	188	2012	https://www.allelefrequencies.net/pop6001c.asp?pop_name=Georgia%20KIR	2026-08-26
georgia-kurds	Georgia Kurds	41º 43' N	44º 47' E	Grandparents live at same location	Urban	Blood Donor	Kurd	Western Asia	30	2001	https://www.allelefrequencies.net/pop6001c.asp?pop_name=Georgia%20Kurds	2026-08-26
georgia-svaneti-region-svan	Georgia Svaneti Region Svan	42º 54' N	43º 0' E	Grandparents live at same location	Urban	Anthropology Study	Caucasoid	Western Asia	80	2000	https://www.allelefrequencies.net/pop6001c.asp?pop_name=Georgia%20Svaneti%20Region%20Svan	2026-08-26
georgia-tibilisi	Georgia Tibilisi	41º 41' N	44º 57' E	Not Known	Rural	Anthropology Study	Caucasoid	Western Asia	109	2002	https://www.allelefrequencies.net/pop6001c.asp?pop_name=Georgia%20Tibilisi	2026-08-26
georgia-tibilisi-kurd	Georgia Tibilisi Kurd	41º 41' N	44º 57' E	Not Known	Rural	Anthropology Study	Kurd	Western Asia	31	2002	https://www.allelefrequencies.net/pop6001c.asp?pop_name=Georgia%20Tibilisi%20Kurd	2026-08-26
germany	Germany	50º 6' N	8º 40' E	Not Known	Urban and Rural	Bone Marrow Registry	Caucasoid	Europe	11407	2005	https://www.allelefrequencies.net/pop6001c.asp?pop_name=Germany	2026-08-26
germany-cytokine	Germany Cytokine	52º 6' N	12º 0' E	Not Known	Urban and Rural	Blood Donor	Caucasoid	Europe	200	2002	https://www.allelefrequencies.net/pop6001c.asp?pop_name=Germany%20Cytokine	2026-08-26
germany-cytokine-pop-2	Germany Cytokine pop 2	51º 6' N	10º 23' E	Not Known	Unknown	Controls for Disease Study	Caucasoid	Europe	243	2004	https://www.allelefrequencies.net/pop6001c.asp?pop_name=Germany%20Cytokine%20pop%202	2026-08-26
germany-cytokine-pop-3	Germany Cytokine pop 3	51º 6' N	10º 23' E	Not Known	Urban and Rural	Anthropology Study	Caucasoid	Europe	111	2000	https://www.allelefrequencies.net/pop6001c.asp?pop_name=Germany%20Cytokine%20pop%203	2026-08-26
germany-dkms-austria-minority	Germany DKMS - Austria minority	48º 31' N	9º 3' E	Not Known	Urban and Rural	Bone Marrow Registry	Caucasoid	Europe	1698	2010	https://www.allelefrequencies.net/pop6001c.asp?pop_name=Germany%20DKMS%20-%20Austria%20minority	2026-08-26
germany-dkms-bosnia-and-herzegovina-minority	Germany DKMS - Bosnia and Herzegovina minority	48º 31' N	9º 3' E	Not Known	Urban and Rural	Bone Marrow Registry	Caucasoid	Europe	1028	0	https://www.allelefrequencies.net/pop6001c.asp?pop_name=Germany%20DKMS%20-%20Bosnia%20and%20Herzegovina%20minority	2026-08-26
germany-dkms-china-minority	Germany DKMS - China minority	48º 31' N	9º 3' E	Not Known	Urban and Rural	Bone Marrow Registry	Oriental	Europe	1282	0	https://www.allelefrequencies.net/pop6001c.asp?pop_name=Germany%20DKMS%20-%20China%20minority	2026-08-26
germany-dkms-croatia-minority	Germany DKMS - Croatia minority	48º 31' N	9º 3' E	Not Known	Urban and Rural	Bone Marrow Registry	Caucasoid	Europe	2057	2010	https://www.allelefrequencies.net/pop6001c.asp?pop_name=Germany%20DKMS%20-%20Croatia%20minority	2026-08-26
germany-dkms-france-minority	Germany DKMS - France minority	48º 31' N	9º 3' E	Not Known	Urban and Rural	Bone Marrow Registry	Caucasoid	Europe	1406	2010	https://www.allelefrequencies.net/pop6001c.asp?pop_name=Germany%20DKMS%20-%20France%20minority	2026-08-26
germany-dkms-german-donors	Germany DKMS - German donors	48º 31' N	9º 3' E	Not Known	Urban and Rural	Bone Marrow Registry	Caucasoid	Europe	3456066	2021	https://www.allelefrequencies.net/pop6001c.asp?pop_name=Germany%20DKMS%20-%20German%20donors	2026-08-26
germany-dkms-greece-minority	Germany DKMS - Greece minority	48º 31' N	9º 3' E	Not Known	Urban and Rural	Bone Marrow Registry	Caucasoid	Europe	1894	2010	https://www.allelefrequencies.net/pop6001c.asp?pop_name=Germany%20DKMS%20-%20Greece%20minority	2026-08-26
germany-dkms-italy-minority	Germany DKMS - Italy minority	48º 31' N	9º 3' E	Not Known	Urban and Rural	Bone Marrow Registry	Caucasoid	Europe	1159	2010	https://www.allelefrequencies.net/pop6001c.asp?pop_name=Germany%20DKMS%20-%20Italy%20minority	2026-08-26
germany-dkms-netherlands-minority	Germany DKMS - Netherlands minority	48º 31' N	9º 3' E	Not Known	Urban and Rural	Bone Marrow Registry	Caucasoid	Europe	1374	2010	https://www.allelefrequencies.net/pop6001c.asp?pop_name=Germany%20DKMS%20-%20Netherlands%20minority	2026-08-26
germany-dkms-portugal-minority	Germany DKMS - Portugal minority	48º 31' N	9º 3' E	Not Known	Urban and Rural	Bone Marrow Registry	Caucasoid	Europe	1176	2010	https://www.allelefrequencies.net/pop6001c.asp?pop_name=Germany%20DKMS%20-%20Portugal%20minority	2026-08-26
germany-dkms-romania-minority	Germany DKMS - Romania minority	48º 31' N	9º 3' E	Not Known	Urban and Rural	Bone Marrow Registry	Caucasoid	Europe	1234	2010	https://www.allelefrequencies.net/pop6001c.asp?pop_name=Germany%20DKMS%20-%20Romania%20minority	2026-08-26
germany-dkms-spain-minority	Germany DKMS - Spain minority	48º 31' N	9º 3' E	Not Known	Urban and Rural	Bone Marrow Registry	Caucasoid	Europe	1107	2010	https://www.allelefrequencies.net/pop6001c.asp?pop_name=Germany%20DKMS%20-%20Spain%20minority	2026-08-26
germany-dkms-turkey-minority	Germany DKMS - Turkey minority	48º 31' N	9º 3' E	Not Known	Urban and Rural	Bone Marrow Registry	Caucasoid	Europe	4856	2010	https://www.allelefrequencies.net/pop6001c.asp?pop_name=Germany%20DKMS%20-%20Turkey%20minority	2026-08-26
germany-dkms-united-kingdom-minority	Germany DKMS - United Kingdom minority	48º 31' N	9º 3' E	Not Known	Urban and Rural	Bone Marrow Registry	Caucasoid	Europe	1043	2010	https://www.allelefrequencies.net/pop6001c.asp?pop_name=Germany%20DKMS%20-%20United%20Kingdom%20minority	2026-08-26
germany-essen	Germany Essen	51º 27' N	7º 0' E	Not Known	Urban and Rural	Anthropology Study	Caucasoid	Europe	174	1996	https://www.allelefrequencies.net/pop6001c.asp?pop_name=Germany%20Essen	2026-08-26
germany-hesse-kir	Germany Hesse KIR	50º 39' N	8º 35' E	Not Known	Urban and Rural	Blood Donor	Caucasoid	Europe	99	2003	https://www.allelefrequencies.net/pop6001c.asp?pop_name=Germany%20Hesse%20KIR	2026-08-26
germany-kir	Germany KIR	52º 22' N	9º 44' E	Not Known	Urban and Rural	Blood Donor	Caucasoid	Europe	100	2003	https://www.allelefrequencies.net/pop6001c.asp?pop_name=Germany%20KIR	2026-08-26
germany-mic	Germany MIC	48º 8' N	11º 34' E	Not Known	Urban and Rural	Controls for Disease Study	Caucasoid	Europe	154	2000	https://www.allelefrequencies.net/pop6001c.asp?pop_name=Germany%20MIC	2026-08-26
germany-pop-2	Germany pop 2	52º 22' N	9º 43' E	Not Known	Unknown	Controls for Disease Study	Caucasoid	Europe	206	1995	https://www.allelefrequencies.net/pop6001c.asp?pop_name=Germany%20pop%202	2026-08-26
germany-pop-3	Germany pop 3	50º 48' N	8º 46' E	Not Known	Unknown	Controls for Disease Study	Caucasoid	Europe	111	1996	https://www.allelefrequencies.net/pop6001c.asp?pop_name=Germany%20pop%203	2026-08-26
germany-pop-4	Germany pop 4	50º 6' N	8º 42' E	Not Known	Unknown	Controls for Disease Study	Caucasoid	Europe	90	1998	https://www.allelefrequencies.net/pop6001c.asp?pop_name=Germany%20pop%204	2026-08-26
germany-pop-5	Germany pop 5	50º 44' N	7º 5' E	Not Known	Unknown	Anthropology Study	Caucasoid	Europe	132	1997	https://www.allelefrequencies.net/pop6001c.asp?pop_name=Germany%20pop%205	2026-08-26
germany-pop-6	Germany pop 6	51º 6' N	10º 23' E	Not Known	Urban and Rural	Bone Marrow Registry	Caucasoid	Europe	8862	2005	https://www.allelefrequencies.net/pop6001c.asp?pop_name=Germany%20pop%206	2026-08-26
germany-pop-7	Germany pop 7	51º 6' N	10º 23' E	Not Known	Unknown	Blood Donor	Caucasoid	Europe	13386	1994	https://www.allelefrequencies.net/pop6001c.asp?pop_name=Germany%20pop%207	2026-08-26
germany-pop-8	Germany pop 8	48º 24' N	9º 58' E	Not Known	Urban and Rural	Bone Marrow Registry	Caucasoid	Europe	39689 (A = 39654, B = 39496, DRB1 = 33683)	0	https://www.allelefrequencies.net/pop6001c.asp?pop_name=Germany%20pop%208	2026-08-26
ghana	Ghana	5º 33' N	0º 15' W	Not Known	Unknown	Anthropology Study	Black	Sub-Saharan Africa	42	1998	https://www.allelefrequencies.net/pop6001c.asp?pop_name=Ghana	2026-08-26
ghana-accre-asutuare-akan	Ghana Accre Asutuare Akan	6º 5' N	0º 12' E	Parents live at same location	Rural	Disease Study Patients	Black	Sub-Saharan Africa	429	2011	https://www.allelefrequencies.net/pop6001c.asp?pop_name=Ghana%20Accre%20Asutuare%20Akan	2026-08-26
ghana-ga-adangbe	Ghana Ga-Adangbe	5º 45' N	0º 12' E	Grandparents live at same location	Rural	Anthropology Study	Black	Sub-Saharan Africa	131	2012	https://www.allelefrequencies.net/pop6001c.asp?pop_name=Ghana%20Ga-Adangbe	2026-08-26
ghana-ga-adangbe-kir	Ghana Ga-Adangbe KIR	5º 45' N	0º 12' E	Grandparents live at same location	Rural	Anthropology Study	Black	Sub-Saharan Africa	131	2012	https://www.allelefrequencies.net/pop6001c.asp?pop_name=Ghana%20Ga-Adangbe%20KIR	2026-08-26
ghana-kir	Ghana KIR	5º 33' N	0º 15' W	Not Known	Unknown	Blood Donor	Black	Sub-Saharan Africa	41	2008	https://www.allelefrequencies.net/pop6001c.asp?pop_name=Ghana%20KIR	2026-08-26
ghana-prampram-kir	Ghana Prampram KIR	5º 33' N	0º 15' W	Not Known	Rural	Anthropology Study	Black	Sub-Saharan Africa	154	2005	https://www.allelefrequencies.net/pop6001c.asp?pop_name=Ghana%20Prampram%20KIR	2026-08-26
greece	Greece	37º 58' N	23º 43' E	Not Known	Unknown	Controls for Disease Study	Caucasoid	Europe	48	1995	https://www.allelefrequencies.net/pop6001c.asp?pop_name=Greece	2026-08-26
greece-athens-mic	Greece Athens MIC	37º 58' N	23º 43' E	Not Known	Unknown	Anthropology Study	Caucasoid	Europe	27	1996	https://www.allelefrequencies.net/pop6001c.asp?pop_name=Greece%20Athens%20MIC	2026-08-26
greece-crete	Greece Crete	35º 0' N	25º 0' E	Grandparents live at same location	Rural	Anthropology Study	Caucasoid	Europe	135	1998	https://www.allelefrequencies.net/pop6001c.asp?pop_name=Greece%20Crete	2026-08-26
greece-cytokine	Greece Cytokine	37º 58' N	23º 43' E	Not Known	Urban and Rural	Anthropology Study	Caucasoid	Europe	120	2002	https://www.allelefrequencies.net/pop6001c.asp?pop_name=Greece%20Cytokine	2026-08-26
greece-cytokine-pop-2	Greece Cytokine pop 2	37º 58' N	23º 43' E	Not Known	Urban and Rural	Bone Marrow Registry	Caucasoid	Europe	78	2003	https://www.allelefrequencies.net/pop6001c.asp?pop_name=Greece%20Cytokine%20pop%202	2026-08-26
greece-kir	Greece KIR	37º 58' N	23º 43' E	Not Known	Urban and Rural	Bone Marrow Registry	Caucasoid	Europe	233	2002	https://www.allelefrequencies.net/pop6001c.asp?pop_name=Greece%20KIR	2026-08-26
greece-north	Greece North	40º 0' N	22º 0' E	Not Known	Urban and Rural	Bone Marrow Registry	Caucasoid	Europe	500	2002	https://www.allelefrequencies.net/pop6001c.asp?pop_name=Greece%20North	2026-08-26
greece-north-cytokine	Greece North Cytokine	40º 0' N	22º 0' E	Not Known	Urban and Rural	Other	Caucasoid	Europe	100	2001	https://www.allelefrequencies.net/pop6001c.asp?pop_name=Greece%20North%20Cytokine	2026-08-26
greece-thrace-region-cytokine	Greece Thrace Region Cytokine	41º 42' N	26º 14' E	Not Known	Urban and Rural	Controls for Disease Study	Caucasoid	Europe	27	2002	https://www.allelefrequencies.net/pop6001c.asp?pop_name=Greece%20Thrace%20Region%20Cytokine	2026-08-26
greece-pop-4	Greece pop 4	37º 58' N	23º 43' E	Not Known	Urban and Rural	Controls for Disease Study	Caucasoid	Europe	98	1998	https://www.allelefrequencies.net/pop6001c.asp?pop_name=Greece%20pop%204	2026-08-26
greece-pop-5	Greece pop 5	40º 38' N	22º 57' E	Not Known	Unknown	Controls for Disease Study	Caucasoid	Europe	500	2008	https://www.allelefrequencies.net/pop6001c.asp?pop_name=Greece%20pop%205	2026-08-26
greece-pop-6	Greece pop 6	37º 58' N	23º 43' E	Not Known	Unknown	Anthropology Study	Caucasoid	Europe	242 (B = 212)	2011	https://www.allelefrequencies.net/pop6001c.asp?pop_name=Greece%20pop%206	2026-08-26
greece-pop-7	Greece pop 7	37º 58' N	23º 43' E	Not Known	Urban and Rural	Bone Marrow Registry	Caucasoid	Europe	11250 (A = 10947, B = 11061, C = 759, DRB1 = 9081)	2012	https://www.allelefrequencies.net/pop6001c.asp?pop_name=Greece%20pop%207	2026-08-26
greece-pop-8	Greece pop 8	37º 58' N	23º 43' E	Not Known	Urban and Rural	Bone Marrow Registry	Caucasoid	Europe	83	2013	https://www.allelefrequencies.net/pop6001c.asp?pop_name=Greece%20pop%208	2026-08-26
greece-pop2	Greece pop2	37º 58' N	23º 43' E	Not Known	Urban and Rural	Blood Donor	Caucasoid	Europe	120	1999	https://www.allelefrequencies.net/pop6001c.asp?pop_name=Greece%20pop2	2026-08-26
greece-pop3	Greece pop3	37º 58' N	23º 43' E	Grandparents live at same location	Unknown	Anthropology Study	Caucasoid	Europe	246	1999	https://www.allelefrequencies.net/pop6001c.asp?pop_name=Greece%20pop3	2026-08-26
guadeloupe-mixed-kir	Guadeloupe Mixed KIR	15º 59' N	61º 43' W	Not Known	Unknown	Anthropology Study	Mixed	South and Central America	90	2004	https://www.allelefrequencies.net/pop6001c.asp?pop_name=Guadeloupe%20Mixed%20KIR	2026-08-26
guatemala-kaqchikel-na-dhs-8-g	Guatemala Kaqchikel NA-DHS_8 (G)	15º 0' N	91º 0' W	Not Known	Rural	Anthropology Study	Amerindian	South and Central America	19	2008	https://www.allelefrequencies.net/pop6001c.asp?pop_name=Guatemala%20Kaqchikel%20NA-DHS_8%20%28G%29	2026-08-26
guatemala-mayan	Guatemala Mayan	14º 8' N	91º 5' W	Grandparents live at same location	Rural	Anthropology Study	Amerindian	South and Central America	132	2002	https://www.allelefrequencies.net/pop6001c.asp?pop_name=Guatemala%20Mayan	2026-08-26
guatemala-guatemala-city-mixed-ancestry	Guatemala, Guatemala City Mixed Ancestry	14º 37' N	90º 31' W	Grandparents live at same location	Urban	Solid Organ Unrelated Donors	Mixed ancestry	South and Central America	127	2020	https://www.allelefrequencies.net/pop6001c.asp?pop_name=Guatemala%2C%20Guatemala%20City%20Mixed%20Ancestry	2026-08-26
guinea-bissau	Guinea Bissau	12º 0' N	15º 0' W	Grandparents live at same location	Urban and Rural	Anthropology Study	Black	Sub-Saharan Africa	65	2004	https://www.allelefrequencies.net/pop6001c.asp?pop_name=Guinea%20Bissau	2026-08-26
guinea-bissau-balanta	Guinea Bissau Balanta	11º 52' N	15º 36' W	Grandparents live at same location	Rural	Anthropology Study	Black	Sub-Saharan Africa	48	2007	https://www.allelefrequencies.net/pop6001c.asp?pop_name=Guinea%20Bissau%20Balanta	2026-08-26
guinea-bissau-bijago	Guinea Bissau Bijago	11º 52' N	15º 36' W	Grandparents live at same location	Rural	Anthropology Study	Black	Sub-Saharan Africa	23	2007	https://www.allelefrequencies.net/pop6001c.asp?pop_name=Guinea%20Bissau%20Bijago	2026-08-26
guinea-bissau-fula	Guinea Bissau Fula	11º 52' N	15º 36' W	Grandparents live at same location	Rural	Anthropology Study	Black	Sub-Saharan Africa	31	2007	https://www.allelefrequencies.net/pop6001c.asp?pop_name=Guinea%20Bissau%20Fula	2026-08-26
guinea-bissau-papel	Guinea Bissau Papel	11º 52' N	15º 36' W	Grandparents live at same location	Rural	Anthropology Study	Black	Sub-Saharan Africa	25	2007	https://www.allelefrequencies.net/pop6001c.asp?pop_name=Guinea%20Bissau%20Papel	2026-08-26
hong-kong-chinese	Hong Kong Chinese	22º 16' N	114º 9' E	Not Known	Urban	Bone Marrow Registry	Oriental	South-East Asia	569	2000	https://www.allelefrequencies.net/pop6001c.asp?pop_name=Hong%20Kong%20Chinese	2026-08-26
hong-kong-chinese-bmdr	Hong Kong Chinese BMDR	22º 15' N	114º 10' E	Not Known	Urban	Bone Marrow Registry	Oriental	South-East Asia	7595	2013	https://www.allelefrequencies.net/pop6001c.asp?pop_name=Hong%20Kong%20Chinese%20BMDR	2026-08-26
hong-kong-chinese-cytokine	Hong Kong Chinese Cytokine	22º 3' N	114º 2' E	Not Known	Unknown	Anthropology Study	Oriental	South-East Asia	100	2001	https://www.allelefrequencies.net/pop6001c.asp?pop_name=Hong%20Kong%20Chinese%20Cytokine	2026-08-26
hong-kong-chinese-hkbmdr-hla-11-loci	Hong Kong Chinese HKBMDR HLA 11 loci	22º 25' N	114º 17' E	Not Known	Urban	Bone Marrow Registry	Oriental	South-East Asia	5266	2019	https://www.allelefrequencies.net/pop6001c.asp?pop_name=Hong%20Kong%20Chinese%20HKBMDR%20HLA%2011%20loci	2026-08-26
hong-kong-chinese-hkbmdr-dq-and-dp	Hong Kong Chinese HKBMDR. DQ and DP	22º 17' N	114º 9' E	Not Known	Urban	Bone Marrow Registry	Oriental	South-East Asia	1064	2019	https://www.allelefrequencies.net/pop6001c.asp?pop_name=Hong%20Kong%20Chinese%20HKBMDR.%20DQ%20and%20DP	2026-08-26
hong-kong-chinese-kir	Hong Kong Chinese KIR	22º 0' N	114º 0' E	Not Known	Urban	Bone Marrow Registry	Oriental	South-East Asia	100	2003	https://www.allelefrequencies.net/pop6001c.asp?pop_name=Hong%20Kong%20Chinese%20KIR	2026-08-26
hong-kong-chinese-cord-blood-registry	Hong Kong Chinese cord blood registry	22º 15' N	114º 10' E	Not Known	Urban	Bone Marrow Registry	Oriental	South-East Asia	3892	2013	https://www.allelefrequencies.net/pop6001c.asp?pop_name=Hong%20Kong%20Chinese%20cord%20blood%20registry	2026-08-26
india-andhra-pradesh-brahmin	India Andhra Pradesh Brahmin	17º 20' N	78º 26' E	Grandparents live at same location	Unknown	Anthropology Study	Asian	South Asia	98	2007	https://www.allelefrequencies.net/pop6001c.asp?pop_name=India%20Andhra%20Pradesh%20Brahmin	2026-08-26
india-andhra-pradesh-golla	India Andhra Pradesh Golla	17º 5' N	78º 5' E	Not Known	Rural	Anthropology Study	Asian	South Asia	111	2002	https://www.allelefrequencies.net/pop6001c.asp?pop_name=India%20Andhra%20Pradesh%20Golla	2026-08-26
india-andhra-pradesh-sunni	India Andhra Pradesh Sunni	17º 20' N	78º 26' E	Grandparents live at same location	Unknown	Anthropology Study	Asian	South Asia	100	2007	https://www.allelefrequencies.net/pop6001c.asp?pop_name=India%20Andhra%20Pradesh%20Sunni	2026-08-26
india-andhra-pradesh-telugu-speaking	India Andhra Pradesh Telugu Speaking	13º 4' N	80º 14' E	Not Known	Urban	Bone Marrow Registry	Asian	South Asia	186	2017	https://www.allelefrequencies.net/pop6001c.asp?pop_name=India%20Andhra%20Pradesh%20Telugu%20Speaking	2026-08-26
india-bikaner-non-raikas	India Bikaner Non-Raikas	28º 1' N	73º 18' E	Not Known	Urban and Rural	Anthropology Study	Asian	South Asia	127	2013	https://www.allelefrequencies.net/pop6001c.asp?pop_name=India%20Bikaner%20Non-Raikas	2026-08-26
india-bikaner-raikas	India Bikaner Raikas	28º 1' N	73º 18' E	Not Known	Urban and Rural	Anthropology Study	Asian	South Asia	143	2013	https://www.allelefrequencies.net/pop6001c.asp?pop_name=India%20Bikaner%20Raikas	2026-08-26
india-bombay	India Bombay	18º 58' N	72º 49' E	Not Known	Urban	Anthropology Study	Asian	South Asia	59	2000	https://www.allelefrequencies.net/pop6001c.asp?pop_name=India%20Bombay	2026-08-26
india-central-ucbb	India Central UCBB	27º 1' N	81º 19' E	Not Known	Urban and Rural		Unknown	South Asia	4204	2021	https://www.allelefrequencies.net/pop6001c.asp?pop_name=India%20Central%20UCBB	2026-08-26
india-delhi	India Delhi	28º 0' N	77º 0' E	Not Known	Urban	Controls for Disease Study	Asian	South Asia	112 (DPB1 = 51, DRB1 = 94)	2002	https://www.allelefrequencies.net/pop6001c.asp?pop_name=India%20Delhi	2026-08-26
india-delhi-cytokine	India Delhi Cytokine	28º 0' N	77º 0' E	Not Known	Urban	Controls for Disease Study	Asian	South Asia	34	2002	https://www.allelefrequencies.net/pop6001c.asp?pop_name=India%20Delhi%20Cytokine	2026-08-26
india-delhi-pop-2	India Delhi pop 2	28º 36' N	77º 13' E	Not Known	Urban and Rural	Anthropology Study	Asian	South Asia	90 (C = 81)	2004	https://www.allelefrequencies.net/pop6001c.asp?pop_name=India%20Delhi%20pop%202	2026-08-26
india-east-ucbb	India East UCBB	22º 25' N	88º 18' E	Not Known	Urban and Rural		Unknown	South Asia	2403	2018	https://www.allelefrequencies.net/pop6001c.asp?pop_name=India%20East%20UCBB	2026-08-26
india-jalpaiguri-toto	India Jalpaiguri Toto	26º 30' N	88º 42' E	Not Known	Rural	Anthropology Study	Asian	South Asia	40	2004	https://www.allelefrequencies.net/pop6001c.asp?pop_name=India%20Jalpaiguri%20Toto	2026-08-26
india-karnataka-kannada-speaking	India Karnataka Kannada Speaking	12º 57' N	77º 36' E	Not Known	Urban	Bone Marrow Registry	Other	South Asia	174	2018	https://www.allelefrequencies.net/pop6001c.asp?pop_name=India%20Karnataka%20Kannada%20Speaking	2026-08-26
india-kerala-adiya	India Kerala Adiya	11º 36' N	76º 5' E	Not Known	Rural	Anthropology Study	Asian	South Asia	21	2003	https://www.allelefrequencies.net/pop6001c.asp?pop_name=India%20Kerala%20Adiya	2026-08-26
india-kerala-hindu-ezhava	India Kerala Hindu Ezhava	8º 48' N	76º 36' E	Not Known	Unknown	Anthropology Study	Asian	South Asia	24	2005	https://www.allelefrequencies.net/pop6001c.asp?pop_name=India%20Kerala%20Hindu%20Ezhava	2026-08-26
india-kerala-hindu-nair	India Kerala Hindu Nair	8º 48' N	76º 36' E	Not Known	Unknown	Anthropology Study	Asian	South Asia	41	2005	https://www.allelefrequencies.net/pop6001c.asp?pop_name=India%20Kerala%20Hindu%20Nair	2026-08-26
india-kerala-hindu-namboothiri	India Kerala Hindu Namboothiri	11º 14' N	75º 44' E	Not Known	Unknown	Anthropology Study	Asian	South Asia	40	2005	https://www.allelefrequencies.net/pop6001c.asp?pop_name=India%20Kerala%20Hindu%20Namboothiri	2026-08-26
india-kerala-hindu-pulaya	India Kerala Hindu Pulaya	11º 48' N	75º 19' E	Not Known	Unknown	Anthropology Study	Asian	South Asia	16	2005	https://www.allelefrequencies.net/pop6001c.asp?pop_name=India%20Kerala%20Hindu%20Pulaya	2026-08-26
india-kerala-kanikkar	India Kerala Kanikkar	8º 30' N	76º 55' E	Not Known	Rural	Anthropology Study	Asian	South Asia	22	2003	https://www.allelefrequencies.net/pop6001c.asp?pop_name=India%20Kerala%20Kanikkar	2026-08-26
india-kerala-kattunaikka	India Kerala Kattunaikka	11º 36' N	76º 5' E	Not Known	Rural	Anthropology Study	Asian	South Asia	17	2003	https://www.allelefrequencies.net/pop6001c.asp?pop_name=India%20Kerala%20Kattunaikka	2026-08-26
india-kerala-kurichiya	India Kerala Kurichiya	11º 36' N	76º 5' E	Not Known	Rural	Anthropology Study	Asian	South Asia	10	2003	https://www.allelefrequencies.net/pop6001c.asp?pop_name=India%20Kerala%20Kurichiya	2026-08-26
india-kerala-kuruma	India Kerala Kuruma	11º 36' N	76º 5' E	Not Known	Rural	Anthropology Study	Asian	South Asia	15	2003	https://www.allelefrequencies.net/pop6001c.asp?pop_name=India%20Kerala%20Kuruma	2026-08-26
india-kerala-malabar-muslim	India Kerala Malabar Muslim	11º 2' N	76º 3' E	Not Known	Unknown	Anthropology Study	Asian	South Asia	34	2005	https://www.allelefrequencies.net/pop6001c.asp?pop_name=India%20Kerala%20Malabar%20Muslim	2026-08-26
india-kerala-malapandaram	India Kerala Malapandaram	9º 13' N	76º 43' E	Not Known	Rural	Anthropology Study	Asian	South Asia	10	2003	https://www.allelefrequencies.net/pop6001c.asp?pop_name=India%20Kerala%20Malapandaram	2026-08-26
india-kerala-malayalam-speaking	India Kerala Malayalam speaking	13º 1' N	80º 15' E	Not Known	Urban	Bone Marrow Registry	Other	South Asia	356	2017	https://www.allelefrequencies.net/pop6001c.asp?pop_name=India%20Kerala%20Malayalam%20speaking	2026-08-26
india-kerala-paniya	India Kerala Paniya	11º 36' N	76º 5' E	Not Known	Rural	Anthropology Study	Asian	South Asia	10	2003	https://www.allelefrequencies.net/pop6001c.asp?pop_name=India%20Kerala%20Paniya	2026-08-26
india-kerala-syrian-christian	India Kerala Syrian Christian	9º 35' N	76º 31' E	Not Known	Unknown	Anthropology Study	Asian	South Asia	31	2005	https://www.allelefrequencies.net/pop6001c.asp?pop_name=India%20Kerala%20Syrian%20Christian	2026-08-26
india-khandesh-region-pawra	India Khandesh Region Pawra	20º 54' N	74º 46' E	Grandparents live at same location	Urban	Anthropology Study	Asian	South Asia	50	1996	https://www.allelefrequencies.net/pop6001c.asp?pop_name=India%20Khandesh%20Region%20Pawra	2026-08-26
india-lucknow	India Lucknow	26º 27' N	80º 14' E	Not Known	Urban and Rural	Anthropology Study	Asian	South Asia	123	1997	https://www.allelefrequencies.net/pop6001c.asp?pop_name=India%20Lucknow	2026-08-26
india-lucknow-pop-2	India Lucknow pop 2	26º 48' N	80º 54' E	Not Known	Unknown	Controls for Disease Study	Asian	South Asia	120	2003	https://www.allelefrequencies.net/pop6001c.asp?pop_name=India%20Lucknow%20pop%202	2026-08-26
india-madurai-piramalai-kallar-dravidian-kir	India Madurai Piramalai Kallar Dravidian KIR	9º 6' N	78º 1' E	Grandparents live at same location	Rural	Anthropology Study	Asian	South Asia	100	2013	https://www.allelefrequencies.net/pop6001c.asp?pop_name=India%20Madurai%20Piramalai%20Kallar%20Dravidian%20KIR	2026-08-26
india-madurai-piramalai-kallar-kir	India Madurai Piramalai Kallar KIR	9º 48' N	78º 6' E	Not Known	Urban and Rural	Anthropology Study	Asian	South Asia	107	2005	https://www.allelefrequencies.net/pop6001c.asp?pop_name=India%20Madurai%20Piramalai%20Kallar%20KIR	2026-08-26
india-madurai-yadhav-kir	India Madurai Yadhav KIR	9º 48' N	78º 6' E	Not Known	Urban and Rural	Anthropology Study	Asian	South Asia	117	2005	https://www.allelefrequencies.net/pop6001c.asp?pop_name=India%20Madurai%20Yadhav%20KIR	2026-08-26
india-maharashtra-pune-western-kir	India Maharashtra Pune Western KIR	18º 31' N	73º 51' E	Not Known	Unknown	Controls for Disease Study	Other	South Asia	104	2013	https://www.allelefrequencies.net/pop6001c.asp?pop_name=India%20Maharashtra%20Pune%20Western%20KIR	2026-08-26
india-mumbai-cytokine	India Mumbai Cytokine	18º 42' N	72º 42' E	Parents live at same location	Urban and Rural	Disease Study Patients	Asian	South Asia	62	2011	https://www.allelefrequencies.net/pop6001c.asp?pop_name=India%20Mumbai%20Cytokine	2026-08-26
india-mumbai-maharashtrian-kir	India Mumbai Maharashtrian KIR	18º 58' N	72º 49' E	Not Known	Urban	Anthropology Study	Asian	South Asia	139	2007	https://www.allelefrequencies.net/pop6001c.asp?pop_name=India%20Mumbai%20Maharashtrian%20KIR	2026-08-26
india-mumbai-maratha	India Mumbai Maratha	18º 58' N	72º 49' E	Grandparents live at same location	Urban	Anthropology Study	Asian	South Asia	91 (DQB1 = 129, DRB1 = 129)	1997	https://www.allelefrequencies.net/pop6001c.asp?pop_name=India%20Mumbai%20Maratha	2026-08-26
india-mumbai-parsi-kir	India Mumbai Parsi KIR	18º 58' N	72º 49' E	Not Known	Urban	Anthropology Study	Asian	South Asia	145	2007	https://www.allelefrequencies.net/pop6001c.asp?pop_name=India%20Mumbai%20Parsi%20KIR	2026-08-26
india-new-delhi	India New Delhi	28º 37' N	77º 13' E	Not Known	Urban	Anthropology Study	Asian	South Asia	71	2002	https://www.allelefrequencies.net/pop6001c.asp?pop_name=India%20New%20Delhi	2026-08-26
india-new-delhi-pop-2	India New Delhi pop 2	28º 36' N	77º 12' E	Not Known	Unknown	Controls for Disease Study	Asian	South Asia	102	2008	https://www.allelefrequencies.net/pop6001c.asp?pop_name=India%20New%20Delhi%20pop%202	2026-08-26
india-north	India North	30º 42' N	76º 42' E	Not Known	Unknown	Controls for Disease Study	Asian	South Asia	85	1995	https://www.allelefrequencies.net/pop6001c.asp?pop_name=India%20North	2026-08-26
india-north-cytokine	India North Cytokine	27º 0' N	76º 0' E	Not Known	Urban and Rural	Anthropology Study	Asian	South Asia	130	2002	https://www.allelefrequencies.net/pop6001c.asp?pop_name=India%20North%20Cytokine	2026-08-26
india-north-cytokine-pop-2	India North Cytokine pop 2	26º 48' N	80º 54' E	Not Known	Unknown	Controls for Disease Study	Asian	South Asia	569	2008	https://www.allelefrequencies.net/pop6001c.asp?pop_name=India%20North%20Cytokine%20pop%202	2026-08-26
india-north-gujarat	India North Gujarat	23º 13' N	72º 41' E	Not Known	Urban and Rural	Solid Organ Unrelated Donors	Asian	South Asia	338 (C = 35, DQB1 = 33, DRB1 = 333)	2012	https://www.allelefrequencies.net/pop6001c.asp?pop_name=India%20North%20Gujarat	2026-08-26
india-north-hindu-kir	India North Hindu KIR	25º 0' N	74º 0' E	Grandparents live at same location	Urban	Other	Asian	South Asia	72	2002	https://www.allelefrequencies.net/pop6001c.asp?pop_name=India%20North%20Hindu%20KIR	2026-08-26
india-north-kir	India North KIR	26º 52' N	80º 58' E	Not Known	Unknown	Controls for Disease Study	Asian	South Asia	512	2012	https://www.allelefrequencies.net/pop6001c.asp?pop_name=India%20North%20KIR	2026-08-26
india-north-ucbb	India North UCBB	28º 36' N	77º 11' E	Not Known	Urban and Rural		Unknown	South Asia	5849	2018	https://www.allelefrequencies.net/pop6001c.asp?pop_name=India%20North%20UCBB	2026-08-26
india-north-pop-2	India North pop 2	25º 0' N	74º 0' E	Grandparents live at same location	Urban	Anthropology Study	Asian	South Asia	72 (C = 34)	2002	https://www.allelefrequencies.net/pop6001c.asp?pop_name=India%20North%20pop%202	2026-08-26
india-north-pop-2-kir	India North pop 2 KIR	26º 51' N	80º 55' E	Not Known	Urban and Rural	Controls for Disease Study	Asian	South Asia	100	2012	https://www.allelefrequencies.net/pop6001c.asp?pop_name=India%20North%20pop%202%20KIR	2026-08-26
india-north-pop-3	India North pop 3	28º 38' N	77º 9' E	Parents live at same location	Urban and Rural	Other	Asian	South Asia	587	2010	https://www.allelefrequencies.net/pop6001c.asp?pop_name=India%20North%20pop%203	2026-08-26
india-northeast-assam-kharachi	India Northeast  Assam Kharachi	21º 8' N	72º 55' E	Grandparents live at same location	Urban and Rural	Controls for Disease Study	Asian	South Asia	108	2012	https://www.allelefrequencies.net/pop6001c.asp?pop_name=India%20Northeast%20%20Assam%20Kharachi	2026-08-26
india-northeast-assam-adivasi	India Northeast Assam Adivasi	21º 8' N	72º 55' E	Grandparents live at same location	Urban and Rural	Controls for Disease Study	Asian	South Asia	101	2012	https://www.allelefrequencies.net/pop6001c.asp?pop_name=India%20Northeast%20Assam%20Adivasi	2026-08-26
india-northeast-assam-ahom	India Northeast Assam Ahom	21º 8' N	72º 55' E	Grandparents live at same location	Urban and Rural	Controls for Disease Study	Asian	South Asia	104	2012	https://www.allelefrequencies.net/pop6001c.asp?pop_name=India%20Northeast%20Assam%20Ahom	2026-08-26
india-northeast-assam-kir	India Northeast Assam KIR	26º 29' N	91º 40' E	Not Known	Unknown	Controls for Disease Study	Other	South Asia	177	2013	https://www.allelefrequencies.net/pop6001c.asp?pop_name=India%20Northeast%20Assam%20KIR	2026-08-26
india-northeast-kayastha	India Northeast Kayastha	26º 48' N	80º 54' E	Grandparents live at same location	Urban and Rural	Anthropology Study	Asian	South Asia	190	2006	https://www.allelefrequencies.net/pop6001c.asp?pop_name=India%20Northeast%20Kayastha	2026-08-26
india-northeast-lachung	India Northeast Lachung	27º 19' N	88º 50' E	Grandparents live at same location	Urban and Rural	Anthropology Study	Asian	South Asia	58	2006	https://www.allelefrequencies.net/pop6001c.asp?pop_name=India%20Northeast%20Lachung	2026-08-26
india-northeast-mathur	India Northeast Mathur	26º 48' N	80º 54' E	Grandparents live at same location	Urban and Rural	Anthropology Study	Asian	South Asia	155	2006	https://www.allelefrequencies.net/pop6001c.asp?pop_name=India%20Northeast%20Mathur	2026-08-26
india-northeast-mech	India Northeast Mech	27º 8' N	80º 31' E	Grandparents live at same location	Urban and Rural	Anthropology Study	Asian	South Asia	63	2006	https://www.allelefrequencies.net/pop6001c.asp?pop_name=India%20Northeast%20Mech	2026-08-26
india-northeast-rajbanshi	India Northeast Rajbanshi	22º 33' N	88º 20' E	Grandparents live at same location	Urban and Rural	Anthropology Study	Asian	South Asia	98	2006	https://www.allelefrequencies.net/pop6001c.asp?pop_name=India%20Northeast%20Rajbanshi	2026-08-26
india-northeast-rastogi	India Northeast Rastogi	26º 48' N	80º 54' E	Grandparents live at same location	Urban and Rural	Anthropology Study	Asian	South Asia	196	2006	https://www.allelefrequencies.net/pop6001c.asp?pop_name=India%20Northeast%20Rastogi	2026-08-26
india-northeast-shia	India Northeast Shia	26º 48' N	80º 54' E	Grandparents live at same location	Urban and Rural	Anthropology Study	Asian	South Asia	190	2006	https://www.allelefrequencies.net/pop6001c.asp?pop_name=India%20Northeast%20Shia	2026-08-26
india-northeast-sunni	India Northeast Sunni	26º 48' N	80º 54' E	Grandparents live at same location	Urban and Rural	Anthropology Study	Asian	South Asia	188	2006	https://www.allelefrequencies.net/pop6001c.asp?pop_name=India%20Northeast%20Sunni	2026-08-26
india-northeast-ucbb	India Northeast UCBB	26º 16' N	91º 48' E	Not Known	Unknown		Unknown	South Asia	296	2018	https://www.allelefrequencies.net/pop6001c.asp?pop_name=India%20Northeast%20UCBB	2026-08-26
india-northeast-vaish	India Northeast Vaish	26º 48' N	80º 54' E	Grandparents live at same location	Urban and Rural	Anthropology Study	Asian	South Asia	198	2006	https://www.allelefrequencies.net/pop6001c.asp?pop_name=India%20Northeast%20Vaish	2026-08-26
india-sourashtran-kir	India Sourashtran KIR	13º 5' N	80º 16' E	Not Known	Urban and Rural	Anthropology Study	Asian	South Asia	104	2005	https://www.allelefrequencies.net/pop6001c.asp?pop_name=India%20Sourashtran%20KIR	2026-08-26
india-south-ucbb	India South UCBB	13º 6' N	80º 8' E	Not Known	Urban and Rural		Unknown	South Asia	11446	2018	https://www.allelefrequencies.net/pop6001c.asp?pop_name=India%20South%20UCBB	2026-08-26
india-tamil-nadu	India Tamil Nadu	11º 32' N	78º 52' E	Not Known	Urban and Rural	Bone Marrow Registry	Asian	South Asia	2492	2012	https://www.allelefrequencies.net/pop6001c.asp?pop_name=India%20Tamil%20Nadu	2026-08-26
india-tamil-nadu-chennai	India Tamil Nadu Chennai	13º 5' N	80º 16' E	Not Known	Urban and Rural	Controls for Disease Study	Asian	South Asia	137	2008	https://www.allelefrequencies.net/pop6001c.asp?pop_name=India%20Tamil%20Nadu%20Chennai	2026-08-26
india-tamil-nadu-dravidian	India Tamil Nadu Dravidian	13º 0' N	80º 0' E	Not Known	Urban and Rural	Controls for Disease Study	Asian	South Asia	156	2006	https://www.allelefrequencies.net/pop6001c.asp?pop_name=India%20Tamil%20Nadu%20Dravidian	2026-08-26
india-tamil-nadu-kanikar-kir	India Tamil Nadu Kanikar KIR	13º 9' N	80º 27' E	Not Known	Rural	Anthropology Study	Asian	South Asia	35	2005	https://www.allelefrequencies.net/pop6001c.asp?pop_name=India%20Tamil%20Nadu%20Kanikar%20KIR	2026-08-26
india-tamil-nadu-mollukurumba-kir	India Tamil Nadu Mollukurumba KIR	13º 9' N	80º 27' E	Not Known	Rural	Anthropology Study	Asian	South Asia	41	2005	https://www.allelefrequencies.net/pop6001c.asp?pop_name=India%20Tamil%20Nadu%20Mollukurumba%20KIR	2026-08-26
india-tamil-nadu-nadar	India Tamil Nadu Nadar	8º 0' N	77º 0' E	Not Known	Unknown	Anthropology Study	Asian	South Asia	61	2003	https://www.allelefrequencies.net/pop6001c.asp?pop_name=India%20Tamil%20Nadu%20Nadar	2026-08-26
india-tamil-nadu-paravar-kir	India Tamil Nadu Paravar KIR	13º 9' N	80º 27' E	Not Known	Rural	Anthropology Study	Asian	South Asia	77	2005	https://www.allelefrequencies.net/pop6001c.asp?pop_name=India%20Tamil%20Nadu%20Paravar%20KIR	2026-08-26
india-uttar-pradesh	India Uttar Pradesh	26º 50' N	80º 54' E	Not Known	Urban and Rural	Anthropology Study	Asian	South Asia	202	2006	https://www.allelefrequencies.net/pop6001c.asp?pop_name=India%20Uttar%20Pradesh	2026-08-26
india-west-bengal-rabha-kir	India West Bengal Rabha KIR	26º 19' N	89º 40' E	Grandparents live at same location	Rural	Anthropology Study	Asian	South Asia	50	2014	https://www.allelefrequencies.net/pop6001c.asp?pop_name=India%20West%20Bengal%20Rabha%20KIR	2026-08-26
india-west-bengal-rajbanshi-kir	India West Bengal Rajbanshi KIR	22º 33' N	88º 22' E	Not Known	Unknown	Anthropology Study	Other	South Asia	75	2011	https://www.allelefrequencies.net/pop6001c.asp?pop_name=India%20West%20Bengal%20Rajbanshi%20KIR	2026-08-26
india-west-bhil	India West Bhil	20º 54' N	74º 46' E	Grandparents live at same location	Urban	Anthropology Study	Asian	South Asia	50	1996	https://www.allelefrequencies.net/pop6001c.asp?pop_name=India%20West%20Bhil	2026-08-26
india-west-coast-parsi	India West Coast Parsi	18º 0' N	74º 0' E	Grandparents live at same location	Urban	Anthropology Study	Asian	South Asia	50	1997	https://www.allelefrequencies.net/pop6001c.asp?pop_name=India%20West%20Coast%20Parsi	2026-08-26
india-west-ucbb	India West UCBB	19º 11' N	73º 3' E	Not Known	Urban and Rural		Unknown	South Asia	5829	2018	https://www.allelefrequencies.net/pop6001c.asp?pop_name=India%20West%20UCBB	2026-08-26
india-western-kir	India Western KIR	19º 0' N	72º 50' E	Not Known	Unknown		Asian	South Asia	161	2017	https://www.allelefrequencies.net/pop6001c.asp?pop_name=India%20Western%20KIR	2026-08-26
india-sub-himalayan-west-bengal-kami	India sub-Himalayan West Bengal Kami	27º 2' N	88º 15' E	Parents live at same location	Urban and Rural	Anthropology Study	Caucasoid	South Asia	158	2019	https://www.allelefrequencies.net/pop6001c.asp?pop_name=India%20sub-Himalayan%20West%20Bengal%20Kami	2026-08-26
indonesia-java	Indonesia Java	7º 30' S	111º 15' E	Not Known	Unknown	Anthropology Study	Austronesian	Oceania	58	1995	https://www.allelefrequencies.net/pop6001c.asp?pop_name=Indonesia%20Java	2026-08-26
indonesia-java-kir	Indonesia Java KIR	7º 30' S	111º 15' E	Not Known	Rural	Anthropology Study	Austronesian	Oceania	45	2007	https://www.allelefrequencies.net/pop6001c.asp?pop_name=Indonesia%20Java%20KIR	2026-08-26
indonesia-java-western	Indonesia Java Western	7º 30' S	111º 15' E	Not Known	Unknown	Controls for Disease Study	Austronesian	Oceania	236	2009	https://www.allelefrequencies.net/pop6001c.asp?pop_name=Indonesia%20Java%20Western	2026-08-26
indonesia-java-yogyakarta-region	Indonesia Java Yogyakarta Region	7º 47' S	110º 22' E	Not Known	Rural	Anthropology Study	Austronesian	Oceania	62	1995	https://www.allelefrequencies.net/pop6001c.asp?pop_name=Indonesia%20Java%20Yogyakarta%20Region	2026-08-26
indonesia-java-pop-2	Indonesia Java pop 2	6º 8' S	106º 10' E	Not Known	Urban and Rural	Anthropology Study	Austronesian	Oceania	36	2008	https://www.allelefrequencies.net/pop6001c.asp?pop_name=Indonesia%20Java%20pop%202	2026-08-26
indonesia-moluccan-islands	Indonesia Moluccan Islands	2º 0' S	128º 0' E	Not Known	Rural	Anthropology Study	Austronesian	Oceania	24	1999	https://www.allelefrequencies.net/pop6001c.asp?pop_name=Indonesia%20Moluccan%20Islands	2026-08-26
indonesia-moluccan-islands-kir	Indonesia Moluccan Islands KIR	0º 30' N	127º 35' E	Grandparents live at same location	Rural	Blood Donor	Melanesian	Oceania	63	2007	https://www.allelefrequencies.net/pop6001c.asp?pop_name=Indonesia%20Moluccan%20Islands%20KIR	2026-08-26
indonesia-nusa-tenggara-islands	Indonesia Nusa Tenggara Islands	10º 11' S	123º 35' E	Not Known	Rural	Anthropology Study	Austronesian	Oceania	49	1999	https://www.allelefrequencies.net/pop6001c.asp?pop_name=Indonesia%20Nusa%20Tenggara%20Islands	2026-08-26
indonesia-singaporean	Indonesia Singaporean	6º 10' S	106º 49' E	Not Known	Unknown	Anthropology Study	Austronesian	Oceania	50	1999	https://www.allelefrequencies.net/pop6001c.asp?pop_name=Indonesia%20Singaporean	2026-08-26
indonesia-sulawesi-minahasans-kir	Indonesia Sulawesi Minahasans KIR	4º 10' S	120º 0' E	Grandparents live at same location	Rural	Blood Donor	Melanesian	Oceania	60	2007	https://www.allelefrequencies.net/pop6001c.asp?pop_name=Indonesia%20Sulawesi%20Minahasans%20KIR	2026-08-26
indonesia-sundanese-and-javanese	Indonesia Sundanese and Javanese	6º 8' S	106º 10' E	Not Known	Urban and Rural	Anthropology Study	Austronesian	Oceania	201	2008	https://www.allelefrequencies.net/pop6001c.asp?pop_name=Indonesia%20Sundanese%20and%20Javanese	2026-08-26
indonesia-west-sumatra-minangs-kir	Indonesia West Sumatra Minangs KIR	0º 36' S	99º 51' E	Grandparents live at same location	Rural	Blood Donor	Melanesian	Oceania	45	2007	https://www.allelefrequencies.net/pop6001c.asp?pop_name=Indonesia%20West%20Sumatra%20Minangs%20KIR	2026-08-26
iran	Iran	35º 42' N	51º 25' E	Not Known	Unknown	Controls for Disease Study	Persian	Western Asia	58	2007	https://www.allelefrequencies.net/pop6001c.asp?pop_name=Iran	2026-08-26
iran-azeri	Iran Azeri	36º 37' N	48º 25' E	Grandparents live at same location	Unknown	Anthropology Study	Persian	Western Asia	100	2006	https://www.allelefrequencies.net/pop6001c.asp?pop_name=Iran%20Azeri	2026-08-26
iran-baloch	Iran Baloch	29º 29' N	60º 52' E	Not Known	Unknown	Anthropology Study	Persian	Western Asia	100	2003	https://www.allelefrequencies.net/pop6001c.asp?pop_name=Iran%20Baloch	2026-08-26
iran-cytokine	Iran Cytokine	32º 35' N	54º 16' E	Not Known	Unknown	Anthropology Study	Persian	Western Asia	40	2004	https://www.allelefrequencies.net/pop6001c.asp?pop_name=Iran%20Cytokine	2026-08-26
iran-east-azerbaijan-azerbaijani-kir	Iran East Azerbaijan Azerbaijani KIR	38º 4' N	46º 17' E	Not Known	Unknown	Anthropology Study	Caucasoid	Western Asia	100	2009	https://www.allelefrequencies.net/pop6001c.asp?pop_name=Iran%20East%20Azerbaijan%20Azerbaijani%20KIR	2026-08-26
iran-east-azerbaijan-azeri-kir	Iran East Azerbaijan Azeri KIR	38º 4' N	46º 18' E	Not Known	Unknown	Anthropology Study	Caucasoid	Western Asia	84	2008	https://www.allelefrequencies.net/pop6001c.asp?pop_name=Iran%20East%20Azerbaijan%20Azeri%20KIR	2026-08-26
iran-fars-parsi	Iran Fars Parsi	27º 36' N	52º 30' E	Grandparents live at same location	Unknown	Anthropology Study	Persian	Western Asia	73	2004	https://www.allelefrequencies.net/pop6001c.asp?pop_name=Iran%20Fars%20Parsi	2026-08-26
iran-fars-persian-kir	Iran Fars Persian KIR	29º 36' N	52º 31' E	Not Known	Unknown	Anthropology Study	Persian	Western Asia	248	2008	https://www.allelefrequencies.net/pop6001c.asp?pop_name=Iran%20Fars%20Persian%20KIR	2026-08-26
iran-gorgan	Iran Gorgan	36º 50' N	54º 43' E	Grandparents live at same location	Urban	Anthropology Study	Persian	Western Asia	64	2019	https://www.allelefrequencies.net/pop6001c.asp?pop_name=Iran%20Gorgan	2026-08-26
iran-hormozgan-and-balochistan-jonobi-kir	Iran Hormozgan and Balochistan Jonobi KIR	27º 11' N	56º 16' E	Not Known	Unknown	Anthropology Study	Caucasoid	Western Asia	100	2009	https://www.allelefrequencies.net/pop6001c.asp?pop_name=Iran%20Hormozgan%20and%20Balochistan%20Jonobi%20KIR	2026-08-26
iran-kir	Iran KIR	35º 41' N	51º 25' E	Not Known	Urban	Anthropology Study	Caucasoid	Western Asia	200	2008	https://www.allelefrequencies.net/pop6001c.asp?pop_name=Iran%20KIR	2026-08-26
iran-khuzestan-arab-kir	Iran Khuzestan Arab KIR	31º 18' N	48º 42' E	Not Known	Unknown	Anthropology Study	Arab	Western Asia	76	2008	https://www.allelefrequencies.net/pop6001c.asp?pop_name=Iran%20Khuzestan%20Arab%20KIR	2026-08-26
iran-khuzestan-bakhtiari-kir	Iran Khuzestan Bakhtiari KIR	31º 18' N	48º 42' E	Not Known	Unknown	Anthropology Study	Caucasoid	Western Asia	96	2008	https://www.allelefrequencies.net/pop6001c.asp?pop_name=Iran%20Khuzestan%20Bakhtiari%20KIR	2026-08-26
iran-kurd	Iran Kurd	35º 19' N	46º 59' E	Grandparents live at same location	Unknown	Anthropology Study	Kurd	Western Asia	100	2006	https://www.allelefrequencies.net/pop6001c.asp?pop_name=Iran%20Kurd	2026-08-26
iran-kurd-pop-2	Iran Kurd pop 2	36º 17' N	46º 17' E	Grandparents live at same location	Urban	Blood Donor	Kurd	Western Asia	60	2015	https://www.allelefrequencies.net/pop6001c.asp?pop_name=Iran%20Kurd%20pop%202	2026-08-26
iran-lur-kir	Iran Lur KIR	33º 30' N	48º 40' E	Grandparents live at same location	Urban	Anthropology Study	Caucasoid	Western Asia	100	2012	https://www.allelefrequencies.net/pop6001c.asp?pop_name=Iran%20Lur%20KIR	2026-08-26
iran-northern-kir	Iran Northern KIR	35º 41' N	51º 25' E	Not Known	Unknown	Anthropology Study	Persian	Western Asia	100	2010	https://www.allelefrequencies.net/pop6001c.asp?pop_name=Iran%20Northern%20KIR	2026-08-26
iran-royan-cord-blood-bank	Iran Royan Cord Blood Bank	35º 41' N	51º 25' E	Not Known	Unknown	Blood Donor	Persian	Western Asia	15600	2010	https://www.allelefrequencies.net/pop6001c.asp?pop_name=Iran%20Royan%20Cord%20Blood%20Bank	2026-08-26
iran-saqqez-baneh-kurds	Iran Saqqez-Baneh Kurds	36º 14' N	46º 16' E	Grandparents live at same location	Urban and Rural	Anthropology Study	Kurd	Western Asia	60	2021	https://www.allelefrequencies.net/pop6001c.asp?pop_name=Iran%20Saqqez-Baneh%20Kurds	2026-08-26
iran-shiraz-kir	Iran Shiraz KIR	29º 35' N	52º 34' E	Not Known	Unknown	Controls for Disease Study	Persian	Western Asia	273	2015	https://www.allelefrequencies.net/pop6001c.asp?pop_name=Iran%20Shiraz%20KIR	2026-08-26
iran-south-east-baloch-cytokine	Iran South East Baloch Cytokine	29º 29' N	60º 52' E	Not Known	Unknown	Anthropology Study	Persian	Western Asia	96	2005	https://www.allelefrequencies.net/pop6001c.asp?pop_name=Iran%20South%20East%20Baloch%20Cytokine	2026-08-26
iran-south-east-sistani-cytokine	Iran South East Sistani Cytokine	29º 29' N	60º 52' E	Not Known	Unknown	Anthropology Study	Persian	Western Asia	98	2005	https://www.allelefrequencies.net/pop6001c.asp?pop_name=Iran%20South%20East%20Sistani%20Cytokine	2026-08-26
iran-tabriz-azeris	Iran Tabriz Azeris	38º 4' N	46º 17' E	Grandparents live at same location	Rural	Anthropology Study	Persian	Western Asia	97	2016	https://www.allelefrequencies.net/pop6001c.asp?pop_name=Iran%20Tabriz%20Azeris	2026-08-26
iran-tehran	Iran Tehran	35º 41' N	51º 25' E	Not Known	Urban	Anthropology Study	Persian	Western Asia	120	2001	https://www.allelefrequencies.net/pop6001c.asp?pop_name=Iran%20Tehran	2026-08-26
iran-tehran-cytokine	Iran Tehran Cytokine	35º 41' N	51º 25' E	Not Known	Unknown	Anthropology Study	Persian	Western Asia	140	2005	https://www.allelefrequencies.net/pop6001c.asp?pop_name=Iran%20Tehran%20Cytokine	2026-08-26
iran-tehran-farsi-cytokine	Iran Tehran Farsi Cytokine	35º 0' N	51º 0' E	Not Known	Urban	Blood Donor	Persian	Western Asia	40	2002	https://www.allelefrequencies.net/pop6001c.asp?pop_name=Iran%20Tehran%20Farsi%20Cytokine	2026-08-26
iran-tehran-kir	Iran Tehran KIR	35º 42' N	51º 25' E	Not Known	Unknown	Controls for Disease Study	Persian	Western Asia	100	2009	https://www.allelefrequencies.net/pop6001c.asp?pop_name=Iran%20Tehran%20KIR	2026-08-26
iran-tehran-mic	Iran Tehran MIC	35º 41' N	51º 25' E	Not Known	Unknown	Anthropology Study	Arab	Western Asia	18	1996	https://www.allelefrequencies.net/pop6001c.asp?pop_name=Iran%20Tehran%20MIC	2026-08-26
iran-tehran-pop-2	Iran Tehran pop 2	35º 41' N	51º 25' E	Not Known	Unknown	Blood Donor	Persian	Western Asia	102	2009	https://www.allelefrequencies.net/pop6001c.asp?pop_name=Iran%20Tehran%20pop%202	2026-08-26
iran-yazd	Iran Yazd	31º 53' N	54º 21' E	Grandparents live at same location	Urban	Blood Donor	Persian	Western Asia	56	2020	https://www.allelefrequencies.net/pop6001c.asp?pop_name=Iran%20Yazd	2026-08-26
iran-yazd-cytokine	Iran Yazd Cytokine	31º 54' N	54º 22' E	Not Known	Unknown	Anthropology Study	Persian	Western Asia	121	2005	https://www.allelefrequencies.net/pop6001c.asp?pop_name=Iran%20Yazd%20Cytokine	2026-08-26
iran-yazd-zoroastrian	Iran Yazd Zoroastrian	31º 54' N	54º 22' E	Grandparents live at same location	Unknown	Anthropology Study	Persian	Western Asia	65	2004	https://www.allelefrequencies.net/pop6001c.asp?pop_name=Iran%20Yazd%20Zoroastrian	2026-08-26
iran-pop-1	Iran pop 1	32º 35' N	54º 16' E	Not Known	Unknown	Controls for Disease Study	Arab	Western Asia	64	2013	https://www.allelefrequencies.net/pop6001c.asp?pop_name=Iran%20pop%201	2026-08-26
iran-pop-2	Iran pop 2	32º 35' N	54º 16' E	Not Known	Unknown	Controls for Disease Study	Arab	Western Asia	120	2011	https://www.allelefrequencies.net/pop6001c.asp?pop_name=Iran%20pop%202	2026-08-26
iran-pop-3	Iran pop 3	32º 35' N	54º 16' E	Not Known	Urban	Controls for Disease Study	Arab	Western Asia	100	2011	https://www.allelefrequencies.net/pop6001c.asp?pop_name=Iran%20pop%203	2026-08-26
iran-pop-4	Iran pop 4	35º 41' N	51º 38' E	Not Known	Urban and Rural	Stem cell donors	Persian	Western Asia	855 (C = 227, DRB1 = 714)	2018	https://www.allelefrequencies.net/pop6001c.asp?pop_name=Iran%20pop%204	2026-08-26
iraq-arab-cytokine	Iraq Arab Cytokine	32º 23' N	44º 44' E	Not Known	Urban and Rural	Controls for Disease Study	Arab	Western Asia	224	2016	https://www.allelefrequencies.net/pop6001c.asp?pop_name=Iraq%20Arab%20Cytokine	2026-08-26
iraq-arabs	Iraq Arabs	33º 18' N	44º 21' E	Parents live at same location	Urban and Rural	Solid Organ Unrelated Donors	Arab	Western Asia	149	2015	https://www.allelefrequencies.net/pop6001c.asp?pop_name=Iraq%20Arabs	2026-08-26
iraq-erbil	Iraq Erbil	33º 33' N	43º 43' E	Parents live at same location	Urban and Rural	Other	Kurd	Western Asia	372 (A = 371, B = 371, C = 79, DQB1 = 79, DRB1 = 371)	2016	https://www.allelefrequencies.net/pop6001c.asp?pop_name=Iraq%20Erbil	2026-08-26
iraq-kurdistan-region	Iraq Kurdistan Region	36º 51' N	43º 0' E	Parents live at same location	Urban and Rural	Other	Kurd	Western Asia	209	2014	https://www.allelefrequencies.net/pop6001c.asp?pop_name=Iraq%20Kurdistan%20Region	2026-08-26
ireland-donegal	Ireland Donegal	55º 0' N	8º 6' W	Parents live at same location	Urban and Rural	Blood Donor	Caucasoid	Europe	200	2003	https://www.allelefrequencies.net/pop6001c.asp?pop_name=Ireland%20Donegal	2026-08-26
ireland-kir	Ireland KIR	53º 20' N	6º 15' W	Not Known	Unknown	Anthropology Study	Caucasoid	Europe	94	2006	https://www.allelefrequencies.net/pop6001c.asp?pop_name=Ireland%20KIR	2026-08-26
ireland-kir-pop-2	Ireland KIR pop 2	52º 26' N	8º 26' W	Not Known	Unknown	Controls for Disease Study	Caucasoid	Europe	240	2012	https://www.allelefrequencies.net/pop6001c.asp?pop_name=Ireland%20KIR%20pop%202	2026-08-26
ireland-northern	Ireland Northern	54º 40' N	6º 45' W	Not Known	Urban and Rural	Bone Marrow Registry	Caucasoid	Europe	1000	1999	https://www.allelefrequencies.net/pop6001c.asp?pop_name=Ireland%20Northern	2026-08-26
ireland-northern-cytokine	Ireland Northern Cytokine	54º 40' N	6º 45' W	Not Known	Urban and Rural	Blood Donor	Caucasoid	Europe	100	2002	https://www.allelefrequencies.net/pop6001c.asp?pop_name=Ireland%20Northern%20Cytokine	2026-08-26
ireland-northern-kir	Ireland Northern KIR	54º 40' N	6º 45' W	Not Known	Urban and Rural	Blood Donor	Caucasoid	Europe	200	2003	https://www.allelefrequencies.net/pop6001c.asp?pop_name=Ireland%20Northern%20KIR	2026-08-26
ireland-northern-kir-pop2	Ireland Northern KIR pop2	54º 40' N	6º 45' W	Not Known	Unknown	Other	Caucasoid	Europe	154	2005	https://www.allelefrequencies.net/pop6001c.asp?pop_name=Ireland%20Northern%20KIR%20pop2	2026-08-26
ireland-northern-pop-2	Ireland Northern pop 2	54º 32' N	5º 55' W	Not Known	Urban and Rural	Controls for Disease Study	Caucasoid	Europe	122	2007	https://www.allelefrequencies.net/pop6001c.asp?pop_name=Ireland%20Northern%20pop%202	2026-08-26
ireland-northern-pop-3	Ireland Northern pop 3	54º 40' N	5º 54' W	Not Known	Urban and Rural	Anthropology Study	Caucasoid	Europe	150	1995	https://www.allelefrequencies.net/pop6001c.asp?pop_name=Ireland%20Northern%20pop%203	2026-08-26
ireland-south	Ireland South	53º 20' N	6º 15' W	Not Known	Urban and Rural	Bone Marrow Registry	Caucasoid	Europe	250	2005	https://www.allelefrequencies.net/pop6001c.asp?pop_name=Ireland%20South	2026-08-26
ireland-south-cytokine	Ireland South Cytokine	52º 0' N	7º 0' W	Not Known	Urban and Rural	Bone Marrow Registry	Caucasoid	Europe	200	2002	https://www.allelefrequencies.net/pop6001c.asp?pop_name=Ireland%20South%20Cytokine	2026-08-26
ireland-south-pop-2	Ireland South pop 2	53º 20' N	6º 15' W	Not Known	Urban and Rural	Bone Marrow Registry	Caucasoid	Europe	17624 (A = 17623, DRB1 = 14765)	2012	https://www.allelefrequencies.net/pop6001c.asp?pop_name=Ireland%20South%20pop%202	2026-08-26
ireland-wexford	Ireland Wexford	52º 0' N	6º 27' W	Parents live at same location	Urban and Rural	Blood Donor	Caucasoid	Europe	200	2003	https://www.allelefrequencies.net/pop6001c.asp?pop_name=Ireland%20Wexford	2026-08-26
israel-arab	Israel Arab	31º 47' N	35º 13' E	Not Known	Unknown	Anthropology Study	Arab	Western Asia	109	1998	https://www.allelefrequencies.net/pop6001c.asp?pop_name=Israel%20Arab	2026-08-26
israel-arab-druze	Israel Arab Druze	31º 8' N	35º 2' E	Not Known	Urban	Anthropology Study	Arab	Western Asia	101	2002	https://www.allelefrequencies.net/pop6001c.asp?pop_name=Israel%20Arab%20Druze	2026-08-26
israel-arab-pop-2	Israel Arab pop 2	32º 8' N	34º 52' E	Grandparents live at same location	Urban and Rural	Bone Marrow Registry	Arab	Western Asia	12301	2014	https://www.allelefrequencies.net/pop6001c.asp?pop_name=Israel%20Arab%20pop%202	2026-08-26
israel-argentina-jews	Israel Argentina Jews	32º 8' N	34º 52' E	Not Known	Urban and Rural	Bone Marrow Registry	Jew	Western Asia	4307	2014	https://www.allelefrequencies.net/pop6001c.asp?pop_name=Israel%20Argentina%20Jews	2026-08-26
israel-ashkenazi-jews	Israel Ashkenazi Jews	32º 4' N	34º 47' E	Not Known	Rural	Anthropology Study	Jew	Western Asia	80	1995	https://www.allelefrequencies.net/pop6001c.asp?pop_name=Israel%20Ashkenazi%20Jews	2026-08-26
israel-ashkenazi-jews-pop-2	Israel Ashkenazi Jews pop 2	31º 47' N	35º 13' E	Not Known	Urban and Rural	Anthropology Study	Jew	Western Asia	132	1995	https://www.allelefrequencies.net/pop6001c.asp?pop_name=Israel%20Ashkenazi%20Jews%20pop%202	2026-08-26
israel-ashkenazi-jews-pop-3	Israel Ashkenazi Jews pop 3	32º 8' N	34º 52' E	Not Known	Urban and Rural	Bone Marrow Registry	Jew	Western Asia	4625	2014	https://www.allelefrequencies.net/pop6001c.asp?pop_name=Israel%20Ashkenazi%20Jews%20pop%203	2026-08-26
israel-ashkenazi-and-non-ashkenazi-jews	Israel Ashkenazi and Non Ashkenazi Jews	31º 8' N	35º 2' E	Not Known	Urban	Anthropology Study	Jew	Western Asia	146 (A = 117, B = 109, C = 94)	2002	https://www.allelefrequencies.net/pop6001c.asp?pop_name=Israel%20Ashkenazi%20and%20Non%20Ashkenazi%20Jews	2026-08-26
israel-bukhara-jews	Israel Bukhara Jews	32º 8' N	34º 52' E	Not Known	Urban and Rural	Bone Marrow Registry	Jew	Western Asia	2317	2014	https://www.allelefrequencies.net/pop6001c.asp?pop_name=Israel%20Bukhara%20Jews	2026-08-26
israel-druze	Israel Druze	32º 41' N	35º 17' E	Grandparents live at same location	Urban and Rural	Bone Marrow Registry	Arab	Western Asia	5914	2014	https://www.allelefrequencies.net/pop6001c.asp?pop_name=Israel%20Druze	2026-08-26
israel-ethiopia-jews	Israel Ethiopia Jews	32º 8' N	34º 52' E	Not Known	Urban and Rural	Bone Marrow Registry	Jew	Western Asia	5928	2014	https://www.allelefrequencies.net/pop6001c.asp?pop_name=Israel%20Ethiopia%20Jews	2026-08-26
israel-ethiopian-jews	Israel Ethiopian Jews	31º 47' N	35º 13' E	Not Known	Unknown	Anthropology Study	Jew	Western Asia	122	1998	https://www.allelefrequencies.net/pop6001c.asp?pop_name=Israel%20Ethiopian%20Jews	2026-08-26
israel-ethiopian-jews-kir	Israel Ethiopian Jews KIR	31º 47' N	35º 13' E	Not Known	Unknown	Anthropology Study	Jew	Western Asia	31	2006	https://www.allelefrequencies.net/pop6001c.asp?pop_name=Israel%20Ethiopian%20Jews%20KIR	2026-08-26
israel-georgia-jews	Israel Georgia Jews	32º 10' N	34º 53' E	Not Known	Urban and Rural	Bone Marrow Registry	Jew	Western Asia	4471	2014	https://www.allelefrequencies.net/pop6001c.asp?pop_name=Israel%20Georgia%20Jews	2026-08-26
israel-iran-jews	Israel Iran Jews	32º 8' N	34º 52' E	Not Known	Urban and Rural	Bone Marrow Registry	Jew	Western Asia	8153	2014	https://www.allelefrequencies.net/pop6001c.asp?pop_name=Israel%20Iran%20Jews	2026-08-26
israel-iranian-jews	Israel Iranian Jews	31º 47' N	35º 13' E	Not Known	Unknown	Anthropology Study	Jew	Western Asia	101	1998	https://www.allelefrequencies.net/pop6001c.asp?pop_name=Israel%20Iranian%20Jews	2026-08-26
israel-iraq-jews	Israel Iraq Jews	32º 10' N	34º 52' E	Not Known	Urban and Rural	Bone Marrow Registry	Jew	Western Asia	13270	2014	https://www.allelefrequencies.net/pop6001c.asp?pop_name=Israel%20Iraq%20Jews	2026-08-26
israel-jews-cytokine	Israel Jews Cytokine	31º 28' N	35º 0' E	Not Known	Urban	Other	Jew	Western Asia	48	2000	https://www.allelefrequencies.net/pop6001c.asp?pop_name=Israel%20Jews%20Cytokine	2026-08-26
israel-jews-pop-2	Israel Jews pop 2	32º 5' N	34º 48' E	Not Known	Urban and Rural	Bone Marrow Registry	Jew	Western Asia	23000	2005	https://www.allelefrequencies.net/pop6001c.asp?pop_name=Israel%20Jews%20pop%202	2026-08-26
israel-kavkazi-jews	Israel Kavkazi Jews	32º 10' N	34º 52' E	Not Known	Urban and Rural	Bone Marrow Registry	Jew	Western Asia	2840	2014	https://www.allelefrequencies.net/pop6001c.asp?pop_name=Israel%20Kavkazi%20Jews	2026-08-26
israel-libya-jews	Israel Libya Jews	32º 10' N	34º 52' E	Not Known	Urban and Rural	Bone Marrow Registry	Jew	Western Asia	3739	2014	https://www.allelefrequencies.net/pop6001c.asp?pop_name=Israel%20Libya%20Jews	2026-08-26
israel-libyan-jews	Israel Libyan Jews	31º 47' N	35º 13' E	Not Known	Unknown	Anthropology Study	Jew	Western Asia	119	1998	https://www.allelefrequencies.net/pop6001c.asp?pop_name=Israel%20Libyan%20Jews	2026-08-26
israel-moroccan-jews	Israel Moroccan Jews	31º 47' N	35º 13' E	Not Known	Urban and Rural	Anthropology Study	Jew	Western Asia	113	1995	https://www.allelefrequencies.net/pop6001c.asp?pop_name=Israel%20Moroccan%20Jews	2026-08-26
israel-morocco-jews	Israel Morocco Jews	32º 10' N	34º 52' E	Not Known	Urban and Rural	Bone Marrow Registry	Jew	Western Asia	36718	2014	https://www.allelefrequencies.net/pop6001c.asp?pop_name=Israel%20Morocco%20Jews	2026-08-26
israel-non-ashkenazi-jews	Israel Non Ashkenazi Jews	32º 4' N	34º 47' E	Not Known	Rural	Anthropology Study	Jew	Western Asia	80	1995	https://www.allelefrequencies.net/pop6001c.asp?pop_name=Israel%20Non%20Ashkenazi%20Jews	2026-08-26
israel-north-druze-kir	Israel North Druze KIR	31º 47' N	35º 13' E	Not Known	Rural	Anthropology Study	Arab	Western Asia	116	2006	https://www.allelefrequencies.net/pop6001c.asp?pop_name=Israel%20North%20Druze%20KIR	2026-08-26
israel-poland-jews	Israel Poland Jews	32º 10' N	34º 52' E	Not Known	Urban and Rural	Bone Marrow Registry	Jew	Western Asia	13871	2014	https://www.allelefrequencies.net/pop6001c.asp?pop_name=Israel%20Poland%20Jews	2026-08-26
israel-tunisia-jews	Israel Tunisia Jews	32º 10' N	34º 52' E	Not Known	Urban and Rural	Bone Marrow Registry	Jew	Western Asia	9070	2014	https://www.allelefrequencies.net/pop6001c.asp?pop_name=Israel%20Tunisia%20Jews	2026-08-26
israel-usa-jews	Israel USA Jews	32º 10' N	34º 52' E	Not Known	Urban and Rural	Bone Marrow Registry	Jew	Western Asia	6058	2014	https://www.allelefrequencies.net/pop6001c.asp?pop_name=Israel%20USA%20Jews	2026-08-26
israel-ussr-jews	Israel USSR Jews	32º 9' N	34º 50' E	Not Known	Urban and Rural	Bone Marrow Registry	Jew	Western Asia	45681	2014	https://www.allelefrequencies.net/pop6001c.asp?pop_name=Israel%20USSR%20Jews	2026-08-26
israel-yemenjews	Israel YemenJews	32º 9' N	34º 50' E	Not Known	Urban and Rural	Bone Marrow Registry	Jew	Western Asia	15542	2014	https://www.allelefrequencies.net/pop6001c.asp?pop_name=Israel%20YemenJews	2026-08-26
israel-yemenite-jews	Israel Yemenite Jews	31º 47' N	35º 13' E	Not Known	Unknown	Anthropology Study	Jew	Western Asia	76	1998	https://www.allelefrequencies.net/pop6001c.asp?pop_name=Israel%20Yemenite%20Jews	2026-08-26
italy	Italy	45º 28' N	9º 11' E	Not Known	Unknown	Bone Marrow Registry	Caucasoid	Europe	159311	1998	https://www.allelefrequencies.net/pop6001c.asp?pop_name=Italy	2026-08-26
italy-bergamo	Italy Bergamo	45º 42' N	9º 40' E	Grandparents live at same location	Urban and Rural	Blood Donor	Caucasoid	Europe	101	1998	https://www.allelefrequencies.net/pop6001c.asp?pop_name=Italy%20Bergamo	2026-08-26
italy-central	Italy Central	41º 54' N	12º 30' E	Not Known	Urban and Rural	Anthropology Study	Caucasoid	Europe	380 (DQA1 = 179, DQB1 = 185, DRB1 = 325)	1997	https://www.allelefrequencies.net/pop6001c.asp?pop_name=Italy%20Central	2026-08-26
italy-central-cytokine	Italy Central Cytokine	42º 48' N	12º 4' E	Not Known	Unknown	Bone Marrow Registry	Caucasoid	Europe	70	2003	https://www.allelefrequencies.net/pop6001c.asp?pop_name=Italy%20Central%20Cytokine	2026-08-26
italy-cytokine	Italy Cytokine	45º 0' N	9º 0' E	Grandparents live at same location	Urban and Rural	Anthropology Study	Caucasoid	Europe	474	2001	https://www.allelefrequencies.net/pop6001c.asp?pop_name=Italy%20Cytokine	2026-08-26
italy-east-sicily	Italy East Sicily	37º 30' N	15º 4' E	Grandparents live at same location	Urban and Rural	Bone Marrow Registry	Caucasoid	Europe	50	2015	https://www.allelefrequencies.net/pop6001c.asp?pop_name=Italy%20East%20Sicily	2026-08-26
italy-kir	Italy KIR	44º 30' N	11º 21' E	Not Known	Urban and Rural	Anthropology Study	Caucasoid	Europe	217	2004	https://www.allelefrequencies.net/pop6001c.asp?pop_name=Italy%20KIR	2026-08-26
italy-lombardy	Italy Lombardy	45º 11' N	9º 9' E	Not Known	Urban and Rural	Bone Marrow Registry	Caucasoid	Europe	674	2009	https://www.allelefrequencies.net/pop6001c.asp?pop_name=Italy%20Lombardy	2026-08-26
italy-lombardy-kir	Italy Lombardy KIR	45º 0' N	9º 0' E	Grandparents live at same location	Urban and Rural	Anthropology Study	Caucasoid	Europe	50	2007	https://www.allelefrequencies.net/pop6001c.asp?pop_name=Italy%20Lombardy%20KIR	2026-08-26
italy-mic	Italy MIC	45º 27' N	8º 37' E	Not Known	Urban	Other	Caucasoid	Europe	101	2000	https://www.allelefrequencies.net/pop6001c.asp?pop_name=Italy%20MIC	2026-08-26
italy-mic-pop-2	Italy MIC pop 2	41º 54' N	12º 30' E	Not Known	Unknown	Controls for Disease Study	Caucasoid	Europe	98	2001	https://www.allelefrequencies.net/pop6001c.asp?pop_name=Italy%20MIC%20pop%202	2026-08-26
italy-milan-cytokine	Italy Milan Cytokine	45º 28' N	9º 12' E	Not Known	Urban and Rural	Controls for Disease Study	Caucasoid	Europe	94	2006	https://www.allelefrequencies.net/pop6001c.asp?pop_name=Italy%20Milan%20Cytokine	2026-08-26
italy-north	Italy North	45º 25' N	9º 11' E	Not Known	Unknown	Anthropology Study	Caucasoid	Europe	277	2006	https://www.allelefrequencies.net/pop6001c.asp?pop_name=Italy%20North	2026-08-26
italy-north-cytokine	Italy North Cytokine	44º 29' N	11º 23' E	Not Known	Unknown	Blood Donor	Caucasoid	Europe	363	2001	https://www.allelefrequencies.net/pop6001c.asp?pop_name=Italy%20North%20Cytokine	2026-08-26
italy-north-pavia	Italy North Pavia	45º 11' N	9º 9' E	Not Known	Urban and Rural	Bone Marrow Registry	Caucasoid	Europe	81	2002	https://www.allelefrequencies.net/pop6001c.asp?pop_name=Italy%20North%20Pavia	2026-08-26
italy-north-pavia-cytokine	Italy North Pavia Cytokine	45º 0' N	9º 0' E	Not Known	Urban and Rural	Bone Marrow Registry	Caucasoid	Europe	58	2002	https://www.allelefrequencies.net/pop6001c.asp?pop_name=Italy%20North%20Pavia%20Cytokine	2026-08-26
italy-north-pavia-pop-2	Italy North Pavia pop 2	45º 11' N	9º 9' E	Parents live at same location	Urban and Rural	Other	Caucasoid	Europe	2416	2007	https://www.allelefrequencies.net/pop6001c.asp?pop_name=Italy%20North%20Pavia%20pop%202	2026-08-26
italy-north-pavia-pop-3	Italy North Pavia pop 3	45º 11' N	9º 9' E	Not Known	Unknown	Other	Caucasoid	Europe	685	2013	https://www.allelefrequencies.net/pop6001c.asp?pop_name=Italy%20North%20Pavia%20pop%203	2026-08-26
italy-north-pop-2	Italy North pop 2	45º 4' N	7º 42' E	Not Known	Urban and Rural	Other	Caucasoid	Europe	2054	1995	https://www.allelefrequencies.net/pop6001c.asp?pop_name=Italy%20North%20pop%202	2026-08-26
italy-north-pop-3	Italy North pop 3	43º 0' N	12º 0' E	Not Known	Unknown	Anthropology Study	Caucasoid	Europe	97 (A = 26, B = 15, DPB1 = 50)	1998	https://www.allelefrequencies.net/pop6001c.asp?pop_name=Italy%20North%20pop%203	2026-08-26
italy-perugia-mic	Italy Perugia MIC	43º 7' N	12º 23' E	Not Known	Urban	Controls for Disease Study	Caucasoid	Europe	158	2004	https://www.allelefrequencies.net/pop6001c.asp?pop_name=Italy%20Perugia%20MIC	2026-08-26
italy-rome	Italy Rome	41º 54' N	12º 27' E	Not Known	Urban	Anthropology Study	Caucasoid	Europe	100 (DQA1 = 66)	1997	https://www.allelefrequencies.net/pop6001c.asp?pop_name=Italy%20Rome	2026-08-26
italy-rome-mic	Italy Rome MIC	41º 54' N	12º 30' E	Not Known	Unknown	Anthropology Study	Caucasoid	Europe	26	1995	https://www.allelefrequencies.net/pop6001c.asp?pop_name=Italy%20Rome%20MIC	2026-08-26
italy-sardinia	Italy Sardinia	39º 14' N	9º 3' E	Not Known	Unknown	Other	Caucasoid	Europe	86	2000	https://www.allelefrequencies.net/pop6001c.asp?pop_name=Italy%20Sardinia	2026-08-26
italy-sardinia-cagliari	Italy Sardinia Cagliari	39º 14' N	9º 3' E	Parents live at same location	Rural	Anthropology Study	Caucasoid	Europe	87	1999	https://www.allelefrequencies.net/pop6001c.asp?pop_name=Italy%20Sardinia%20Cagliari	2026-08-26
italy-sardinia-cagliari-kir	Italy Sardinia Cagliari KIR	39º 13' N	9º 6' E	Not Known	Unknown	Bone Marrow Registry	Mixed	Europe	181	2011	https://www.allelefrequencies.net/pop6001c.asp?pop_name=Italy%20Sardinia%20Cagliari%20KIR	2026-08-26
italy-sardinia-carbonia	Italy Sardinia Carbonia	39º 10' N	8º 31' E	Parents live at same location	Rural	Anthropology Study	Caucasoid	Europe	91	1999	https://www.allelefrequencies.net/pop6001c.asp?pop_name=Italy%20Sardinia%20Carbonia	2026-08-26
italy-sardinia-cytokine	Italy Sardinia Cytokine	39º 14' N	9º 3' E	Grandparents live at same location	Urban and Rural	Anthropology Study	Caucasoid	Europe	137	2001	https://www.allelefrequencies.net/pop6001c.asp?pop_name=Italy%20Sardinia%20Cytokine	2026-08-26
italy-sardinia-lanusei	Italy Sardinia Lanusei	39º 53' N	9º 33' E	Parents live at same location	Rural	Anthropology Study	Caucasoid	Europe	87	1999	https://www.allelefrequencies.net/pop6001c.asp?pop_name=Italy%20Sardinia%20Lanusei	2026-08-26
italy-sardinia-oristano	Italy Sardinia Oristano	39º 54' N	8º 35' E	Parents live at same location	Rural	Anthropology Study	Caucasoid	Europe	91	1999	https://www.allelefrequencies.net/pop6001c.asp?pop_name=Italy%20Sardinia%20Oristano	2026-08-26
italy-sardinia-sassari	Italy Sardinia Sassari	40º 43' N	8º 33' E	Parents live at same location	Rural	Anthropology Study	Caucasoid	Europe	91	1999	https://www.allelefrequencies.net/pop6001c.asp?pop_name=Italy%20Sardinia%20Sassari	2026-08-26
italy-sardinia-sorgono	Italy Sardinia Sorgono	40º 2' N	9º 6' E	Parents live at same location	Rural	Anthropology Study	Caucasoid	Europe	93	1999	https://www.allelefrequencies.net/pop6001c.asp?pop_name=Italy%20Sardinia%20Sorgono	2026-08-26
italy-sardinia-tempio	Italy Sardinia Tempio	40º 54' N	9º 6' E	Parents live at same location	Rural	Anthropology Study	Caucasoid	Europe	91	1999	https://www.allelefrequencies.net/pop6001c.asp?pop_name=Italy%20Sardinia%20Tempio	2026-08-26
italy-sardinia-pop-4	Italy Sardinia pop 4	39º 15' N	9º 3' E	Not Known	Unknown	Controls for Disease Study	Caucasoid	Europe	49	1991	https://www.allelefrequencies.net/pop6001c.asp?pop_name=Italy%20Sardinia%20pop%204	2026-08-26
italy-sardinia-pop2	Italy Sardinia pop2	39º 14' N	9º 3' E	Not Known	Urban and Rural	Controls for Disease Study	Caucasoid	Europe	1129	2005	https://www.allelefrequencies.net/pop6001c.asp?pop_name=Italy%20Sardinia%20pop2	2026-08-26
italy-sardinia-pop3	Italy Sardinia pop3	39º 14' N	9º 3' E	Grandparents live at same location	Unknown	Anthropology Study	Caucasoid	Europe	100	2000	https://www.allelefrequencies.net/pop6001c.asp?pop_name=Italy%20Sardinia%20pop3	2026-08-26
italy-sicily-cytokine	Italy Sicily Cytokine	38º 7' N	13º 22' E	Grandparents live at same location	Urban	Anthropology Study	Caucasoid	Europe	106	2002	https://www.allelefrequencies.net/pop6001c.asp?pop_name=Italy%20Sicily%20Cytokine	2026-08-26
italy-sicily-west	Italy Sicily West	38º 0' N	13º 0' E	Grandparents live at same location	Urban	Controls for Disease Study	Caucasoid	Europe	220	2006	https://www.allelefrequencies.net/pop6001c.asp?pop_name=Italy%20Sicily%20West	2026-08-26
italy-south	Italy South	40º 50' N	14º 15' E	Not Known	Unknown	Anthropology Study	Caucasoid	Europe	141	2006	https://www.allelefrequencies.net/pop6001c.asp?pop_name=Italy%20South	2026-08-26
italy-south-campania-region	Italy South Campania Region	40º 50' N	14º 15' E	Parents live at same location	Urban and Rural	Disease Study Patients	Caucasoid	Europe	1089	2004	https://www.allelefrequencies.net/pop6001c.asp?pop_name=Italy%20South%20Campania%20Region	2026-08-26
italy-torino-cytokine	Italy Torino Cytokine	45º 0' N	7º 0' E	Parents live at same location	Urban	Controls for Disease Study	Caucasoid	Europe	140	2002	https://www.allelefrequencies.net/pop6001c.asp?pop_name=Italy%20Torino%20Cytokine	2026-08-26
italy-turin	Italy Turin	42º 50' N	12º 50' E	Not Known	Unknown	Controls for Disease Study	Caucasoid	Europe	87	1991	https://www.allelefrequencies.net/pop6001c.asp?pop_name=Italy%20Turin	2026-08-26
italy-west-sicily-kir	Italy West Sicily KIR	38º 0' N	13º 18' E	Grandparents live at same location	Unknown	Controls for Disease Study	Caucasoid	Europe	60	2016	https://www.allelefrequencies.net/pop6001c.asp?pop_name=Italy%20West%20Sicily%20KIR	2026-08-26
italy-pop-2	Italy pop 2	41º 54' N	12º 30' E	Not Known	Urban and Rural	Controls for Disease Study	Caucasoid	Europe	53	1996	https://www.allelefrequencies.net/pop6001c.asp?pop_name=Italy%20pop%202	2026-08-26
italy-pop-3	Italy pop 3	41º 42' N	15º 44' E	Not Known	Unknown	Controls for Disease Study	Caucasoid	Europe	179	2001	https://www.allelefrequencies.net/pop6001c.asp?pop_name=Italy%20pop%203	2026-08-26
italy-pop-4	Italy pop 4	44º 24' N	8º 55' E	Not Known	Unknown	Bone Marrow Registry	Caucasoid	Europe	4575	2009	https://www.allelefrequencies.net/pop6001c.asp?pop_name=Italy%20pop%204	2026-08-26
italy-pop-5	Italy pop 5	45º 28' N	9º 11' E	Not Known	Unknown	Bone Marrow Registry	Caucasoid	Europe	975 (B = 1643, C = 1569, DQB1 = 2087, DRB1 = 22114)	2011	https://www.allelefrequencies.net/pop6001c.asp?pop_name=Italy%20pop%205	2026-08-26
italy-pop-6	Italy pop 6	41º 53' N	12º 29' E	Not Known	Urban and Rural	Controls for Disease Study	Caucasoid	Europe	184	2013	https://www.allelefrequencies.net/pop6001c.asp?pop_name=Italy%20pop%206	2026-08-26
ivory-coast-abidjan-kir	Ivory Coast Abidjan KIR	5º 20' N	4º 1' W	Not Known	Urban	Blood Donor	Black	Sub-Saharan Africa	25	2005	https://www.allelefrequencies.net/pop6001c.asp?pop_name=Ivory%20Coast%20Abidjan%20KIR	2026-08-26
ivory-coast-adiopodoume-akan	Ivory Coast Adiopodoume Akan	5º 20' N	4º 0' W	Not Known	Rural	Anthropology Study	Black	Sub-Saharan Africa	44	2000	https://www.allelefrequencies.net/pop6001c.asp?pop_name=Ivory%20Coast%20Adiopodoume%20Akan	2026-08-26
jamaica	Jamaica	17º 59' N	76º 49' W	Not Known	Urban and Rural	Anthropology Study	Black	South and Central America	132	1995	https://www.allelefrequencies.net/pop6001c.asp?pop_name=Jamaica	2026-08-26
japan	Japan	35º 41' N	139º 46' E	Not Known	Unknown	Anthropology Study	Oriental	North-East Asia	50	1995	https://www.allelefrequencies.net/pop6001c.asp?pop_name=Japan	2026-08-26
japan-aichi	Japan Aichi	35º 11' N	136º 54' E	Not Known	Urban	Other	Oriental	North-East Asia	50	1995	https://www.allelefrequencies.net/pop6001c.asp?pop_name=Japan%20Aichi	2026-08-26
japan-central	Japan Central	35º 41' N	139º 46' E	Not Known	Unknown	Anthropology Study	Oriental	North-East Asia	371	1999	https://www.allelefrequencies.net/pop6001c.asp?pop_name=Japan%20Central	2026-08-26
japan-cytokine	Japan Cytokine	37º 36' N	138º 2' E	Not Known	Urban and Rural	Other	Oriental	North-East Asia	575	1997	https://www.allelefrequencies.net/pop6001c.asp?pop_name=Japan%20Cytokine	2026-08-26
japan-fukuoka	Japan Fukuoka	33º 35' N	130º 24' E	Not Known	Urban and Rural	Anthropology Study	Oriental	North-East Asia	86	2000	https://www.allelefrequencies.net/pop6001c.asp?pop_name=Japan%20Fukuoka	2026-08-26
japan-hokkaido-ainu	Japan Hokkaido Ainu	43º 0' N	142º 0' E	Not Known	Rural	Anthropology Study	Oriental	North-East Asia	50	1995	https://www.allelefrequencies.net/pop6001c.asp?pop_name=Japan%20Hokkaido%20Ainu	2026-08-26
japan-hokkaido-wajin	Japan Hokkaido Wajin	43º 0' N	142º 0' E	Not Known	Rural	Controls for Disease Study	Oriental	North-East Asia	71	2004	https://www.allelefrequencies.net/pop6001c.asp?pop_name=Japan%20Hokkaido%20Wajin	2026-08-26
japan-hyogo	Japan Hyogo	34º 0' N	135º 0' E	Not Known	Urban	Anthropology Study	Oriental	North-East Asia	32	1998	https://www.allelefrequencies.net/pop6001c.asp?pop_name=Japan%20Hyogo	2026-08-26
japan-hyogo-osaka-and-nagano	Japan Hyogo Osaka and Nagano	34º 41' N	135º 30' E	Not Known	Unknown	Anthropology Study	Oriental	North-East Asia	195	1995	https://www.allelefrequencies.net/pop6001c.asp?pop_name=Japan%20Hyogo%20Osaka%20and%20Nagano	2026-08-26
japan-kir	Japan KIR	35º 41' N	139º 46' E	Not Known	Unknown	Controls for Disease Study	Oriental	North-East Asia	50	1995	https://www.allelefrequencies.net/pop6001c.asp?pop_name=Japan%20KIR	2026-08-26
japan-kir-pop-2	Japan KIR pop 2	35º 41' N	139º 46' E	Not Known	Urban and Rural	Anthropology Study	Oriental	North-East Asia	41	2001	https://www.allelefrequencies.net/pop6001c.asp?pop_name=Japan%20KIR%20pop%202	2026-08-26
japan-kir-pop-3	Japan KIR pop 3	35º 41' N	139º 46' E	Not Known	Unknown	Anthropology Study	Oriental	North-East Asia	132	2005	https://www.allelefrequencies.net/pop6001c.asp?pop_name=Japan%20KIR%20pop%203	2026-08-26
japan-kir-pop-4	Japan KIR pop 4	35º 42' N	139º 42' E	Not Known	Urban	Anthropology Study	Oriental	North-East Asia	49	2006	https://www.allelefrequencies.net/pop6001c.asp?pop_name=Japan%20KIR%20pop%204	2026-08-26
japan-kyoto-kir	Japan Kyoto KIR	35º 1' N	135º 46' E	Not Known	Urban and Rural	Controls for Disease Study	Oriental	North-East Asia	240	2006	https://www.allelefrequencies.net/pop6001c.asp?pop_name=Japan%20Kyoto%20KIR	2026-08-26
japan-kyoto-and-osaka	Japan Kyoto and Osaka	35º 1' N	135º 46' E	Not Known	Unknown	Controls for Disease Study	Oriental	North-East Asia	165	2001	https://www.allelefrequencies.net/pop6001c.asp?pop_name=Japan%20Kyoto%20and%20Osaka	2026-08-26
japan-mic	Japan MIC	34º 41' N	135º 12' E	Not Known	Unknown	Anthropology Study	Oriental	North-East Asia	130	1998	https://www.allelefrequencies.net/pop6001c.asp?pop_name=Japan%20MIC	2026-08-26
japan-mic-pop-2	Japan MIC pop 2	35º 41' N	139º 46' E	Not Known	Unknown	Other	Oriental	North-East Asia	152	1999	https://www.allelefrequencies.net/pop6001c.asp?pop_name=Japan%20MIC%20pop%202	2026-08-26
japan-mic-pop-3	Japan MIC pop 3	35º 41' N	139º 46' E	Not Known	Unknown	Blood Donor	Oriental	North-East Asia	114	1998	https://www.allelefrequencies.net/pop6001c.asp?pop_name=Japan%20MIC%20pop%203	2026-08-26
japan-nagano	Japan Nagano	36º 38' N	138º 11' E	Not Known	Rural	Controls for Disease Study	Oriental	North-East Asia	57	2004	https://www.allelefrequencies.net/pop6001c.asp?pop_name=Japan%20Nagano	2026-08-26
japan-okinawa-ryukyuan	Japan Okinawa Ryukyuan	26º 4' N	127º 8' E	Not Known	Rural	Anthropology Study	Oriental	North-East Asia	143	1995	https://www.allelefrequencies.net/pop6001c.asp?pop_name=Japan%20Okinawa%20Ryukyuan	2026-08-26
japan-south	Japan South	33º 55' N	130º 24' E	Not Known	Urban and Rural	Controls for Disease Study	Oriental	North-East Asia	125	2007	https://www.allelefrequencies.net/pop6001c.asp?pop_name=Japan%20South	2026-08-26
japan-tohoku-region	Japan Tohoku Region	38º 54' N	140º 41' E	Not Known	Unknown	Controls for Disease Study	Oriental	North-East Asia	322	2008	https://www.allelefrequencies.net/pop6001c.asp?pop_name=Japan%20Tohoku%20Region	2026-08-26
japan-tokyo-kir	Japan Tokyo KIR	35º 41' N	139º 46' E	Not Known	Urban	Controls for Disease Study	Oriental	North-East Asia	239	2005	https://www.allelefrequencies.net/pop6001c.asp?pop_name=Japan%20Tokyo%20KIR	2026-08-26
japan-tokyo-mic	Japan Tokyo MIC	35º 41' N	139º 46' E	Not Known	Urban and Rural	Anthropology Study	Oriental	North-East Asia	352	1996	https://www.allelefrequencies.net/pop6001c.asp?pop_name=Japan%20Tokyo%20MIC	2026-08-26
japan-pop-1	Japan pop 1	35º 40' N	139º 40' E	Not Known	Unknown	Controls for Disease Study	Oriental	North-East Asia	560	2013	https://www.allelefrequencies.net/pop6001c.asp?pop_name=Japan%20pop%201	2026-08-26
japan-pop-10	Japan pop 10	38º 16' N	140º 52' E	Not Known	Unknown	Controls for Disease Study	Oriental	North-East Asia	332	2007	https://www.allelefrequencies.net/pop6001c.asp?pop_name=Japan%20pop%2010	2026-08-26
japan-pop-11	Japan pop 11	35º 41' N	139º 46' E	Not Known	Unknown	Controls for Disease Study	Oriental	North-East Asia	62	2001	https://www.allelefrequencies.net/pop6001c.asp?pop_name=Japan%20pop%2011	2026-08-26
japan-pop-13	Japan pop 13	34º 31' N	135º 48' E	Not Known	Unknown	Anthropology Study	Oriental	North-East Asia	50	2001	https://www.allelefrequencies.net/pop6001c.asp?pop_name=Japan%20pop%2013	2026-08-26
japan-pop-14	Japan pop 14	35º 41' N	139º 46' E	Not Known	Unknown	Anthropology Study	Oriental	North-East Asia	54	1995	https://www.allelefrequencies.net/pop6001c.asp?pop_name=Japan%20pop%2014	2026-08-26
japan-pop-15	Japan pop 15	31º 36' N	130º 33' E	Not Known	Unknown	Anthropology Study	Oriental	North-East Asia	41	1998	https://www.allelefrequencies.net/pop6001c.asp?pop_name=Japan%20pop%2015	2026-08-26
japan-pop-16	Japan pop 16	35º 41' N	139º 46' E	Grandparents live at same location	Urban and Rural	Anthropology Study	Oriental	North-East Asia	18604	2013	https://www.allelefrequencies.net/pop6001c.asp?pop_name=Japan%20pop%2016	2026-08-26
japan-pop-17	Japan pop 17	37º 36' N	138º 2' E	Grandparents live at same location	Urban and Rural	Other	Oriental	North-East Asia	3078	2014	https://www.allelefrequencies.net/pop6001c.asp?pop_name=Japan%20pop%2017	2026-08-26
japan-pop-2	Japan pop 2	35º 41' N	139º 46' E	Not Known	Urban and Rural	Anthropology Study	Oriental	North-East Asia	916	1995	https://www.allelefrequencies.net/pop6001c.asp?pop_name=Japan%20pop%202	2026-08-26
japan-pop-3	Japan pop 3	35º 41' N	139º 46' E	Not Known	Unknown	Anthropology Study	Oriental	North-East Asia	1018	2004	https://www.allelefrequencies.net/pop6001c.asp?pop_name=Japan%20pop%203	2026-08-26
japan-pop-4	Japan pop 4	35º 41' N	139º 46' E	Not Known	Unknown	Controls for Disease Study	Oriental	North-East Asia	525	1998	https://www.allelefrequencies.net/pop6001c.asp?pop_name=Japan%20pop%204	2026-08-26
japan-pop-5	Japan pop 5	35º 41' N	139º 46' E	Not Known	Unknown	Anthropology Study	Oriental	North-East Asia	117	1995	https://www.allelefrequencies.net/pop6001c.asp?pop_name=Japan%20pop%205	2026-08-26
japan-pop-6	Japan pop 6	34º 41' N	135º 30' E	Not Known	Unknown	Controls for Disease Study	Oriental	North-East Asia	129	2005	https://www.allelefrequencies.net/pop6001c.asp?pop_name=Japan%20pop%206	2026-08-26
japan-pop-7	Japan pop 7	35º 41' N	139º 46' E	Not Known	Unknown	Controls for Disease Study	Oriental	North-East Asia	317	2000	https://www.allelefrequencies.net/pop6001c.asp?pop_name=Japan%20pop%207	2026-08-26
japan-pop-8	Japan pop 8	35º 41' N	139º 46' E	Not Known	Unknown	Controls for Disease Study	Oriental	North-East Asia	308	2000	https://www.allelefrequencies.net/pop6001c.asp?pop_name=Japan%20pop%208	2026-08-26
japan-pop-9	Japan pop 9	35º 41' N	139º 46' E	Not Known	Unknown	Controls for Disease Study	Oriental	North-East Asia	132	2006	https://www.allelefrequencies.net/pop6001c.asp?pop_name=Japan%20pop%209	2026-08-26
jordan	Jordan	31º 57' N	35º 56' E	Parents live at same location	Urban and Rural	Blood Donor	Arab	Western Asia	15141	2011	https://www.allelefrequencies.net/pop6001c.asp?pop_name=Jordan	2026-08-26
jordan-amman	Jordan Amman	31º 35' N	36º 20' E	Not Known	Urban and Rural	Anthropology Study	Arab	Western Asia	146	2000	https://www.allelefrequencies.net/pop6001c.asp?pop_name=Jordan%20Amman	2026-08-26
jordan-cytokine	Jordan Cytokine	32º 33' N	35º 51' E	Not Known	Unknown	Controls for Disease Study	Arab	Western Asia	118	2009	https://www.allelefrequencies.net/pop6001c.asp?pop_name=Jordan%20Cytokine	2026-08-26
jordan-palestine-kir	Jordan Palestine KIR	31º 35' N	36º 20' E	Not Known	Unknown	Controls for Disease Study	Arab	Western Asia	105	2000	https://www.allelefrequencies.net/pop6001c.asp?pop_name=Jordan%20Palestine%20KIR	2026-08-26
kazakhstan-mic	Kazakhstan MIC	51º 10' N	71º 30' E	Not Known	Unknown	Anthropology Study	Asian	Central Asia	38	1996	https://www.allelefrequencies.net/pop6001c.asp?pop_name=Kazakhstan%20MIC	2026-08-26
kenya	Kenya	1º 28' S	36º 8' E	Not Known	Rural	Anthropology Study	Black	Sub-Saharan Africa	144	2002	https://www.allelefrequencies.net/pop6001c.asp?pop_name=Kenya	2026-08-26
kenya-kir	Kenya KIR	1º 16' N	36º 48' E	Not Known	Urban and Rural	Disease Study Patients	Black	Sub-Saharan Africa	1000	2007	https://www.allelefrequencies.net/pop6001c.asp?pop_name=Kenya%20KIR	2026-08-26
kenya-luo	Kenya Luo	0º 0' S	34º 6' E	Not Known	Rural	Anthropology Study	Black	Sub-Saharan Africa	265	2002	https://www.allelefrequencies.net/pop6001c.asp?pop_name=Kenya%20Luo	2026-08-26
kenya-nandi	Kenya Nandi	0º 0' S	35º 0' E	Not Known	Rural	Anthropology Study	Black	Sub-Saharan Africa	240	2002	https://www.allelefrequencies.net/pop6001c.asp?pop_name=Kenya%20Nandi	2026-08-26
kenya-nyanza-province-luo-tribe	Kenya, Nyanza Province, Luo tribe	0º 5' S	34º 46' E	Not Known	Urban and Rural	Other	Black	Sub-Saharan Africa	100	2011	https://www.allelefrequencies.net/pop6001c.asp?pop_name=Kenya%2C%20Nyanza%20Province%2C%20Luo%20tribe	2026-08-26
kiribati	Kiribati	1º 28' S	173º 2' E	Not Known	Rural	Anthropology Study	Micronesian	Oceania	62	1995	https://www.allelefrequencies.net/pop6001c.asp?pop_name=Kiribati	2026-08-26
korea-pop-2-kir	Korea pop 2 KIR	37º 33' N	126º 57' E	Not Known	Unknown	Controls for Disease Study	Oriental	North-East Asia	159	2012	https://www.allelefrequencies.net/pop6001c.asp?pop_name=Korea%20pop%202%20KIR	2026-08-26
kosovo	Kosovo	42º 34' N	21º 0' E	Not Known	Urban and Rural	Controls for Disease Study	Unknown	Europe	124	2018	https://www.allelefrequencies.net/pop6001c.asp?pop_name=Kosovo	2026-08-26
latvia	Latvia	56º 50' N	24º 45' E	Not Known	Urban and Rural	Blood Donor	Caucasoid	Europe	266 (A = 264, B = 265, C = 263, DPB1 = 265, DQA1 = 264, DQB1 = 262, DRB1 = 264)	2024	https://www.allelefrequencies.net/pop6001c.asp?pop_name=Latvia	2026-08-26
latvia-kir	Latvia KIR	57º 0' N	25º 0' E	Not Known	Urban	Controls for Disease Study	Caucasoid	Europe	100	2004	https://www.allelefrequencies.net/pop6001c.asp?pop_name=Latvia%20KIR	2026-08-26
latvia-mic	Latvia MIC	57º 0' N	25º 0' E	Not Known	Unknown	Controls for Disease Study	Caucasoid	Europe	108	2001	https://www.allelefrequencies.net/pop6001c.asp?pop_name=Latvia%20MIC	2026-08-26
lebanon-kir	Lebanon KIR	33º 54' N	35º 32' E	Not Known	Urban	Bone Marrow Registry	Arab	Western Asia	120	2004	https://www.allelefrequencies.net/pop6001c.asp?pop_name=Lebanon%20KIR	2026-08-26
lebanon-kafar-zubian	Lebanon Kafar Zubian	33º 54' N	35º 32' E	Not Known	Rural	Anthropology Study	Arab	Western Asia	94 (DPB1 = 61)	1996	https://www.allelefrequencies.net/pop6001c.asp?pop_name=Lebanon%20Kafar%20Zubian	2026-08-26
lebanon-mixed	Lebanon Mixed	33º 54' N	35º 32' E	Not Known	Unknown	Anthropology Study	Mixed	Western Asia	97	2005	https://www.allelefrequencies.net/pop6001c.asp?pop_name=Lebanon%20Mixed	2026-08-26
lebanon-niha-el-shouff	Lebanon Niha el Shouff	33º 35' N	35º 49' E	Not Known	Rural	Anthropology Study	Arab	Western Asia	61 (DPB1 = 33)	1996	https://www.allelefrequencies.net/pop6001c.asp?pop_name=Lebanon%20Niha%20el%20Shouff	2026-08-26
lebanon-yuhmur	Lebanon Yuhmur	33º 54' N	35º 32' E	Not Known	Rural	Anthropology Study	Arab	Western Asia	82 (DPB1 = 52)	1996	https://www.allelefrequencies.net/pop6001c.asp?pop_name=Lebanon%20Yuhmur	2026-08-26
lebanon-pop-2	Lebanon pop 2	33º 54' N	35º 32' E	Not Known	Urban	Anthropology Study	Arab	Western Asia	191	2001	https://www.allelefrequencies.net/pop6001c.asp?pop_name=Lebanon%20pop%202	2026-08-26
liberia-bong-county	Liberia Bong County	7º 0' N	9º 40' W	Not Known	Rural	Anthropology Study	Black	Sub-Saharan Africa	110	1997	https://www.allelefrequencies.net/pop6001c.asp?pop_name=Liberia%20Bong%20County	2026-08-26
libya-cyrenaica	Libya Cyrenaica	32º 7' N	20º 4' E	Grandparents live at same location	Urban	Anthropology Study	Mixed	North Africa	118	2013	https://www.allelefrequencies.net/pop6001c.asp?pop_name=Libya%20Cyrenaica	2026-08-26
macedonia	Macedonia	41º 32' N	21º 42' E	Parents live at same location	Urban and Rural	Other	Caucasoid	Europe	286	2016	https://www.allelefrequencies.net/pop6001c.asp?pop_name=Macedonia	2026-08-26
macedonia-cytokine	Macedonia Cytokine	42º 0' N	21º 0' E	Grandparents live at same location	Urban and Rural	Anthropology Study	Caucasoid	Europe	125	2002	https://www.allelefrequencies.net/pop6001c.asp?pop_name=Macedonia%20Cytokine	2026-08-26
macedonia-kir	Macedonia KIR	42º 0' N	21º 0' E	Grandparents live at same location	Urban and Rural	Anthropology Study	Caucasoid	Europe	214	2009	https://www.allelefrequencies.net/pop6001c.asp?pop_name=Macedonia%20KIR	2026-08-26
macedonia-mbmdr-albanian	Macedonia MBMDR - Albanian	41º 46' N	22º 19' E	Parents live at same location	Urban and Rural	Bone Marrow Registry	Caucasoid	Europe	128	2017	https://www.allelefrequencies.net/pop6001c.asp?pop_name=Macedonia%20MBMDR%20-%20Albanian	2026-08-26
macedonia-mbmdr-macedonian	Macedonia MBMDR - Macedonian	41º 46' N	22º 19' E	Parents live at same location	Urban and Rural	Bone Marrow Registry	Caucasoid	Europe	1283	2017	https://www.allelefrequencies.net/pop6001c.asp?pop_name=Macedonia%20MBMDR%20-%20Macedonian	2026-08-26
macedonia-mbmdr-macedonian-muslims	Macedonia MBMDR - Macedonian Muslims	41º 46' N	22º 19' E	Parents live at same location	Urban and Rural	Bone Marrow Registry	Caucasoid	Europe	76	2017	https://www.allelefrequencies.net/pop6001c.asp?pop_name=Macedonia%20MBMDR%20-%20Macedonian%20Muslims	2026-08-26
macedonia-romani-kir	Macedonia Romani KIR	41º 59' N	21º 25' E	Not Known	Unknown	Anthropology Study	Other	Europe	103	2009	https://www.allelefrequencies.net/pop6001c.asp?pop_name=Macedonia%20Romani%20KIR	2026-08-26
macedonia-pop-1	Macedonia pop 1	42º 0' N	21º 26' E	Parents live at same location	Urban and Rural	Anthropology Study	Caucasoid	Europe	158	2001	https://www.allelefrequencies.net/pop6001c.asp?pop_name=Macedonia%20pop%201	2026-08-26
macedonia-pop-2	Macedonia pop 2	42º 0' N	21º 0' E	Not Known	Urban and Rural	Blood Donor	Caucasoid	Europe	80	1997	https://www.allelefrequencies.net/pop6001c.asp?pop_name=Macedonia%20pop%202	2026-08-26
macedonia-pop-3	Macedonia pop 3	42º 0' N	22º 0' E	Not Known	Rural	Anthropology Study	Caucasoid	Europe	172	2000	https://www.allelefrequencies.net/pop6001c.asp?pop_name=Macedonia%20pop%203	2026-08-26
macedonia-pop-4	Macedonia pop 4	42º 0' N	21º 0' E	Parents live at same location	Urban and Rural	Anthropology Study	Caucasoid	Europe	216	2001	https://www.allelefrequencies.net/pop6001c.asp?pop_name=Macedonia%20pop%204	2026-08-26
macedonia-pop-5	Macedonia pop 5	42º 0' N	21º 26' E	Not Known	Unknown	Controls for Disease Study	Caucasoid	Europe	103	1995	https://www.allelefrequencies.net/pop6001c.asp?pop_name=Macedonia%20pop%205	2026-08-26
madeira	Madeira	32º 44' N	16º 58' W	Grandparents live at same location	Urban and Rural	Anthropology Study	Caucasoid	Europe	185	2004	https://www.allelefrequencies.net/pop6001c.asp?pop_name=Madeira	2026-08-26
madeira-pop-2	Madeira pop 2	32º 44' N	16º 58' W	Not Known	Urban and Rural	Anthropology Study	Caucasoid	Europe	173	2008	https://www.allelefrequencies.net/pop6001c.asp?pop_name=Madeira%20pop%202	2026-08-26
madeira-pop-3	Madeira pop 3	32º 44' N	16º 58' W	Not Known	Unknown	Bone Marrow Registry	Caucasoid	Europe	538	2009	https://www.allelefrequencies.net/pop6001c.asp?pop_name=Madeira%20pop%203	2026-08-26
malaysia	Malaysia	3º 8' N	101º 42' E	Not Known	Rural	Anthropology Study	Austronesian	South-East Asia	74	1999	https://www.allelefrequencies.net/pop6001c.asp?pop_name=Malaysia	2026-08-26
malaysia-batek-cytokine	Malaysia Batek Cytokine	3º 47' N	101º 42' E	Grandparents live at same location	Rural	Blood Donor	Austronesian	South-East Asia	25	2015	https://www.allelefrequencies.net/pop6001c.asp?pop_name=Malaysia%20Batek%20Cytokine	2026-08-26
malaysia-champa	Malaysia Champa	2º 30' N	112º 30' E	Grandparents live at same location	Urban and Rural	Anthropology Study	Austronesian	South-East Asia	29	2016	https://www.allelefrequencies.net/pop6001c.asp?pop_name=Malaysia%20Champa	2026-08-26
malaysia-che-wong-cytokine	Malaysia Che Wong Cytokine	3º 47' N	101º 42' E	Grandparents live at same location	Rural	Blood Donor	Austronesian	South-East Asia	26	2015	https://www.allelefrequencies.net/pop6001c.asp?pop_name=Malaysia%20Che%20Wong%20Cytokine	2026-08-26
malaysia-jelebu-temuan	Malaysia Jelebu Temuan	2º 56' N	102º 5' E	Not Known	Unknown	Anthropology Study	Oriental	South-East Asia	25	2009	https://www.allelefrequencies.net/pop6001c.asp?pop_name=Malaysia%20Jelebu%20Temuan	2026-08-26
malaysia-kedah-baling-kensiu	Malaysia Kedah Baling Kensiu	5º 40' N	100º 55' E	Not Known	Unknown	Anthropology Study	Oriental	South-East Asia	25	2009	https://www.allelefrequencies.net/pop6001c.asp?pop_name=Malaysia%20Kedah%20Baling%20Kensiu	2026-08-26
malaysia-kedah-kensiu	Malaysia Kedah Kensiu	5º 40' N	100º 55' E	Grandparents live at same location	Rural	Anthropology Study	Other	South-East Asia	21	2014	https://www.allelefrequencies.net/pop6001c.asp?pop_name=Malaysia%20Kedah%20Kensiu	2026-08-26
malaysia-kelantan	Malaysia Kelantan	2º 30' N	112º 30' E	Grandparents live at same location	Urban and Rural	Anthropology Study	Austronesian	South-East Asia	28	2016	https://www.allelefrequencies.net/pop6001c.asp?pop_name=Malaysia%20Kelantan	2026-08-26
malaysia-kensiu-cytokine	Malaysia Kensiu Cytokine	3º 47' N	101º 42' E	Grandparents live at same location	Rural	Blood Donor	Austronesian	South-East Asia	36	2015	https://www.allelefrequencies.net/pop6001c.asp?pop_name=Malaysia%20Kensiu%20Cytokine	2026-08-26
malaysia-lanoh-cytokine	Malaysia Lanoh Cytokine	3º 47' N	101º 42' E	Grandparents live at same location	Rural	Blood Donor	Austronesian	South-East Asia	24	2015	https://www.allelefrequencies.net/pop6001c.asp?pop_name=Malaysia%20Lanoh%20Cytokine	2026-08-26
malaysia-mandailing	Malaysia Mandailing	2º 30' N	112º 30' E	Grandparents live at same location	Urban and Rural	Anthropology Study	Austronesian	South-East Asia	27	2016	https://www.allelefrequencies.net/pop6001c.asp?pop_name=Malaysia%20Mandailing	2026-08-26
malaysia-negeri-sembilan-minangkabau	Malaysia Negeri Sembilan Minangkabau	2º 43' N	101º 57' E	Not Known	Unknown	Anthropology Study	Oriental	South-East Asia	34	2008	https://www.allelefrequencies.net/pop6001c.asp?pop_name=Malaysia%20Negeri%20Sembilan%20Minangkabau	2026-08-26
malaysia-orang-kanaq-cytokine	Malaysia Orang Kanaq Cytokine	3º 47' N	101º 42' E	Grandparents live at same location	Rural	Blood Donor	Austronesian	South-East Asia	11	2015	https://www.allelefrequencies.net/pop6001c.asp?pop_name=Malaysia%20Orang%20Kanaq%20Cytokine	2026-08-26
malaysia-pahang-semai	Malaysia Pahang Semai	4º 11' N	102º 3' E	Grandparents live at same location	Rural	Anthropology Study	Other	South-East Asia	38	2014	https://www.allelefrequencies.net/pop6001c.asp?pop_name=Malaysia%20Pahang%20Semai	2026-08-26
malaysia-patani	Malaysia Patani	2º 30' N	112º 30' E	Grandparents live at same location	Urban and Rural	Anthropology Study	Austronesian	South-East Asia	25	2016	https://www.allelefrequencies.net/pop6001c.asp?pop_name=Malaysia%20Patani	2026-08-26
malaysia-peninsular-chinese	Malaysia Peninsular Chinese	3º 9' N	101º 57' E	Not Known	Urban and Rural	Controls for Disease Study	Oriental	South-East Asia	194	2010	https://www.allelefrequencies.net/pop6001c.asp?pop_name=Malaysia%20Peninsular%20Chinese	2026-08-26
malaysia-peninsular-indian	Malaysia Peninsular Indian	3º 9' N	101º 57' E	Not Known	Urban and Rural	Controls for Disease Study	Asian	South-East Asia	271	2010	https://www.allelefrequencies.net/pop6001c.asp?pop_name=Malaysia%20Peninsular%20Indian	2026-08-26
malaysia-peninsular-kir	Malaysia Peninsular KIR	6º 5' N	102º 17' E	Grandparents live at same location	Urban and Rural	Anthropology Study	Austronesian	South-East Asia	120	2013	https://www.allelefrequencies.net/pop6001c.asp?pop_name=Malaysia%20Peninsular%20KIR	2026-08-26
malaysia-peninsular-malay	Malaysia Peninsular Malay	3º 9' N	101º 57' E	Not Known	Urban and Rural	Controls for Disease Study	Asian	South-East Asia	951	2010	https://www.allelefrequencies.net/pop6001c.asp?pop_name=Malaysia%20Peninsular%20Malay	2026-08-26
malaysia-perak-grik-jehai	Malaysia Perak Grik Jehai	5º 25' N	101º 8' E	Not Known	Unknown	Anthropology Study	Oriental	South-East Asia	25	2009	https://www.allelefrequencies.net/pop6001c.asp?pop_name=Malaysia%20Perak%20Grik%20Jehai	2026-08-26
malaysia-perak-rawa	Malaysia Perak Rawa	1º 29' N	103º 45' E	Not Known	Unknown	Anthropology Study	Oriental	South-East Asia	23	2008	https://www.allelefrequencies.net/pop6001c.asp?pop_name=Malaysia%20Perak%20Rawa	2026-08-26
malaysia-perak-and-johor-banjar-bugis-jawa	Malaysia Perak and Johor Banjar Bugis Jawa	4º 24' N	101º 5' E	Not Known	Unknown	Anthropology Study	Oriental	South-East Asia	94	2008	https://www.allelefrequencies.net/pop6001c.asp?pop_name=Malaysia%20Perak%20and%20Johor%20Banjar%20Bugis%20Jawa	2026-08-26
malaysia-sabah-dusun	Malaysia Sabah Dusun	5º 15' N	117º 0' E	Not Known	Unknown	Controls for Disease Study	Austronesian	South-East Asia	48	2011	https://www.allelefrequencies.net/pop6001c.asp?pop_name=Malaysia%20Sabah%20Dusun	2026-08-26
malaysia-sabah-kadazan	Malaysia Sabah Kadazan	5º 15' N	117º 0' E	Not Known	Unknown	Anthropology Study	Austronesian	South-East Asia	57	2009	https://www.allelefrequencies.net/pop6001c.asp?pop_name=Malaysia%20Sabah%20Kadazan	2026-08-26
malaysia-sarawak-bau-bidayuh	Malaysia Sarawak Bau Bidayuh	1º 25' N	110º 9' E	Not Known	Unknown	Anthropology Study	Austronesian	South-East Asia	25	2009	https://www.allelefrequencies.net/pop6001c.asp?pop_name=Malaysia%20Sarawak%20Bau%20Bidayuh	2026-08-26
malaysia-sarawak-bidayuh	Malaysia Sarawak Bidayuh	1º 25' N	110º 9' E	Not Known	Unknown	Anthropology Study	Austronesian	South-East Asia	50	2009	https://www.allelefrequencies.net/pop6001c.asp?pop_name=Malaysia%20Sarawak%20Bidayuh	2026-08-26
malaysia-sarawak-iban	Malaysia Sarawak Iban	2º 18' N	111º 49' E	Not Known	Unknown	Anthropology Study	Austronesian	South-East Asia	51	2009	https://www.allelefrequencies.net/pop6001c.asp?pop_name=Malaysia%20Sarawak%20Iban	2026-08-26
malaysia-semai-cytokine	Malaysia Semai Cytokine	3º 47' N	101º 42' E	Grandparents live at same location	Rural	Blood Donor	Austronesian	South-East Asia	42	2015	https://www.allelefrequencies.net/pop6001c.asp?pop_name=Malaysia%20Semai%20Cytokine	2026-08-26
malaysia-pop-2	Malaysia pop 2	3º 8' N	101º 42' E	Not Known	Unknown	Anthropology Study	Oriental	South-East Asia	62	2000	https://www.allelefrequencies.net/pop6001c.asp?pop_name=Malaysia%20pop%202	2026-08-26
malaysia-pop-3	Malaysia pop 3	3º 8' N	101º 42' E	Parents live at same location	Unknown	Bone Marrow Registry	Austronesian	South-East Asia	1445	2006	https://www.allelefrequencies.net/pop6001c.asp?pop_name=Malaysia%20pop%203	2026-08-26
mali-bandiagara	Mali Bandiagara	14º 4' N	3º 6' W	Not Known	Rural	Anthropology Study	Black	North Africa	138	2002	https://www.allelefrequencies.net/pop6001c.asp?pop_name=Mali%20Bandiagara	2026-08-26
martinique	Martinique	14º 40' N	61º 0' W	Not Known	Rural	Anthropology Study	Black	South and Central America	100	2000	https://www.allelefrequencies.net/pop6001c.asp?pop_name=Martinique	2026-08-26
martinique-mixed-kir	Martinique Mixed KIR	14º 40' N	61º 0' W	Grandparents live at same location	Unknown	Blood Donor	Mixed	South and Central America	60	2005	https://www.allelefrequencies.net/pop6001c.asp?pop_name=Martinique%20Mixed%20KIR	2026-08-26
mexico-aguascalientes-state	Mexico Aguascalientes state	22º 1' N	102º 21' W	Not Known	Urban and Rural	Other	Mixed	North America	95	2014	https://www.allelefrequencies.net/pop6001c.asp?pop_name=Mexico%20Aguascalientes%20state	2026-08-26
mexico-baja-californa-mexicali	Mexico Baja Californa, Mexicali	32º 37' N	115º 27' W	Not Known	Urban	Other	Mixed	North America	100	2013	https://www.allelefrequencies.net/pop6001c.asp?pop_name=Mexico%20Baja%20Californa%2C%20Mexicali	2026-08-26
mexico-baja-california-rural	Mexico Baja California Rural	27º 31' N	113º 40' W	Not Known	Rural	Other	Mixed	North America	50	2013	https://www.allelefrequencies.net/pop6001c.asp?pop_name=Mexico%20Baja%20California%20Rural	2026-08-26
mexico-baja-california-la-paz	Mexico Baja California, La Paz	24º 8' N	110º 18' W	Not Known	Urban	Other	Mixed	North America	75	2013	https://www.allelefrequencies.net/pop6001c.asp?pop_name=Mexico%20Baja%20California%2C%20La%20Paz	2026-08-26
mexico-baja-california-tijuana	Mexico Baja California, Tijuana	32º 30' N	117º 2' W	Parents live at same location	Urban	Other	Mixed	North America	25	2013	https://www.allelefrequencies.net/pop6001c.asp?pop_name=Mexico%20Baja%20California%2C%20Tijuana	2026-08-26
mexico-campeche-rural	Mexico Campeche Rural	18º 6' N	89º 48' W	Not Known	Rural	Other	Mixed	North America	47	2013	https://www.allelefrequencies.net/pop6001c.asp?pop_name=Mexico%20Campeche%20Rural	2026-08-26
mexico-campeche-campeche-city	Mexico Campeche, Campeche city	19º 49' N	90º 32' W	Not Known	Urban	Other	Mixed	North America	34	2013	https://www.allelefrequencies.net/pop6001c.asp?pop_name=Mexico%20Campeche%2C%20Campeche%20city	2026-08-26
mexico-chiapas-lacandon-mayans	Mexico Chiapas Lacandon Mayans	16º 54' N	92º 5' W	Grandparents live at same location	Rural	Anthropology Study	Amerindian	North America	218	2016	https://www.allelefrequencies.net/pop6001c.asp?pop_name=Mexico%20Chiapas%20Lacandon%20Mayans	2026-08-26
mexico-chiapas-rural	Mexico Chiapas Rural	16º 47' N	92º 41' W	Not Known	Rural	Other	Mixed	North America	121	2013	https://www.allelefrequencies.net/pop6001c.asp?pop_name=Mexico%20Chiapas%20Rural	2026-08-26
mexico-chiapas-tuxtla-gutierrez	Mexico Chiapas, Tuxtla Gutierrez	16º 45' N	93º 6' W	Not Known	Urban	Other	Mixed	North America	52	2013	https://www.allelefrequencies.net/pop6001c.asp?pop_name=Mexico%20Chiapas%2C%20Tuxtla%20Gutierrez	2026-08-26
mexico-chichen-itza-maya-prehispanic	Mexico Chichen Itza Maya (prehispanic)	20º 40' N	88º 34' W	Not Known	Unknown	Anthropology Study	Amerindian	North America	47	2023	https://www.allelefrequencies.net/pop6001c.asp?pop_name=Mexico%20Chichen%20Itza%20Maya%20%28prehispanic%29	2026-08-26
mexico-chihuahua-chihuahua-city	Mexico Chihuahua Chihuahua City	28º 37' N	106º 4' W	Not Known	Urban	Other	Mixed	North America	119	2013	https://www.allelefrequencies.net/pop6001c.asp?pop_name=Mexico%20Chihuahua%20Chihuahua%20City	2026-08-26
mexico-chihuahua-chihuahua-city-pop-2	Mexico Chihuahua Chihuahua City Pop 2	28º 48' N	106º 26' W	Grandparents live at same location	Urban	Controls for Disease Study	Mestizo	North America	88	2016	https://www.allelefrequencies.net/pop6001c.asp?pop_name=Mexico%20Chihuahua%20Chihuahua%20City%20Pop%202	2026-08-26
mexico-chihuahua-rural	Mexico Chihuahua Rural	27º 18' N	107º 53' W	Not Known	Rural	Other	Mixed	North America	236	2013	https://www.allelefrequencies.net/pop6001c.asp?pop_name=Mexico%20Chihuahua%20Rural	2026-08-26
mexico-chihuahua-tarahumara	Mexico Chihuahua Tarahumara	27º 30' N	107º 45' W	Grandparents live at same location	Rural	Anthropology Study	Amerindian	North America	44	2005	https://www.allelefrequencies.net/pop6001c.asp?pop_name=Mexico%20Chihuahua%20Tarahumara	2026-08-26
mexico-chihuahua-ciudad-juarez	Mexico Chihuahua, Ciudad Juarez	31º 41' N	106º 25' W	Not Known	Urban	Other	Mixed	North America	106	2013	https://www.allelefrequencies.net/pop6001c.asp?pop_name=Mexico%20Chihuahua%2C%20Ciudad%20Juarez	2026-08-26
mexico-coahuila-rural	Mexico Coahuila Rural	26º 59' N	102º 3' W	Not Known	Rural	Other	Mixed	North America	216	2013	https://www.allelefrequencies.net/pop6001c.asp?pop_name=Mexico%20Coahuila%20Rural	2026-08-26
mexico-coahuila-saltillo	Mexico Coahuila, Saltillo	25º 26' N	100º 58' W	Not Known	Urban	Other	Mixed	North America	72	2013	https://www.allelefrequencies.net/pop6001c.asp?pop_name=Mexico%20Coahuila%2C%20Saltillo	2026-08-26
mexico-coahuila-torreon	Mexico Coahuila, Torreon	25º 32' N	103º 24' W	Not Known	Urban	Other	Mixed	North America	396	2013	https://www.allelefrequencies.net/pop6001c.asp?pop_name=Mexico%20Coahuila%2C%20Torreon	2026-08-26
mexico-colima-rural	Mexico Colima Rural	19º 30' N	103º 37' W	Not Known	Rural	Other	Mixed	North America	43	2013	https://www.allelefrequencies.net/pop6001c.asp?pop_name=Mexico%20Colima%20Rural	2026-08-26
mexico-colima-colima-city	Mexico Colima, Colima city	19º 14' N	103º 43' W	Not Known	Urban	Other	Mixed	North America	61	2013	https://www.allelefrequencies.net/pop6001c.asp?pop_name=Mexico%20Colima%2C%20Colima%20city	2026-08-26
mexico-durango-rural	Mexico Durango Rural	26º 41' N	103º 44' W	Not Known	Rural	Other	Mixed	North America	326	2013	https://www.allelefrequencies.net/pop6001c.asp?pop_name=Mexico%20Durango%20Rural	2026-08-26
mexico-durango-durango-city	Mexico Durango, Durango city	24º 1' N	104º 39' W	Not Known	Urban	Other	Mixed	North America	153	2013	https://www.allelefrequencies.net/pop6001c.asp?pop_name=Mexico%20Durango%2C%20Durango%20city	2026-08-26
mexico-guadalajara-mestizo	Mexico Guadalajara Mestizo	20º 40' N	103º 21' W	Grandparents live at same location	Urban	Controls for Disease Study	Mestizo	North America	54	2000	https://www.allelefrequencies.net/pop6001c.asp?pop_name=Mexico%20Guadalajara%20Mestizo	2026-08-26
mexico-guadalajara-mestizo-cytokine	Mexico Guadalajara Mestizo Cytokine	20º 40' N	103º 21' W	Parents live at same location	Urban	Anthropology Study	Mestizo	North America	106	2007	https://www.allelefrequencies.net/pop6001c.asp?pop_name=Mexico%20Guadalajara%20Mestizo%20Cytokine	2026-08-26
mexico-guadalajara-mestizo-pop-2	Mexico Guadalajara Mestizo pop 2	20º 40' N	103º 21' W	Grandparents live at same location	Urban	Anthropology Study	Mestizo	North America	103	2004	https://www.allelefrequencies.net/pop6001c.asp?pop_name=Mexico%20Guadalajara%20Mestizo%20pop%202	2026-08-26
mexico-guanajuato-rural	Mexico Guanajuato Rural	20º 54' N	100º 44' W	Not Known	Rural	Other	Mixed	North America	162	2013	https://www.allelefrequencies.net/pop6001c.asp?pop_name=Mexico%20Guanajuato%20Rural	2026-08-26
mexico-guanajuato-and-jalisco-mestizo	Mexico Guanajuato and Jalisco Mestizo	21º 6' N	101º 16' W	Parents live at same location	Urban	Anthropology Study	Mestizo	North America	101	1998	https://www.allelefrequencies.net/pop6001c.asp?pop_name=Mexico%20Guanajuato%20and%20Jalisco%20Mestizo	2026-08-26
mexico-guanajuato-guanajuato-city	Mexico Guanajuato, Guanajuato city	21º 2' N	101º 15' W	Not Known	Urban	Other	Mixed	North America	22	2013	https://www.allelefrequencies.net/pop6001c.asp?pop_name=Mexico%20Guanajuato%2C%20Guanajuato%20city	2026-08-26
mexico-guanajuato-leon	Mexico Guanajuato, Leon	21º 7' N	101º 41' W	Not Known	Urban	Other	Mixed	North America	78	2013	https://www.allelefrequencies.net/pop6001c.asp?pop_name=Mexico%20Guanajuato%2C%20Leon	2026-08-26
mexico-guerrero-state	Mexico Guerrero state	17º 36' N	99º 57' W	Not Known	Urban and Rural	Other	Mixed	North America	144	2013	https://www.allelefrequencies.net/pop6001c.asp?pop_name=Mexico%20Guerrero%20state	2026-08-26
mexico-hidalgo-mezquital-valley-otomi	Mexico Hidalgo Mezquital Valley/ Otomi	20º 28' N	99º 13' W	Grandparents live at same location	Rural	Anthropology Study	Amerindian	North America	72	2016	https://www.allelefrequencies.net/pop6001c.asp?pop_name=Mexico%20Hidalgo%20Mezquital%20Valley/%20Otomi	2026-08-26
mexico-hidalgo-rural	Mexico Hidalgo Rural	20º 38' N	98º 59' W	Not Known	Rural	Other	Mixed	North America	81	2013	https://www.allelefrequencies.net/pop6001c.asp?pop_name=Mexico%20Hidalgo%20Rural	2026-08-26
mexico-hidalgo-pachuca	Mexico Hidalgo, Pachuca	20º 6' N	98º 45' W	Not Known	Urban	Other	Mixed	North America	41	2013	https://www.allelefrequencies.net/pop6001c.asp?pop_name=Mexico%20Hidalgo%2C%20Pachuca	2026-08-26
mexico-highlands-mestizos	Mexico Highlands Mestizos	19º 25' N	99º 7' W	Not Known	Urban	Anthropology Study	Mestizo	North America	160	1998	https://www.allelefrequencies.net/pop6001c.asp?pop_name=Mexico%20Highlands%20Mestizos	2026-08-26
mexico-huasteca-region-teenek	Mexico Huasteca Region Teenek	22º 1' N	100º 9' W	Grandparents live at same location	Rural	Anthropology Study	Amerindian	North America	55	2002	https://www.allelefrequencies.net/pop6001c.asp?pop_name=Mexico%20Huasteca%20Region%20Teenek	2026-08-26
mexico-huichol-kir	Mexico Huichol KIR	21º 44' N	105º 13' W	Not Known	Rural	Anthropology Study	Amerindian	North America	73	2005	https://www.allelefrequencies.net/pop6001c.asp?pop_name=Mexico%20Huichol%20KIR	2026-08-26
mexico-jalisco-rural	Mexico Jalisco Rural	20º 52' N	103º 50' W	Not Known	Rural	Other	Mixed	North America	585	2013	https://www.allelefrequencies.net/pop6001c.asp?pop_name=Mexico%20Jalisco%20Rural	2026-08-26
mexico-jalisco-guadalajara-city	Mexico Jalisco, Guadalajara city	20º 39' N	103º 20' W	Not Known	Urban	Other	Mixed	North America	1189	2013	https://www.allelefrequencies.net/pop6001c.asp?pop_name=Mexico%20Jalisco%2C%20Guadalajara%20city	2026-08-26
mexico-jalisco-tlajomulco	Mexico Jalisco, Tlajomulco	20º 28' N	103º 26' W	Not Known	Urban	Other	Mixed	North America	30	2013	https://www.allelefrequencies.net/pop6001c.asp?pop_name=Mexico%20Jalisco%2C%20Tlajomulco	2026-08-26
mexico-jalisco-tlaquepaque	Mexico Jalisco, Tlaquepaque	20º 37' N	103º 19' W	Not Known	Urban	Other	Mixed	North America	39	2013	https://www.allelefrequencies.net/pop6001c.asp?pop_name=Mexico%20Jalisco%2C%20Tlaquepaque	2026-08-26
mexico-jalisco-tonala	Mexico Jalisco, Tonala	20º 37' N	103º 14' W	Not Known	Urban	Other	Mixed	North America	35	2013	https://www.allelefrequencies.net/pop6001c.asp?pop_name=Mexico%20Jalisco%2C%20Tonala	2026-08-26
mexico-jalisco-zapopan	Mexico Jalisco, Zapopan	20º 40' N	103º 24' W	Not Known	Urban	Other	Mixed	North America	168	2013	https://www.allelefrequencies.net/pop6001c.asp?pop_name=Mexico%20Jalisco%2C%20Zapopan	2026-08-26
mexico-jaltepec-mazahuas	Mexico Jaltepec Mazahuas	19º 43' N	98º 38' W	Grandparents live at same location	Rural	Anthropology Study	Amerindian	North America	50 (DRB1 = 49)	2016	https://www.allelefrequencies.net/pop6001c.asp?pop_name=Mexico%20Jaltepec%20Mazahuas	2026-08-26
mexico-mayan	Mexico Mayan	20º 0' N	90º 0' W	Not Known	Rural	Anthropology Study	Amerindian	North America	16	2002	https://www.allelefrequencies.net/pop6001c.asp?pop_name=Mexico%20Mayan	2026-08-26
mexico-mayan-pop-3	Mexico Mayan Pop 3	28º 5' N	111º 5' W	Not Known	Rural	Anthropology Study	Amerindian	North America	66	2002	https://www.allelefrequencies.net/pop6001c.asp?pop_name=Mexico%20Mayan%20Pop%203	2026-08-26
mexico-mayan-pop-2	Mexico Mayan pop 2	16º 45' N	91º 7' W	Not Known	Rural	Anthropology Study	Amerindian	North America	163	2002	https://www.allelefrequencies.net/pop6001c.asp?pop_name=Mexico%20Mayan%20pop%202	2026-08-26
mexico-mazahua	Mexico Mazahua	19º 43' N	98º 38' W	Parents live at same location	Rural	Anthropology Study	Amerindian	North America	65	2011	https://www.allelefrequencies.net/pop6001c.asp?pop_name=Mexico%20Mazahua	2026-08-26
mexico-mazatecan	Mexico Mazatecan	18º 0' N	97º 0' W	Not Known	Rural	Anthropology Study	Amerindian	North America	89	2000	https://www.allelefrequencies.net/pop6001c.asp?pop_name=Mexico%20Mazatecan	2026-08-26
mexico-mazatecan-pop-2	Mexico Mazatecan pop 2	18º 0' N	97º 0' W	Not Known	Unknown	Anthropology Study	Amerindian	North America	86	2006	https://www.allelefrequencies.net/pop6001c.asp?pop_name=Mexico%20Mazatecan%20pop%202	2026-08-26
mexico-mestizo	Mexico Mestizo	19º 24' N	99º 9' W	Not Known	Unknown	Anthropology Study	Mestizo	North America	41	2000	https://www.allelefrequencies.net/pop6001c.asp?pop_name=Mexico%20Mestizo	2026-08-26
mexico-mestizo-cytokine	Mexico Mestizo Cytokine	19º 24' N	99º 9' W	Not Known	Unknown	Anthropology Study	Mestizo	North America	40	2002	https://www.allelefrequencies.net/pop6001c.asp?pop_name=Mexico%20Mestizo%20Cytokine	2026-08-26
mexico-mestizo-guerrero-kir	Mexico Mestizo Guerrero KIR	17º 33' N	99º 29' W	Grandparents live at same location	Urban and Rural	Anthropology Study	Mestizo	North America	120	2016	https://www.allelefrequencies.net/pop6001c.asp?pop_name=Mexico%20Mestizo%20Guerrero%20KIR	2026-08-26
mexico-mestizo-highlands-kir	Mexico Mestizo Highlands KIR	19º 26' N	99º 8' W	Not Known	Unknown	Anthropology Study	Mestizo	North America	257	2011	https://www.allelefrequencies.net/pop6001c.asp?pop_name=Mexico%20Mestizo%20Highlands%20KIR	2026-08-26
mexico-mestizo-jalisco-kir	Mexico Mestizo Jalisco KIR	20º 40' N	103º 21' W	Not Known	Unknown	Anthropology Study	Mestizo	North America	100	2011	https://www.allelefrequencies.net/pop6001c.asp?pop_name=Mexico%20Mestizo%20Jalisco%20KIR	2026-08-26
mexico-mestizo-jalisco-pop-2-kir	Mexico Mestizo Jalisco pop 2 KIR	20º 37' N	103º 20' W	Grandparents live at same location	Urban and Rural	Anthropology Study	Mestizo	North America	124	2016	https://www.allelefrequencies.net/pop6001c.asp?pop_name=Mexico%20Mestizo%20Jalisco%20pop%202%20KIR	2026-08-26
mexico-mestizo-kir	Mexico Mestizo KIR	19º 25' N	99º 7' W	Not Known	Urban	Bone Marrow Registry	Mestizo	North America	54	2005	https://www.allelefrequencies.net/pop6001c.asp?pop_name=Mexico%20Mestizo%20KIR	2026-08-26
mexico-mestizo-kir-pop-2	Mexico Mestizo KIR pop 2	24º 29' N	102º 18' W	Not Known	Urban and Rural	Blood Donor	Mestizo	North America	300	0	https://www.allelefrequencies.net/pop6001c.asp?pop_name=Mexico%20Mestizo%20KIR%20pop%202	2026-08-26
mexico-mestizo-pop-2	Mexico Mestizo pop 2	19º 25' N	99º 7' W	Not Known	Unknown	Anthropology Study	Mestizo	North America	70	2006	https://www.allelefrequencies.net/pop6001c.asp?pop_name=Mexico%20Mestizo%20pop%202	2026-08-26
mexico-mestizo-pop-4	Mexico Mestizo pop 4	19º 26' N	99º 8' W	Not Known	Urban	Anthropology Study	Mixed	North America	269	2011	https://www.allelefrequencies.net/pop6001c.asp?pop_name=Mexico%20Mestizo%20pop%204	2026-08-26
mexico-mexico-city-center	Mexico Mexico City Center	19º 25' N	99º 7' W	Not Known	Urban	Other	Mixed	North America	152	2011	https://www.allelefrequencies.net/pop6001c.asp?pop_name=Mexico%20Mexico%20City%20Center	2026-08-26
mexico-mexico-city-east	Mexico Mexico City East	19º 17' N	99º 2' W	Not Known	Urban	Other	Mixed	North America	79	2011	https://www.allelefrequencies.net/pop6001c.asp?pop_name=Mexico%20Mexico%20City%20East	2026-08-26
mexico-mexico-city-mestizo	Mexico Mexico City Mestizo	19º 25' N	99º 8' W	Parents live at same location	Urban	Other	Mestizo	North America	121	2008	https://www.allelefrequencies.net/pop6001c.asp?pop_name=Mexico%20Mexico%20City%20Mestizo	2026-08-26
mexico-mexico-city-mestizo-kir	Mexico Mexico City Mestizo KIR	19º 25' N	99º 7' W	Not Known	Urban	Anthropology Study	Mestizo	North America	86	2005	https://www.allelefrequencies.net/pop6001c.asp?pop_name=Mexico%20Mexico%20City%20Mestizo%20KIR	2026-08-26
mexico-mexico-city-mestizo-pop-2	Mexico Mexico City Mestizo pop 2	19º 26' N	99º 8' W	Grandparents live at same location	Urban	Anthropology Study	Mestizo	North America	234	2012	https://www.allelefrequencies.net/pop6001c.asp?pop_name=Mexico%20Mexico%20City%20Mestizo%20pop%202	2026-08-26
mexico-mexico-city-mestizo-pop-3	Mexico Mexico City Mestizo pop 3	19º 25' N	99º 8' W	Not Known	Urban	Controls for Disease Study	Mestizo	North America	256	2010	https://www.allelefrequencies.net/pop6001c.asp?pop_name=Mexico%20Mexico%20City%20Mestizo%20pop%203	2026-08-26
mexico-mexico-city-mestizo-population	Mexico Mexico City Mestizo population	19º 25' N	99º 7' W	Grandparents live at same location	Urban	Disease Study Patients	Unspecified	North America	143	2021	https://www.allelefrequencies.net/pop6001c.asp?pop_name=Mexico%20Mexico%20City%20Mestizo%20population	2026-08-26
mexico-mexico-city-metropolitan-area-rural	Mexico Mexico City Metropolitan Area Rural	19º 7' N	98º 45' W	Not Known	Rural	Other	Mixed	North America	150	2013	https://www.allelefrequencies.net/pop6001c.asp?pop_name=Mexico%20Mexico%20City%20Metropolitan%20Area%20Rural	2026-08-26
mexico-mexico-city-north	Mexico Mexico City North	19º 29' N	99º 7' W	Not Known	Urban	Other	Mixed	North America	751	2011	https://www.allelefrequencies.net/pop6001c.asp?pop_name=Mexico%20Mexico%20City%20North	2026-08-26
mexico-mexico-city-south	Mexico Mexico City South	19º 18' N	99º 12' W	Not Known	Urban and Rural	Other	Mixed	North America	52	2011	https://www.allelefrequencies.net/pop6001c.asp?pop_name=Mexico%20Mexico%20City%20South	2026-08-26
mexico-mexico-city-tlalpan	Mexico Mexico City Tlalpan	19º 25' N	99º 8' W	Grandparents live at same location	Urban	Controls for Disease Study	Mestizo	North America	330	2016	https://www.allelefrequencies.net/pop6001c.asp?pop_name=Mexico%20Mexico%20City%20Tlalpan	2026-08-26
mexico-mexico-city-west	Mexico Mexico City West	19º 21' N	99º 17' W	Not Known	Urban	Other	Mixed	North America	33	2011	https://www.allelefrequencies.net/pop6001c.asp?pop_name=Mexico%20Mexico%20City%20West	2026-08-26
mexico-michoacan-rural	Mexico Michoacan Rural	19º 38' N	101º 38' W	Not Known	Rural	Other	Mixed	North America	348	2013	https://www.allelefrequencies.net/pop6001c.asp?pop_name=Mexico%20Michoacan%20Rural	2026-08-26
mexico-michoacan-tarasco	Mexico Michoacan Tarasco	19º 46' N	101º 11' W	Not Known	Urban	Anthropology Study	Amerindian	North America	130	2001	https://www.allelefrequencies.net/pop6001c.asp?pop_name=Mexico%20Michoacan%20Tarasco	2026-08-26
mexico-michoacan-morelia	Mexico Michoacan, Morelia	19º 42' N	101º 11' W	Not Known	Urban	Other	Mixed	North America	150	2013	https://www.allelefrequencies.net/pop6001c.asp?pop_name=Mexico%20Michoacan%2C%20Morelia	2026-08-26
mexico-mixe-na-dhs-6-g	Mexico Mixe NA-DHS_6 (G)	17º 0' N	96º 0' W	Not Known	Rural	Anthropology Study	Amerindian	South and Central America	20	2008	https://www.allelefrequencies.net/pop6001c.asp?pop_name=Mexico%20Mixe%20NA-DHS_6%20%28G%29	2026-08-26
mexico-mixtec	Mexico Mixtec	23º 57' N	103º 29' W	Not Known	Rural	Anthropology Study	Amerindian	North America	97	2014	https://www.allelefrequencies.net/pop6001c.asp?pop_name=Mexico%20Mixtec	2026-08-26
mexico-mixtec-na-dhs-5-g	Mexico Mixtec NA-DHS_5 (G)	17º 0' N	97º 0' W	Not Known	Rural	Anthropology Study	Amerindian	South and Central America	20	2008	https://www.allelefrequencies.net/pop6001c.asp?pop_name=Mexico%20Mixtec%20NA-DHS_5%20%28G%29	2026-08-26
mexico-monterrey-mestizo-cytokine	Mexico Monterrey Mestizo Cytokine	25º 40' N	100º 18' W	Parents live at same location	Urban	Anthropology Study	Mestizo	North America	109	2007	https://www.allelefrequencies.net/pop6001c.asp?pop_name=Mexico%20Monterrey%20Mestizo%20Cytokine	2026-08-26
mexico-morelos-rural	Mexico Morelos Rural	18º 57' N	98º 58' W	Not Known	Rural	Other	Mixed	North America	30	2013	https://www.allelefrequencies.net/pop6001c.asp?pop_name=Mexico%20Morelos%20Rural	2026-08-26
mexico-morelos-cuernavaca	Mexico Morelos, Cuernavaca	18º 55' N	99º 13' W	Not Known	Urban	Other	Mixed	North America	82	2013	https://www.allelefrequencies.net/pop6001c.asp?pop_name=Mexico%20Morelos%2C%20Cuernavaca	2026-08-26
mexico-nahua-aztec-santo-domingo-ocotitlan	Mexico Nahua/Aztec Santo Domingo Ocotitlan	19º 0' N	99º 3' W	Grandparents live at same location	Rural	Blood Donor	Amerindian	North America	73	2019	https://www.allelefrequencies.net/pop6001c.asp?pop_name=Mexico%20Nahua/Aztec%20Santo%20Domingo%20Ocotitlan	2026-08-26
mexico-nahuas	Mexico Nahuas	19º 2' N	99º 6' W	Not Known	Rural	Anthropology Study	Amerindian	North America	72	2002	https://www.allelefrequencies.net/pop6001c.asp?pop_name=Mexico%20Nahuas	2026-08-26
mexico-nayarit-rural	Mexico Nayarit  Rural	20º 45' N	105º 20' W	Not Known	Rural	Other	Mixed	North America	64	2013	https://www.allelefrequencies.net/pop6001c.asp?pop_name=Mexico%20Nayarit%20%20Rural	2026-08-26
mexico-nayarit-tepic	Mexico Nayarit, Tepic	21º 30' N	104º 53' W	Not Known	Urban	Other	Mixed	North America	97	2013	https://www.allelefrequencies.net/pop6001c.asp?pop_name=Mexico%20Nayarit%2C%20Tepic	2026-08-26
mexico-nuevo-leon-mestizo	Mexico Nuevo Leon Mestizo	25º 40' N	100º 18' W	Not Known	Urban	Anthropology Study	Mestizo	North America	40	1998	https://www.allelefrequencies.net/pop6001c.asp?pop_name=Mexico%20Nuevo%20Leon%20Mestizo	2026-08-26
mexico-nuevo-leon-rural	Mexico Nuevo Leon Rural	25º 37' N	100º 14' W	Not Known	Rural	Other	Mixed	North America	439	2013	https://www.allelefrequencies.net/pop6001c.asp?pop_name=Mexico%20Nuevo%20Leon%20Rural	2026-08-26
mexico-nuevo-leon-monterrey-city	Mexico Nuevo Leon, Monterrey city	25º 41' N	100º 18' W	Not Known	Urban	Other	Mixed	North America	226	2013	https://www.allelefrequencies.net/pop6001c.asp?pop_name=Mexico%20Nuevo%20Leon%2C%20Monterrey%20city	2026-08-26
mexico-oaxaca-jamiltepec-mixtec	Mexico Oaxaca Jamiltepec Mixtec	16º 25' N	97º 58' W	Grandparents live at same location	Rural	Anthropology Study	Amerindian	North America	96	2019	https://www.allelefrequencies.net/pop6001c.asp?pop_name=Mexico%20Oaxaca%20Jamiltepec%20Mixtec	2026-08-26
mexico-oaxaca-mixe	Mexico Oaxaca Mixe	17º 5' N	96º 45' W	Not Known	Rural	Anthropology Study	Amerindian	North America	55	2000	https://www.allelefrequencies.net/pop6001c.asp?pop_name=Mexico%20Oaxaca%20Mixe	2026-08-26
mexico-oaxaca-mixtec	Mexico Oaxaca Mixtec	17º 5' N	96º 45' W	Not Known	Rural	Anthropology Study	Amerindian	North America	103	2000	https://www.allelefrequencies.net/pop6001c.asp?pop_name=Mexico%20Oaxaca%20Mixtec	2026-08-26
mexico-oaxaca-rural	Mexico Oaxaca Rural	15º 49' N	96º 19' W	Not Known	Rural	Other	Mixed	North America	485	2013	https://www.allelefrequencies.net/pop6001c.asp?pop_name=Mexico%20Oaxaca%20Rural	2026-08-26
mexico-oaxaca-zapotec	Mexico Oaxaca Zapotec	17º 5' N	96º 45' W	Not Known	Rural	Anthropology Study	Amerindian	North America	90	2000	https://www.allelefrequencies.net/pop6001c.asp?pop_name=Mexico%20Oaxaca%20Zapotec	2026-08-26
mexico-oaxaca-oaxaca-city	Mexico Oaxaca, Oaxaca city	17º 4' N	96º 43' W	Not Known	Urban	Other	Mixed	North America	151	2013	https://www.allelefrequencies.net/pop6001c.asp?pop_name=Mexico%20Oaxaca%2C%20Oaxaca%20city	2026-08-26
mexico-puebla-mestizo	Mexico Puebla Mestizo	19º 3' N	98º 12' W	Parents live at same location	Urban and Rural	Other	Mestizo	North America	99	2008	https://www.allelefrequencies.net/pop6001c.asp?pop_name=Mexico%20Puebla%20Mestizo	2026-08-26
mexico-puebla-rural	Mexico Puebla Rural	19º 57' N	97º 38' W	Not Known	Rural	Other	Mixed	North America	833	2013	https://www.allelefrequencies.net/pop6001c.asp?pop_name=Mexico%20Puebla%20Rural	2026-08-26
mexico-puebla-puebla-city	Mexico Puebla, Puebla city	19º 2' N	98º 12' W	Not Known	Urban	Other	Mixed	North America	1994	2013	https://www.allelefrequencies.net/pop6001c.asp?pop_name=Mexico%20Puebla%2C%20Puebla%20city	2026-08-26
mexico-purepecha-kir	Mexico Purepecha KIR	19º 46' N	101º 11' W	Not Known	Rural	Anthropology Study	Amerindian	North America	53	2005	https://www.allelefrequencies.net/pop6001c.asp?pop_name=Mexico%20Purepecha%20KIR	2026-08-26
mexico-queretaro-rural	Mexico Queretaro Rural	20º 35' N	100º 23' W	Not Known	Rural	Other	Mixed	North America	43	2013	https://www.allelefrequencies.net/pop6001c.asp?pop_name=Mexico%20Queretaro%20Rural	2026-08-26
mexico-queretaro-queretaro-city	Mexico Queretaro, Queretaro city	20º 34' N	100º 22' W	Not Known	Urban	Other	Mixed	North America	45	2014	https://www.allelefrequencies.net/pop6001c.asp?pop_name=Mexico%20Queretaro%2C%20Queretaro%20city	2026-08-26
mexico-quintana-roo-rural	Mexico Quintana Roo Rural	20º 12' N	87º 25' W	Not Known	Rural	Other	Mixed	North America	50	2013	https://www.allelefrequencies.net/pop6001c.asp?pop_name=Mexico%20Quintana%20Roo%20Rural	2026-08-26
mexico-quintana-roo-cancun	Mexico Quintana Roo, Cancun	21º 9' N	86º 51' W	Not Known	Urban	Other	Mixed	North America	48	2013	https://www.allelefrequencies.net/pop6001c.asp?pop_name=Mexico%20Quintana%20Roo%2C%20Cancun	2026-08-26
mexico-san-luis-potosi-rural	Mexico San Luis Potosi Rural	21º 20' N	98º 58' W	Not Known	Rural	Other	Mixed	North America	87	2013	https://www.allelefrequencies.net/pop6001c.asp?pop_name=Mexico%20San%20Luis%20Potosi%20Rural	2026-08-26
mexico-san-luis-potosi-san-luis-potosi-city	Mexico San Luis Potosi, San Luis Potosi city	22º 9' N	100º 59' W	Not Known	Urban	Other	Mixed	North America	30	2013	https://www.allelefrequencies.net/pop6001c.asp?pop_name=Mexico%20San%20Luis%20Potosi%2C%20San%20Luis%20Potosi%20city	2026-08-26
mexico-san-vicente-tancuayalab-teenek-huastecos	Mexico San Vicente Tancuayalab Teenek/Huastecos	21º 43' N	98º 35' W	Grandparents live at same location	Rural	Anthropology Study	Amerindian	North America	53	2019	https://www.allelefrequencies.net/pop6001c.asp?pop_name=Mexico%20San%20Vicente%20Tancuayalab%20Teenek/Huastecos	2026-08-26
mexico-sierra-madre-pima-kir	Mexico Sierra Madre Pima KIR	31º 19' N	112º 55' W	Not Known	Rural	Anthropology Study	Amerindian	North America	99	2006	https://www.allelefrequencies.net/pop6001c.asp?pop_name=Mexico%20Sierra%20Madre%20Pima%20KIR	2026-08-26
mexico-sinaloa-capomos-mayo-yoremes	Mexico Sinaloa Capomos Mayo Yoremes	26º 25' N	108º 30' W	Grandparents live at same location	Rural	Blood Donor	Amerindian	North America	60	2018	https://www.allelefrequencies.net/pop6001c.asp?pop_name=Mexico%20Sinaloa%20Capomos%20Mayo%20Yoremes	2026-08-26
mexico-sinaloa-mestizo	Mexico Sinaloa Mestizo	24º 48' N	107º 10' W	Parents live at same location	Urban and Rural	Other	Mestizo	North America	56	2008	https://www.allelefrequencies.net/pop6001c.asp?pop_name=Mexico%20Sinaloa%20Mestizo	2026-08-26
mexico-sinaloa-rural	Mexico Sinaloa Rural	25º 21' N	107º 33' W	Not Known	Rural	Other	Mixed	North America	183	2013	https://www.allelefrequencies.net/pop6001c.asp?pop_name=Mexico%20Sinaloa%20Rural	2026-08-26
mexico-sinaloa-culiac-n	Mexico Sinaloa, Culiacán	24º 48' N	107º 23' W	Not Known	Urban	Other	Mixed	North America	103	2013	https://www.allelefrequencies.net/pop6001c.asp?pop_name=Mexico%20Sinaloa%2C%20Culiac%C3%A1n	2026-08-26
mexico-sonora-rural	Mexico Sonora Rural	32º 15' N	114º 30' W	Not Known	Rural	Other	Mixed	North America	197	2013	https://www.allelefrequencies.net/pop6001c.asp?pop_name=Mexico%20Sonora%20Rural	2026-08-26
mexico-sonora-seri	Mexico Sonora Seri	28º 57' N	112º 34' W	Not Known	Rural	Anthropology Study	Amerindian	North America	34	2002	https://www.allelefrequencies.net/pop6001c.asp?pop_name=Mexico%20Sonora%20Seri	2026-08-26
mexico-sonora-ciudad-obreg-n	Mexico Sonora, Ciudad Obregón	27º 28' N	109º 55' W	Not Known	Urban	Other	Mixed	North America	143	2013	https://www.allelefrequencies.net/pop6001c.asp?pop_name=Mexico%20Sonora%2C%20Ciudad%20Obreg%C3%B3n	2026-08-26
mexico-sonora-hermosillo	Mexico Sonora, Hermosillo	29º 4' N	110º 57' W	Not Known	Urban	Other	Mixed	North America	99	2013	https://www.allelefrequencies.net/pop6001c.asp?pop_name=Mexico%20Sonora%2C%20Hermosillo	2026-08-26
mexico-tabasco-rural	Mexico Tabasco Rural	18º 23' N	93º 12' W	Not Known	Rural	Other	Mixed	North America	142	2013	https://www.allelefrequencies.net/pop6001c.asp?pop_name=Mexico%20Tabasco%20Rural	2026-08-26
mexico-tabasco-villahermosa	Mexico Tabasco, Villahermosa	17º 59' N	92º 56' W	Not Known	Urban	Other	Mixed	North America	82	2013	https://www.allelefrequencies.net/pop6001c.asp?pop_name=Mexico%20Tabasco%2C%20Villahermosa	2026-08-26
mexico-tamaulipas-rural	Mexico Tamaulipas Rural	22º 23' N	97º 56' W	Not Known	Rural	Other	Mixed	North America	125	2013	https://www.allelefrequencies.net/pop6001c.asp?pop_name=Mexico%20Tamaulipas%20Rural	2026-08-26
mexico-tamaulipas-ciudad-victoria	Mexico Tamaulipas, Ciudad Victoria	23º 44' N	99º 8' W	Not Known	Urban	Other	Mixed	North America	23	2013	https://www.allelefrequencies.net/pop6001c.asp?pop_name=Mexico%20Tamaulipas%2C%20Ciudad%20Victoria	2026-08-26
mexico-tapachula-chiapas-mestizo-population	Mexico Tapachula, Chiapas Mestizo Population	14º 54' N	92º 15' W	Grandparents live at same location	Urban	Disease Study Patients	Mestizo	North America	72 (DPA1 = 70)	2020	https://www.allelefrequencies.net/pop6001c.asp?pop_name=Mexico%20Tapachula%2C%20Chiapas%20Mestizo%20Population	2026-08-26
mexico-tarahumara-kir	Mexico Tarahumara KIR	27º 30' N	107º 45' W	Not Known	Rural	Anthropology Study	Amerindian	North America	65	2005	https://www.allelefrequencies.net/pop6001c.asp?pop_name=Mexico%20Tarahumara%20KIR	2026-08-26
mexico-tixcacaltuyub-maya	Mexico Tixcacaltuyub Maya	20º 29' N	88º 54' W	Not Known	Rural	Anthropology Study	Amerindian	North America	67	2023	https://www.allelefrequencies.net/pop6001c.asp?pop_name=Mexico%20Tixcacaltuyub%20Maya	2026-08-26
mexico-tlaxcala-rural	Mexico Tlaxcala Rural	19º 14' N	98º 20' W	Not Known	Rural	Other	Mixed	North America	830	2013	https://www.allelefrequencies.net/pop6001c.asp?pop_name=Mexico%20Tlaxcala%20Rural	2026-08-26
mexico-tlaxcala-tlaxcala-city	Mexico Tlaxcala, Tlaxcala city	19º 18' N	98º 14' W	Not Known	Urban	Other	Mixed	North America	181	2013	https://www.allelefrequencies.net/pop6001c.asp?pop_name=Mexico%20Tlaxcala%2C%20Tlaxcala%20city	2026-08-26
mexico-torreon-mestizos-kir	Mexico Torreon Mestizos KIR	25º 32' N	103º 25' W	Grandparents live at same location	Urban and Rural	Controls for Disease Study	Mixed	North America	166	2019	https://www.allelefrequencies.net/pop6001c.asp?pop_name=Mexico%20Torreon%20Mestizos%20KIR	2026-08-26
mexico-veracruz-mestizo-kir	Mexico Veracruz Mestizo KIR	19º 26' N	96º 22' W	Not Known	Unknown	Controls for Disease Study	Mestizo	North America	51	2005	https://www.allelefrequencies.net/pop6001c.asp?pop_name=Mexico%20Veracruz%20Mestizo%20KIR	2026-08-26
mexico-veracruz-rural	Mexico Veracruz Rural	18º 26' N	95º 12' W	Not Known	Rural	Other	Mixed	North America	539	2013	https://www.allelefrequencies.net/pop6001c.asp?pop_name=Mexico%20Veracruz%20Rural	2026-08-26
mexico-veracruz-xalapa	Mexico Veracruz Xalapa	19º 32' N	96º 55' W	Grandparents live at same location	Urban	Controls for Disease Study	Mestizo	North America	84	2016	https://www.allelefrequencies.net/pop6001c.asp?pop_name=Mexico%20Veracruz%20Xalapa	2026-08-26
mexico-veracruz-coatzacoalcos	Mexico Veracruz, Coatzacoalcos	18º 8' N	94º 27' W	Not Known	Urban	Other	Mixed	North America	55	2013	https://www.allelefrequencies.net/pop6001c.asp?pop_name=Mexico%20Veracruz%2C%20Coatzacoalcos	2026-08-26
mexico-veracruz-cordoba	Mexico Veracruz, Cordoba	18º 53' N	96º 55' W	Not Known	Urban	Other	Mixed	North America	56	2013	https://www.allelefrequencies.net/pop6001c.asp?pop_name=Mexico%20Veracruz%2C%20Cordoba	2026-08-26
mexico-veracruz-orizaba	Mexico Veracruz, Orizaba	18º 51' N	97º 6' W	Not Known	Urban	Other	Mixed	North America	60	2013	https://www.allelefrequencies.net/pop6001c.asp?pop_name=Mexico%20Veracruz%2C%20Orizaba	2026-08-26
mexico-veracruz-poza-rica	Mexico Veracruz, Poza Rica	20º 31' N	97º 27' W	Not Known	Urban	Other	Mixed	North America	45	2013	https://www.allelefrequencies.net/pop6001c.asp?pop_name=Mexico%20Veracruz%2C%20Poza%20Rica	2026-08-26
mexico-veracruz-veracruz-city	Mexico Veracruz, Veracruz city	19º 10' N	96º 8' W	Not Known	Urban	Other	Mixed	North America	171	2013	https://www.allelefrequencies.net/pop6001c.asp?pop_name=Mexico%20Veracruz%2C%20Veracruz%20city	2026-08-26
mexico-veracruz-xalapa-2	Mexico Veracruz, Xalapa	19º 32' N	96º 55' W	Grandparents live at same location	Urban	Controls for Disease Study	Mestizo	North America	84	2016	https://www.allelefrequencies.net/pop6001c.asp?pop_name=Mexico%20Veracruz%2C%20Xalapa	2026-08-26
mexico-west-mestizo-kir	Mexico West Mestizo KIR	29º 5' N	110º 57' W	Not Known	Unknown	Anthropology Study	Mestizo	North America	124	2011	https://www.allelefrequencies.net/pop6001c.asp?pop_name=Mexico%20West%20Mestizo%20KIR	2026-08-26
mexico-yucatan-maya-kir	Mexico Yucatan Maya KIR	20º 58' N	89º 37' W	Not Known	Rural	Anthropology Study	Amerindian	North America	50	2006	https://www.allelefrequencies.net/pop6001c.asp?pop_name=Mexico%20Yucatan%20Maya%20KIR	2026-08-26
mexico-yucatan-rural	Mexico Yucatan Rural	21º 16' N	89º 31' W	Not Known	Rural	Other	Mixed	North America	132	2013	https://www.allelefrequencies.net/pop6001c.asp?pop_name=Mexico%20Yucatan%20Rural	2026-08-26
mexico-yucatan-merida	Mexico Yucatan, Merida	20º 58' N	89º 35' W	Not Known	Urban	Other	Mixed	North America	192	2013	https://www.allelefrequencies.net/pop6001c.asp?pop_name=Mexico%20Yucatan%2C%20Merida	2026-08-26
mexico-zacatecas-rural	Mexico Zacatecas Rural	22º 46' N	102º 7' W	Not Known	Rural	Other	Mixed	North America	266	2013	https://www.allelefrequencies.net/pop6001c.asp?pop_name=Mexico%20Zacatecas%20Rural	2026-08-26
mexico-zacatecas-fresnillo	Mexico Zacatecas, Fresnillo	23º 10' N	102º 52' W	Not Known	Urban	Other	Mixed	North America	103	2013	https://www.allelefrequencies.net/pop6001c.asp?pop_name=Mexico%20Zacatecas%2C%20Fresnillo	2026-08-26
mexico-zacatecas-zacatecas-city	Mexico Zacatecas, Zacatecas city	22º 46' N	102º 34' W	Not Known	Urban	Other	Mixed	North America	84	2013	https://www.allelefrequencies.net/pop6001c.asp?pop_name=Mexico%20Zacatecas%2C%20Zacatecas%20city	2026-08-26
mexico-zapotec-na-dhs-7-g	Mexico Zapotec NA-DHS_7 (G)	16º 0' N	97º 0' W	Not Known	Rural	Anthropology Study	Amerindian	South and Central America	20 (B = 17, C = 16, DRB1 = 19)	2008	https://www.allelefrequencies.net/pop6001c.asp?pop_name=Mexico%20Zapotec%20NA-DHS_7%20%28G%29	2026-08-26
mexico-mestizo-pop-3	Mexico mestizo pop 3	19º 3' N	99º 3' W	Not Known	Unknown	Bone Marrow Registry	Mestizo	North America	201	2010	https://www.allelefrequencies.net/pop6001c.asp?pop_name=Mexico%20mestizo%20pop%203	2026-08-26
mongolia-buryat	Mongolia Buryat	47º 6' N	118º 6' E	Not Known	Rural	Anthropology Study	Oriental	North-East Asia	141	2002	https://www.allelefrequencies.net/pop6001c.asp?pop_name=Mongolia%20Buryat	2026-08-26
mongolia-hoton	Mongolia Hoton	48º 40' N	88º 18' E	Not Known	Unknown	Anthropology Study	Oriental	North-East Asia	85	1995	https://www.allelefrequencies.net/pop6001c.asp?pop_name=Mongolia%20Hoton	2026-08-26
mongolia-khalkha	Mongolia Khalkha	45º 0' N	107º 0' E	Not Known	Urban and Rural	Anthropology Study	Oriental	North-East Asia	200	2002	https://www.allelefrequencies.net/pop6001c.asp?pop_name=Mongolia%20Khalkha	2026-08-26
mongolia-khalkha-pop-2	Mongolia Khalkha pop 2	47º 55' N	106º 53' E	Not Known	Unknown	Anthropology Study	Oriental	North-East Asia	202	1995	https://www.allelefrequencies.net/pop6001c.asp?pop_name=Mongolia%20Khalkha%20pop%202	2026-08-26
mongolia-oold	Mongolia Oold	48º 0' N	96º 0' E	Not Known	Urban and Rural	Anthropology Study	Oriental	North-East Asia	104	2002	https://www.allelefrequencies.net/pop6001c.asp?pop_name=Mongolia%20Oold	2026-08-26
mongolia-tarialan-khoton	Mongolia Tarialan Khoton	49º 46' N	91º 54' E	Not Known	Rural	Anthropology Study	Oriental	North-East Asia	85	1996	https://www.allelefrequencies.net/pop6001c.asp?pop_name=Mongolia%20Tarialan%20Khoton	2026-08-26
mongolia-tsaatan	Mongolia Tsaatan	51º 0' N	101º 0' E	Not Known	Urban and Rural	Anthropology Study	Oriental	North-East Asia	144	2002	https://www.allelefrequencies.net/pop6001c.asp?pop_name=Mongolia%20Tsaatan	2026-08-26
mongolia-ulaanbaatar-khalkha	Mongolia Ulaanbaatar Khalkha	47º 55' N	106º 55' E	Not Known	Rural	Anthropology Study	Oriental	North-East Asia	41	1996	https://www.allelefrequencies.net/pop6001c.asp?pop_name=Mongolia%20Ulaanbaatar%20Khalkha	2026-08-26
morocco	Morocco	33º 14' N	8º 30' W	Grandparents live at same location	Rural	Anthropology Study	Arab	North Africa	96	1999	https://www.allelefrequencies.net/pop6001c.asp?pop_name=Morocco	2026-08-26
morocco-atlantic-coast-chaouya	Morocco Atlantic Coast Chaouya	30º 22' N	7º 22' W	Not Known	Rural	Anthropology Study	Arab	North Africa	98 (A = 74, B = 73, C = 70, DQA1 = 83, DQB1 = 81)	2009	https://www.allelefrequencies.net/pop6001c.asp?pop_name=Morocco%20Atlantic%20Coast%20Chaouya	2026-08-26
morocco-casablanca	Morocco Casablanca	33º 32' N	7º 35' W	Not Known	Urban	Anthropology Study	Arab	North Africa	100	2001	https://www.allelefrequencies.net/pop6001c.asp?pop_name=Morocco%20Casablanca	2026-08-26
morocco-chaouya-kir	Morocco Chaouya KIR	33º 4' N	7º 37' W	Grandparents live at same location	Rural	Blood Donor	Arab	North Africa	67	2007	https://www.allelefrequencies.net/pop6001c.asp?pop_name=Morocco%20Chaouya%20KIR	2026-08-26
morocco-nador-metalsa	Morocco Nador Metalsa	35º 10' N	2º 55' W	Parents live at same location	Rural	Anthropology Study	Arab	North Africa	99	2001	https://www.allelefrequencies.net/pop6001c.asp?pop_name=Morocco%20Nador%20Metalsa	2026-08-26
morocco-nador-metalsa-mic	Morocco Nador Metalsa MIC	35º 10' N	2º 55' W	Parents live at same location	Rural	Anthropology Study	Arab	North Africa	82	2001	https://www.allelefrequencies.net/pop6001c.asp?pop_name=Morocco%20Nador%20Metalsa%20MIC	2026-08-26
morocco-nador-metalsa-pop-2	Morocco Nador Metalsa pop 2	35º 10' N	2º 56' W	Parents live at same location	Rural	Anthropology Study	Arab	North Africa	73 (C = 62)	2001	https://www.allelefrequencies.net/pop6001c.asp?pop_name=Morocco%20Nador%20Metalsa%20pop%202	2026-08-26
morocco-settat-chaouya	Morocco Settat Chaouya	33º 0' N	7º 36' W	Parents live at same location	Rural	Anthropology Study	Caucasoid	North Africa	98	2001	https://www.allelefrequencies.net/pop6001c.asp?pop_name=Morocco%20Settat%20Chaouya	2026-08-26
morocco-souss-region	Morocco Souss Region	30º 28' N	8º 52' W	Not Known	Urban	Anthropology Study	Arab	North Africa	98	1997	https://www.allelefrequencies.net/pop6001c.asp?pop_name=Morocco%20Souss%20Region	2026-08-26
morocco-pop-2	Morocco pop 2	32º 4' N	6º 51' W	Not Known	Urban and Rural	Anthropology Study	Mixed	North Africa	110	2005	https://www.allelefrequencies.net/pop6001c.asp?pop_name=Morocco%20pop%202	2026-08-26
mozambique	Mozambique	25º 58' S	32º 35' E	Not Known	Urban and Rural	Blood Donor	Black	Sub-Saharan Africa	202	2010	https://www.allelefrequencies.net/pop6001c.asp?pop_name=Mozambique	2026-08-26
myanmar-bamar	Myanmar Bamar	17º 54' N	96º 31' E	Parents live at same location	Urban and Rural	Other	Oriental	South-East Asia	46	2009	https://www.allelefrequencies.net/pop6001c.asp?pop_name=Myanmar%20Bamar	2026-08-26
myanmar-chin	Myanmar Chin	17º 54' N	96º 31' E	Parents live at same location	Urban and Rural	Other	Oriental	South-East Asia	55	2016	https://www.allelefrequencies.net/pop6001c.asp?pop_name=Myanmar%20Chin	2026-08-26
myanmar-kachin	Myanmar Kachin	17º 54' N	96º 31' E	Parents live at same location	Urban and Rural	Other	Oriental	South-East Asia	63	2014	https://www.allelefrequencies.net/pop6001c.asp?pop_name=Myanmar%20Kachin	2026-08-26
myanmar-kayah	Myanmar Kayah	17º 54' N	96º 31' E	Parents live at same location	Urban and Rural	Other	Oriental	South-East Asia	55	2016	https://www.allelefrequencies.net/pop6001c.asp?pop_name=Myanmar%20Kayah	2026-08-26
myanmar-kayin	Myanmar Kayin	17º 54' N	96º 31' E	Parents live at same location	Urban and Rural	Other	Oriental	South-East Asia	44	2009	https://www.allelefrequencies.net/pop6001c.asp?pop_name=Myanmar%20Kayin	2026-08-26
myanmar-mon	Myanmar Mon	17º 54' N	96º 31' E	Parents live at same location	Urban and Rural	Other	Oriental	South-East Asia	64	2014	https://www.allelefrequencies.net/pop6001c.asp?pop_name=Myanmar%20Mon	2026-08-26
myanmar-rakhine	Myanmar Rakhine	17º 54' N	96º 31' E	Parents live at same location	Urban and Rural	Other	Oriental	South-East Asia	48	2016	https://www.allelefrequencies.net/pop6001c.asp?pop_name=Myanmar%20Rakhine	2026-08-26
myanmar-shan	Myanmar Shan	17º 54' N	96º 31' E	Parents live at same location	Urban and Rural	Other	Oriental	South-East Asia	54	2014	https://www.allelefrequencies.net/pop6001c.asp?pop_name=Myanmar%20Shan	2026-08-26
nauru	Nauru	0º 31' S	166º 56' E	Not Known	Rural	Anthropology Study	Micronesian	Oceania	67	1995	https://www.allelefrequencies.net/pop6001c.asp?pop_name=Nauru	2026-08-26
netherlands	Netherlands	53º 6' N	7º 16' E	Not Known	Urban and Rural	Controls for Disease Study	Caucasoid	Europe	447 (DPB1 = 306, DQB1 = 418)	2003	https://www.allelefrequencies.net/pop6001c.asp?pop_name=Netherlands	2026-08-26
netherlands-cytokine	Netherlands Cytokine	52º 6' N	5º 17' E	Not Known	Urban	Anthropology Study	Caucasoid	Europe	107	2006	https://www.allelefrequencies.net/pop6001c.asp?pop_name=Netherlands%20Cytokine	2026-08-26
netherlands-leiden	Netherlands Leiden	52º 9' N	4º 31' E	Not Known	Urban and Rural	Blood Donor	Caucasoid	Europe	1305	2008	https://www.allelefrequencies.net/pop6001c.asp?pop_name=Netherlands%20Leiden	2026-08-26
netherlands-umcu	Netherlands UMCU	52º 5' N	5º 10' E	Not Known	Unknown	Blood Donor	Caucasoid	Europe	64	2014	https://www.allelefrequencies.net/pop6001c.asp?pop_name=Netherlands%20UMCU	2026-08-26
netherlands-pop-2	Netherlands pop 2	52º 22' N	7º 0' E	Not Known	Unknown	Anthropology Study	Caucasoid	Europe	155	2005	https://www.allelefrequencies.net/pop6001c.asp?pop_name=Netherlands%20pop%202	2026-08-26
new-caledonia	New Caledonia	21º 0' S	165º 0' E	Not Known	Rural	Anthropology Study	Melanesian	Oceania	65 (DQA1 = 42, DQB1 = 42, DRB1 = 42)	1995	https://www.allelefrequencies.net/pop6001c.asp?pop_name=New%20Caledonia	2026-08-26
new-zealand-maori	New Zealand Maori	41º 17' S	174º 46' E	Not Known	Urban	Anthropology Study	Polynesian	Oceania	200	2005	https://www.allelefrequencies.net/pop6001c.asp?pop_name=New%20Zealand%20Maori	2026-08-26
new-zealand-maori-pop-2	New Zealand Maori pop 2	41º 43' S	174º 46' E	Not Known	Unknown	Anthropology Study	Polynesian	Oceania	55	2000	https://www.allelefrequencies.net/pop6001c.asp?pop_name=New%20Zealand%20Maori%20pop%202	2026-08-26
new-zealand-maori-with-admixed-history	New Zealand Maori with Admixed History	42º 0' S	174º 0' E	Not Known	Urban	Blood Donor	Polynesian	Oceania	105	2012	https://www.allelefrequencies.net/pop6001c.asp?pop_name=New%20Zealand%20Maori%20with%20Admixed%20History	2026-08-26
new-zealand-maori-with-full-ancestry	New Zealand Maori with Full Ancestry	42º 0' S	174º 0' E	Not Known	Urban	Blood Donor	Polynesian	Oceania	46	2012	https://www.allelefrequencies.net/pop6001c.asp?pop_name=New%20Zealand%20Maori%20with%20Full%20Ancestry	2026-08-26
new-zealand-polynesians-with-admixed-history	New Zealand Polynesians with Admixed History	42º 0' S	174º 0' E	Not Known	Urban	Blood Donor	Polynesian	Oceania	27	2012	https://www.allelefrequencies.net/pop6001c.asp?pop_name=New%20Zealand%20Polynesians%20with%20Admixed%20History	2026-08-26
new-zealand-polynesians-with-full-ancestry	New Zealand Polynesians with Full Ancestry	42º 0' S	174º 0' E	Not Known	Urban	Blood Donor	Polynesian	Oceania	21	2012	https://www.allelefrequencies.net/pop6001c.asp?pop_name=New%20Zealand%20Polynesians%20with%20Full%20Ancestry	2026-08-26
nicaragua-managua	Nicaragua Managua	12º 7' N	86º 10' W	Not Known	Urban	Other	Mixed	South and Central America	339 (A = 334, B = 332, C = 273, DPB1 = 274, DQA1 = 256, DQB1 = 259, DRB1 = 334)	2017	https://www.allelefrequencies.net/pop6001c.asp?pop_name=Nicaragua%20Managua	2026-08-26
nicaragua-mestizo-g	Nicaragua Mestizo (G)	12º 40' N	85º 13' W	Not Known	Urban	Anthropology Study	Mestizo	South and Central America	155 (DRB1 = 154)	2014	https://www.allelefrequencies.net/pop6001c.asp?pop_name=Nicaragua%20Mestizo%20%28G%29	2026-08-26
nigeria	Nigeria	6º 27' N	3º 23' E	Not Known	Urban	Stem cell donors	Black	Sub-Saharan Africa	258	2009	https://www.allelefrequencies.net/pop6001c.asp?pop_name=Nigeria	2026-08-26
nigeria-benin-yoruba-kir	Nigeria Benin Yoruba KIR	9º 0' N	8º 5' E	Not Known	Urban	Anthropology Study	Black	Sub-Saharan Africa	75	2006	https://www.allelefrequencies.net/pop6001c.asp?pop_name=Nigeria%20Benin%20Yoruba%20KIR	2026-08-26
nigeria-enugu-ibo-kir	Nigeria Enugu Ibo KIR	7º 0' N	5º 0' E	Not Known	Rural	Anthropology Study	Black	Sub-Saharan Africa	48	2006	https://www.allelefrequencies.net/pop6001c.asp?pop_name=Nigeria%20Enugu%20Ibo%20KIR	2026-08-26
nigeria-kir	Nigeria KIR	6º 45' N	3º 41' E	Not Known	Rural	Anthropology Study	Black	Sub-Saharan Africa	164	2005	https://www.allelefrequencies.net/pop6001c.asp?pop_name=Nigeria%20KIR	2026-08-26
nigeria-south-efik-mic	Nigeria South Efik MIC	5º 45' N	8º 30' E	Not Known	Rural	Anthropology Study	Black	Sub-Saharan Africa	32	2002	https://www.allelefrequencies.net/pop6001c.asp?pop_name=Nigeria%20South%20Efik%20MIC	2026-08-26
nigeria-south-igbo-mic	Nigeria South Igbo MIC	6º 30' N	7º 30' E	Not Known	Rural	Anthropology Study	Black	Sub-Saharan Africa	46	2002	https://www.allelefrequencies.net/pop6001c.asp?pop_name=Nigeria%20South%20Igbo%20MIC	2026-08-26
nigeria-south-yoruba-mic	Nigeria South Yoruba MIC	6º 27' N	3º 23' E	Not Known	Rural	Anthropology Study	Black	Sub-Saharan Africa	74	2002	https://www.allelefrequencies.net/pop6001c.asp?pop_name=Nigeria%20South%20Yoruba%20MIC	2026-08-26
nigeria-southwest-abanla-yoruba	Nigeria Southwest Abanla Yoruba	7º 46' N	4º 0' E	Not Known	Rural	Anthropology Study	Black	Sub-Saharan Africa	130	1997	https://www.allelefrequencies.net/pop6001c.asp?pop_name=Nigeria%20Southwest%20Abanla%20Yoruba	2026-08-26
nigeria-zaria-hausa-kir	Nigeria Zaria Hausa KIR	11º 4' N	7º 42' E	Not Known	Rural	Anthropology Study	Black	Sub-Saharan Africa	37	2006	https://www.allelefrequencies.net/pop6001c.asp?pop_name=Nigeria%20Zaria%20Hausa%20KIR	2026-08-26
niue	Niue	19º 3' S	169º 55' W	Not Known	Rural	Anthropology Study	Polynesian	Oceania	70	1995	https://www.allelefrequencies.net/pop6001c.asp?pop_name=Niue	2026-08-26
niue-pop-2	Niue pop 2	19º 3' S	169º 55' W	Not Known	Rural	Anthropology Study	Polynesian	Oceania	38	2000	https://www.allelefrequencies.net/pop6001c.asp?pop_name=Niue%20pop%202	2026-08-26
norway	Norway	59º 56' N	10º 45' E	Not Known	Unknown	Anthropology Study	Caucasoid	Europe	181	1995	https://www.allelefrequencies.net/pop6001c.asp?pop_name=Norway	2026-08-26
norway-ethnic-norwegians	Norway  ethnic Norwegians	61º 0' N	10º 0' E	Not Known	Unknown	Bone Marrow Registry	Caucasoid	Europe	4510	2015	https://www.allelefrequencies.net/pop6001c.asp?pop_name=Norway%20%20ethnic%20Norwegians	2026-08-26
norway-cytokine	Norway Cytokine	68º 45' N	15º 21' E	Not Known	Unknown	Controls for Disease Study	Caucasoid	Europe	131	2007	https://www.allelefrequencies.net/pop6001c.asp?pop_name=Norway%20Cytokine	2026-08-26
norway-kir	Norway KIR	59º 56' N	10º 45' E	Not Known	Urban and Rural	Bone Marrow Registry	Caucasoid	Europe	368	2006	https://www.allelefrequencies.net/pop6001c.asp?pop_name=Norway%20KIR	2026-08-26
norway-sami	Norway Sami	70º 0' N	25º 0' E	Grandparents live at same location	Rural	Anthropology Study	Caucasoid	Europe	200	2009	https://www.allelefrequencies.net/pop6001c.asp?pop_name=Norway%20Sami	2026-08-26
norway-pop-2	Norway pop 2	59º 56' N	10º 45' E	Not Known	Unknown	Anthropology Study	Caucasoid	Europe	576	2009	https://www.allelefrequencies.net/pop6001c.asp?pop_name=Norway%20pop%202	2026-08-26
oman	Oman	22º 0' N	56º 0' E	Not Known	Urban and Rural	Blood Donor	Arab	Western Asia	118	2000	https://www.allelefrequencies.net/pop6001c.asp?pop_name=Oman	2026-08-26
oman-cytokine	Oman Cytokine	22º 0' N	56º 0' E	Not Known	Urban and Rural	Blood Donor	Arab	Western Asia	80	2002	https://www.allelefrequencies.net/pop6001c.asp?pop_name=Oman%20Cytokine	2026-08-26
oman-kir	Oman KIR	22º 0' N	56º 0' E	Not Known	Urban and Rural	Blood Donor	Arab	Western Asia	99	2003	https://www.allelefrequencies.net/pop6001c.asp?pop_name=Oman%20KIR	2026-08-26
pakistan-baloch	Pakistan Baloch	30º 0' N	67º 0' E	Grandparents live at same location	Rural	Anthropology Study	Asian	South Asia	66	2001	https://www.allelefrequencies.net/pop6001c.asp?pop_name=Pakistan%20Baloch	2026-08-26
pakistan-brahui	Pakistan Brahui	30º 0' N	67º 0' E	Grandparents live at same location	Rural	Anthropology Study	Asian	South Asia	104	2001	https://www.allelefrequencies.net/pop6001c.asp?pop_name=Pakistan%20Brahui	2026-08-26
pakistan-burusho	Pakistan Burusho	36º 0' N	73º 0' E	Grandparents live at same location	Rural	Blood Donor	Asian	South Asia	92	2001	https://www.allelefrequencies.net/pop6001c.asp?pop_name=Pakistan%20Burusho	2026-08-26
pakistan-kalash	Pakistan Kalash	32º 0' N	70º 0' E	Grandparents live at same location	Rural	Blood Donor	Asian	South Asia	69	2000	https://www.allelefrequencies.net/pop6001c.asp?pop_name=Pakistan%20Kalash	2026-08-26
pakistan-karachi-kir	Pakistan Karachi KIR	24º 51' N	67º 0' E	Not Known	Rural	Controls for Disease Study	Asian	South Asia	78	2001	https://www.allelefrequencies.net/pop6001c.asp?pop_name=Pakistan%20Karachi%20KIR	2026-08-26
pakistan-karachi-parsi	Pakistan Karachi Parsi	24º 49' N	66º 59' E	Grandparents live at same location	Urban	Anthropology Study	Asian	South Asia	91	1999	https://www.allelefrequencies.net/pop6001c.asp?pop_name=Pakistan%20Karachi%20Parsi	2026-08-26
pakistan-mixed-pathan	Pakistan Mixed Pathan	32º 0' N	70º 0' E	Grandparents live at same location	Urban and Rural	Blood Donor	Mixed	South Asia	100	1996	https://www.allelefrequencies.net/pop6001c.asp?pop_name=Pakistan%20Mixed%20Pathan	2026-08-26
pakistan-mixed-punjabi	Pakistan Mixed Punjabi	31º 0' N	72º 0' E	Grandparents live at same location	Urban and Rural	Solid Organ Unrelated Donors	Asian	South Asia	389	2023	https://www.allelefrequencies.net/pop6001c.asp?pop_name=Pakistan%20Mixed%20Punjabi	2026-08-26
pakistan-mixed-sindhi	Pakistan Mixed Sindhi	24º 0' N	68º 0' E	Grandparents live at same location	Urban and Rural	Blood Donor	Mixed	South Asia	101	1996	https://www.allelefrequencies.net/pop6001c.asp?pop_name=Pakistan%20Mixed%20Sindhi	2026-08-26
panama	Panama	8º 59' N	79º 37' W	Not Known	Urban and Rural	Bone Marrow Registry	Hispanic	South and Central America	462 (A = 451, B = 456, C = 454, DPB1 = 317, DQB1 = 334, DRB1 = 417)	2020	https://www.allelefrequencies.net/pop6001c.asp?pop_name=Panama	2026-08-26
panama-kir	Panama KIR	8º 58' N	79º 32' W	Parents live at same location	Urban and Rural	Stem cell donors	Mestizo	South and Central America	116	2014	https://www.allelefrequencies.net/pop6001c.asp?pop_name=Panama%20KIR	2026-08-26
papua-new-guinea-abam	Papua New Guinea Abam	8º 55' S	143º 10' E	Not Known	Rural	Anthropology Study	Melanesian	Oceania	63	1999	https://www.allelefrequencies.net/pop6001c.asp?pop_name=Papua%20New%20Guinea%20Abam	2026-08-26
papua-new-guinea-dorogori	Papua New Guinea Dorogori	8º 55' S	143º 10' E	Not Known	Rural	Anthropology Study	Melanesian	Oceania	59	1999	https://www.allelefrequencies.net/pop6001c.asp?pop_name=Papua%20New%20Guinea%20Dorogori	2026-08-26
papua-new-guinea-east-new-britain-rabaul	Papua New Guinea East New Britain Rabaul	4º 12' S	152º 11' E	Not Known	Rural	Anthropology Study	Melanesian	Oceania	60 (A = 28, B = 28, C = 28)	1995	https://www.allelefrequencies.net/pop6001c.asp?pop_name=Papua%20New%20Guinea%20East%20New%20Britain%20Rabaul	2026-08-26
papua-new-guinea-east-new-britain-tolai	Papua New Guinea East New Britain Tolai	5º 44' S	150º 44' E	Not Known	Rural	Anthropology Study	Melanesian	Oceania	48	1998	https://www.allelefrequencies.net/pop6001c.asp?pop_name=Papua%20New%20Guinea%20East%20New%20Britain%20Tolai	2026-08-26
papua-new-guinea-eastern-highlands-goroka-asaro	Papua New Guinea Eastern Highlands Goroka Asaro	6º 5' S	145º 23' E	Not Known	Rural	Anthropology Study	Melanesian	Oceania	57 (A = 35, B = 35, C = 35)	1995	https://www.allelefrequencies.net/pop6001c.asp?pop_name=Papua%20New%20Guinea%20Eastern%20Highlands%20Goroka%20Asaro	2026-08-26
papua-new-guinea-highland	Papua New Guinea Highland	6º 10' S	143º 20' E	Not Known	Rural	Anthropology Study	Melanesian	Oceania	94	1999	https://www.allelefrequencies.net/pop6001c.asp?pop_name=Papua%20New%20Guinea%20Highland	2026-08-26
papua-new-guinea-highland-pop2	Papua New Guinea Highland pop2	5º 25' S	143º 30' E	Not Known	Rural	Anthropology Study	Melanesian	Oceania	28	1998	https://www.allelefrequencies.net/pop6001c.asp?pop_name=Papua%20New%20Guinea%20Highland%20pop2	2026-08-26
papua-new-guinea-iamega	Papua New Guinea Iamega	8º 55' S	143º 10' E	Not Known	Rural	Anthropology Study	Melanesian	Oceania	79	1999	https://www.allelefrequencies.net/pop6001c.asp?pop_name=Papua%20New%20Guinea%20Iamega	2026-08-26
papua-new-guinea-irian-jaya-kir	Papua New Guinea Irian Jaya  KIR	1º 0' S	133º 0' E	Not Known	Rural	Anthropology Study	Melanesian	Oceania	50	2007	https://www.allelefrequencies.net/pop6001c.asp?pop_name=Papua%20New%20Guinea%20Irian%20Jaya%20%20KIR	2026-08-26
papua-new-guinea-kapal	Papua New Guinea Kapal	8º 55' S	143º 10' E	Not Known	Rural	Anthropology Study	Melanesian	Oceania	65	1999	https://www.allelefrequencies.net/pop6001c.asp?pop_name=Papua%20New%20Guinea%20Kapal	2026-08-26
papua-new-guinea-karimui-plateau-pawaia	Papua New Guinea Karimui Plateau Pawaia	7º 14' S	145º 20' E	Not Known	Rural	Anthropology Study	Melanesian	Oceania	80	2000	https://www.allelefrequencies.net/pop6001c.asp?pop_name=Papua%20New%20Guinea%20Karimui%20Plateau%20Pawaia	2026-08-26
papua-new-guinea-kuru	Papua New Guinea Kuru	8º 55' S	143º 10' E	Not Known	Rural	Anthropology Study	Melanesian	Oceania	46	1999	https://www.allelefrequencies.net/pop6001c.asp?pop_name=Papua%20New%20Guinea%20Kuru	2026-08-26
papua-new-guinea-lowland	Papua New Guinea Lowland	9º 30' S	147º 7' E	Not Known	Rural	Anthropology Study	Melanesian	Oceania	47	1999	https://www.allelefrequencies.net/pop6001c.asp?pop_name=Papua%20New%20Guinea%20Lowland	2026-08-26
papua-new-guinea-lowland-roro	Papua New Guinea Lowland Roro	8º 38' S	146º 27' E	Not Known	Unknown	Anthropology Study	Melanesian	Oceania	26	1995	https://www.allelefrequencies.net/pop6001c.asp?pop_name=Papua%20New%20Guinea%20Lowland%20Roro	2026-08-26
papua-new-guinea-lowland-wosera	Papua New Guinea Lowland Wosera	3º 48' S	143º 2' E	Not Known	Rural	Anthropology Study	Melanesian	Oceania	79	1999	https://www.allelefrequencies.net/pop6001c.asp?pop_name=Papua%20New%20Guinea%20Lowland%20Wosera	2026-08-26
papua-new-guinea-madang	Papua New Guinea Madang	5º 13' S	145º 48' E	Not Known	Rural	Anthropology Study	Melanesian	Oceania	65 (A = 55, B = 55, C = 55)	1995	https://www.allelefrequencies.net/pop6001c.asp?pop_name=Papua%20New%20Guinea%20Madang	2026-08-26
papua-new-guinea-nasioi-kir	Papua New Guinea Nasioi KIR	5º 0' S	152º 0' E	Not Known	Rural	Anthropology Study	Melanesian	Oceania	22	2006	https://www.allelefrequencies.net/pop6001c.asp?pop_name=Papua%20New%20Guinea%20Nasioi%20KIR	2026-08-26
papua-new-guinea-podare	Papua New Guinea Podare	8º 55' S	143º 10' E	Not Known	Rural	Anthropology Study	Melanesian	Oceania	43	1999	https://www.allelefrequencies.net/pop6001c.asp?pop_name=Papua%20New%20Guinea%20Podare	2026-08-26
papua-new-guinea-rual	Papua New Guinea Rual	8º 55' S	143º 10' E	Not Known	Rural	Anthropology Study	Melanesian	Oceania	50	1999	https://www.allelefrequencies.net/pop6001c.asp?pop_name=Papua%20New%20Guinea%20Rual	2026-08-26
papua-new-guinea-south-gidra	Papua New Guinea South Gidra	9º 5' S	143º 12' E	Not Known	Rural	Controls for Disease Study	Melanesian	Oceania	192	1995	https://www.allelefrequencies.net/pop6001c.asp?pop_name=Papua%20New%20Guinea%20South%20Gidra	2026-08-26
papua-new-guinea-trobriand-island	Papua New Guinea Trobriand Island	8º 40' S	150º 55' E	Not Known	Rural	Anthropology Study	Melanesian	Oceania	81	1995	https://www.allelefrequencies.net/pop6001c.asp?pop_name=Papua%20New%20Guinea%20Trobriand%20Island	2026-08-26
papua-new-guinea-ume	Papua New Guinea Ume	8º 55' S	143º 10' E	Not Known	Rural	Anthropology Study	Melanesian	Oceania	90	1999	https://www.allelefrequencies.net/pop6001c.asp?pop_name=Papua%20New%20Guinea%20Ume	2026-08-26
papua-new-guinea-wanigela-keapara	Papua New Guinea Wanigela Keapara	10º 5' S	147º 50' E	Not Known	Rural	Anthropology Study	Melanesian	Oceania	66	2000	https://www.allelefrequencies.net/pop6001c.asp?pop_name=Papua%20New%20Guinea%20Wanigela%20Keapara	2026-08-26
papua-new-guinea-west-schrader-ranges-haruai	Papua New Guinea West Schrader Ranges Haruai	5º 5' S	144º 10' E	Not Known	Rural	Anthropology Study	Melanesian	Oceania	55	2000	https://www.allelefrequencies.net/pop6001c.asp?pop_name=Papua%20New%20Guinea%20West%20Schrader%20Ranges%20Haruai	2026-08-26
papua-new-guinea-wipim	Papua New Guinea Wipim	8º 55' S	143º 10' E	Not Known	Rural	Anthropology Study	Melanesian	Oceania	55	1999	https://www.allelefrequencies.net/pop6001c.asp?pop_name=Papua%20New%20Guinea%20Wipim	2026-08-26
papua-new-guinea-woigi	Papua New Guinea Woigi	8º 55' S	143º 10' E	Not Known	Rural	Anthropology Study	Melanesian	Oceania	26	1999	https://www.allelefrequencies.net/pop6001c.asp?pop_name=Papua%20New%20Guinea%20Woigi	2026-08-26
papua-new-guinea-wonie	Papua New Guinea Wonie	8º 55' S	143º 10' E	Not Known	Rural	Anthropology Study	Melanesian	Oceania	51	1999	https://www.allelefrequencies.net/pop6001c.asp?pop_name=Papua%20New%20Guinea%20Wonie	2026-08-26
papua-new-guinea-wosera-abelam	Papua New Guinea Wosera Abelam	3º 48' S	143º 2' E	Not Known	Rural	Anthropology Study	Melanesian	Oceania	131	2000	https://www.allelefrequencies.net/pop6001c.asp?pop_name=Papua%20New%20Guinea%20Wosera%20Abelam	2026-08-26
papua-new-guinea-wuroi	Papua New Guinea Wuroi	8º 55' S	143º 10' E	Not Known	Rural	Anthropology Study	Melanesian	Oceania	34	1999	https://www.allelefrequencies.net/pop6001c.asp?pop_name=Papua%20New%20Guinea%20Wuroi	2026-08-26
paraguay-ach	Paraguay Aché	23º 30' S	55º 50' W	Not Known	Rural	Anthropology Study	Amerindian	South and Central America	87	2001	https://www.allelefrequencies.net/pop6001c.asp?pop_name=Paraguay%20Ach%C3%A9	2026-08-26
paraguay-lengua	Paraguay Lengua	23º 58' S	59º 50' W	Not Known	Rural	Anthropology Study	Amerindian	South and Central America	17	2007	https://www.allelefrequencies.net/pop6001c.asp?pop_name=Paraguay%20Lengua	2026-08-26
paraguay-argentina-ache-na-dhs-24-g	Paraguay/Argentina Ache NA-DHS_24 (G)	24º 0' S	56º 0' W	Not Known	Rural	Anthropology Study	Amerindian	South and Central America	13 (B = 11, C = 8, DRB1 = 12)	2008	https://www.allelefrequencies.net/pop6001c.asp?pop_name=Paraguay/Argentina%20Ache%20NA-DHS_24%20%28G%29	2026-08-26
paraguay-argentina-guarani-na-dhs-23-g	Paraguay/Argentina Guarani NA-DHS_23 (G)	23º 0' S	56º 0' W	Not Known	Rural	Anthropology Study	Amerindian	South and Central America	10 (C = 9)	2008	https://www.allelefrequencies.net/pop6001c.asp?pop_name=Paraguay/Argentina%20Guarani%20NA-DHS_23%20%28G%29	2026-08-26
peru-arequipa-mestizo	Peru Arequipa Mestizo	15º 46' S	73º 21' W	Not Known	Rural	Other	Mestizo	South and Central America	168	1995	https://www.allelefrequencies.net/pop6001c.asp?pop_name=Peru%20Arequipa%20Mestizo	2026-08-26
peru-lamas-city-lama	Peru Lamas City Lama	6º 25' S	76º 32' W	Grandparents live at same location	Urban	Blood Donor	Amerindian	South and Central America	83	2004	https://www.allelefrequencies.net/pop6001c.asp?pop_name=Peru%20Lamas%20City%20Lama	2026-08-26
peru-quechua	Peru Quechua	13º 38' S	72º 53' W	Not Known	Rural	Anthropology Study	Amerindian	South and Central America	44	2001	https://www.allelefrequencies.net/pop6001c.asp?pop_name=Peru%20Quechua	2026-08-26
peru-titikaka-lake-uro	Peru Titikaka Lake Uro	15º 50' S	69º 42' W	Parents live at same location	Rural	Anthropology Study	Amerindian	South and Central America	105	2008	https://www.allelefrequencies.net/pop6001c.asp?pop_name=Peru%20Titikaka%20Lake%20Uro	2026-08-26
peru-titikaka-lake-uros	Peru Titikaka Lake Uros	15º 50' S	70º 1' W	Grandparents live at same location	Rural	Anthropology Study	Amerindian	South and Central America	105	2007	https://www.allelefrequencies.net/pop6001c.asp?pop_name=Peru%20Titikaka%20Lake%20Uros	2026-08-26
philippines	Philippines	14º 35' N	121º 0' E	Not Known	Rural	Anthropology Study	Austronesian	Oceania	34	1999	https://www.allelefrequencies.net/pop6001c.asp?pop_name=Philippines	2026-08-26
philippines-ivatan	Philippines Ivatan	20º 22' N	121º 56' E	Parents live at same location	Urban and Rural	Anthropology Study	Austronesian	Oceania	50	1998	https://www.allelefrequencies.net/pop6001c.asp?pop_name=Philippines%20Ivatan	2026-08-26
philippines-national-capital-region	Philippines National Capital Region	14º 35' N	120º 59' E	Parents live at same location	Urban	Other	Oriental	Oceania	51	2020	https://www.allelefrequencies.net/pop6001c.asp?pop_name=Philippines%20National%20Capital%20Region	2026-08-26
poland	Poland	51º 7' N	17º 2' E	Not Known	Unknown	Anthropology Study	Caucasoid	Europe	200	2007	https://www.allelefrequencies.net/pop6001c.asp?pop_name=Poland	2026-08-26
poland-bmr	Poland BMR	52º 0' N	19º 22' E	Not Known	Urban and Rural	Bone Marrow Registry	Caucasoid	Europe	23595	2018	https://www.allelefrequencies.net/pop6001c.asp?pop_name=Poland%20BMR	2026-08-26
poland-cytokine	Poland Cytokine	52º 8' N	19º 23' E	Not Known	Unknown	Anthropology Study	Caucasoid	Europe	205	2004	https://www.allelefrequencies.net/pop6001c.asp?pop_name=Poland%20Cytokine	2026-08-26
poland-dkms	Poland DKMS	52º 8' N	19º 23' E	Grandparents live at same location	Urban and Rural	Bone Marrow Registry	Caucasoid	Europe	20653	2011	https://www.allelefrequencies.net/pop6001c.asp?pop_name=Poland%20DKMS	2026-08-26
poland-kir	Poland KIR	53º 25' N	14º 35' E	Not Known	Unknown	Controls for Disease Study	Caucasoid	Europe	690	2003	https://www.allelefrequencies.net/pop6001c.asp?pop_name=Poland%20KIR	2026-08-26
poland-kir-pop2	Poland KIR pop2	51º 7' N	17º 2' E	Not Known	Unknown	Controls for Disease Study	Caucasoid	Europe	60	2009	https://www.allelefrequencies.net/pop6001c.asp?pop_name=Poland%20KIR%20pop2	2026-08-26
poland-lodz	Poland Lodz	51º 45' N	19º 28' E	Not Known	Unknown	Controls for Disease Study	Caucasoid	Europe	103	1997	https://www.allelefrequencies.net/pop6001c.asp?pop_name=Poland%20Lodz	2026-08-26
poland-lower-silesia-region	Poland Lower Silesia Region	51º 6' N	17º 2' E	Not Known	Unknown	Controls for Disease Study	Caucasoid	Europe	123	2001	https://www.allelefrequencies.net/pop6001c.asp?pop_name=Poland%20Lower%20Silesia%20Region	2026-08-26
poland-north	Poland North	54º 22' N	18º 38' E	Not Known	Unknown	Controls for Disease Study	Caucasoid	Europe	80	2004	https://www.allelefrequencies.net/pop6001c.asp?pop_name=Poland%20North	2026-08-26
poland-wielkopolska-region	Poland Wielkopolska Region	52º 12' N	19º 41' E	Not Known	Urban and Rural	Anthropology Study	Caucasoid	Europe	99	1996	https://www.allelefrequencies.net/pop6001c.asp?pop_name=Poland%20Wielkopolska%20Region	2026-08-26
poland-wroclaw	Poland Wroclaw	51º 6' N	17º 2' E	Not Known	Urban and Rural	Controls for Disease Study	Caucasoid	Europe	123	2012	https://www.allelefrequencies.net/pop6001c.asp?pop_name=Poland%20Wroclaw	2026-08-26
poland-wroclaw-cytokine	Poland Wroclaw Cytokine	51º 7' N	17º 2' E	Not Known	Urban and Rural	Controls for Disease Study	Caucasoid	Europe	130	2003	https://www.allelefrequencies.net/pop6001c.asp?pop_name=Poland%20Wroclaw%20Cytokine	2026-08-26
poland-wroclaw-hsct-donors-cytokine	Poland Wroclaw HSCT donors Cytokine	51º 7' N	17º 2' E	Not Known	Urban and Rural	Other	Caucasoid	Europe	116	2003	https://www.allelefrequencies.net/pop6001c.asp?pop_name=Poland%20Wroclaw%20HSCT%20donors%20Cytokine	2026-08-26
poland-wroclaw-hsct-recipients-cytokine	Poland Wroclaw HSCT recipients Cytokine	51º 7' N	17º 2' E	Not Known	Urban and Rural	Disease Study Patients	Caucasoid	Europe	134	2003	https://www.allelefrequencies.net/pop6001c.asp?pop_name=Poland%20Wroclaw%20HSCT%20recipients%20Cytokine	2026-08-26
poland-pop-2	Poland pop 2	51º 45' N	19º 28' E	Not Known	Unknown	Controls for Disease Study	Caucasoid	Europe	58	2008	https://www.allelefrequencies.net/pop6001c.asp?pop_name=Poland%20pop%202	2026-08-26
poland-pop-3	Poland pop 3	52º 12' N	21º 1' E	Not Known	Urban	Bone Marrow Registry	Caucasoid	Europe	2907	2013	https://www.allelefrequencies.net/pop6001c.asp?pop_name=Poland%20pop%203	2026-08-26
portugal-aveiro	Portugal Aveiro	40º 34' N	8º 27' W	Not Known	Unknown	Bone Marrow Registry	Caucasoid	Europe	5933	2009	https://www.allelefrequencies.net/pop6001c.asp?pop_name=Portugal%20Aveiro	2026-08-26
portugal-azores-terceira-island	Portugal Azores Terceira Island	38º 43' N	27º 13' W	Grandparents live at same location	Urban and Rural	Controls for Disease Study	Other	Europe	130 (A = 114, B = 114, C = 114, DQA1 = 114, DQB1 = 114, DRB1 = 114, E = 114, F = 114, G = 114)	2011	https://www.allelefrequencies.net/pop6001c.asp?pop_name=Portugal%20Azores%20Terceira%20Island	2026-08-26
portugal-azores-terceira-island-cytokine	Portugal Azores Terceira Island Cytokine	38º 42' N	27º 12' W	Grandparents live at same location	Urban and Rural	Controls for Disease Study	Caucasoid	Europe	117	2007	https://www.allelefrequencies.net/pop6001c.asp?pop_name=Portugal%20Azores%20Terceira%20Island%20Cytokine	2026-08-26
portugal-azores-terceira-island-kir	Portugal Azores Terceira Island KIR	38º 39' N	27º 13' W	Grandparents live at same location	Urban and Rural	Controls for Disease Study	Caucasoid	Europe	127	2010	https://www.allelefrequencies.net/pop6001c.asp?pop_name=Portugal%20Azores%20Terceira%20Island%20KIR	2026-08-26
portugal-beja	Portugal Beja	37º 30' N	8º 3' W	Not Known	Unknown	Bone Marrow Registry	Caucasoid	Europe	699	2009	https://www.allelefrequencies.net/pop6001c.asp?pop_name=Portugal%20Beja	2026-08-26
portugal-braga	Portugal Braga	41º 37' N	8º 20' W	Not Known	Unknown	Bone Marrow Registry	Caucasoid	Europe	1971	2009	https://www.allelefrequencies.net/pop6001c.asp?pop_name=Portugal%20Braga	2026-08-26
portugal-bragan-a	Portugal Bragança	41º 48' N	6º 50' W	Not Known	Unknown	Bone Marrow Registry	Caucasoid	Europe	301	2009	https://www.allelefrequencies.net/pop6001c.asp?pop_name=Portugal%20Bragan%C3%A7a	2026-08-26
portugal-castelo-branco	Portugal Castelo Branco	39º 50' N	7º 28' W	Not Known	Unknown	Bone Marrow Registry	Caucasoid	Europe	327	2009	https://www.allelefrequencies.net/pop6001c.asp?pop_name=Portugal%20Castelo%20Branco	2026-08-26
portugal-center	Portugal Center	39º 0' N	8º 0' W	Grandparents live at same location	Urban and Rural	Anthropology Study	Caucasoid	Europe	50	2001	https://www.allelefrequencies.net/pop6001c.asp?pop_name=Portugal%20Center	2026-08-26
portugal-center-cytokine	Portugal Center Cytokine	40º 0' N	8º 0' W	Not Known	Urban and Rural	Bone Marrow Registry	Caucasoid	Europe	174	2004	https://www.allelefrequencies.net/pop6001c.asp?pop_name=Portugal%20Center%20Cytokine	2026-08-26
portugal-center-pop-2	Portugal Center pop 2	40º 11' N	8º 26' W	Not Known	Urban and Rural	Bone Marrow Registry	Caucasoid	Europe	562 (A = 379, B = 380, C = 268, DQA1 = 212, DQB1 = 212)	1998	https://www.allelefrequencies.net/pop6001c.asp?pop_name=Portugal%20Center%20pop%202	2026-08-26
portugal-coimbra	Portugal Coimbra	40º 13' N	8º 3' W	Not Known	Unknown	Bone Marrow Registry	Caucasoid	Europe	5057	2009	https://www.allelefrequencies.net/pop6001c.asp?pop_name=Portugal%20Coimbra	2026-08-26
portugal-evora	Portugal Evora	38º 34' N	7º 54' W	Not Known	Unknown	Bone Marrow Registry	Caucasoid	Europe	737	2009	https://www.allelefrequencies.net/pop6001c.asp?pop_name=Portugal%20Evora	2026-08-26
portugal-faro	Portugal Faro	37º 2' N	7º 55' W	Not Known	Unknown	Bone Marrow Registry	Caucasoid	Europe	1242	2009	https://www.allelefrequencies.net/pop6001c.asp?pop_name=Portugal%20Faro	2026-08-26
portugal-guarda	Portugal Guarda	40º 49' N	7º 33' W	Not Known	Unknown	Bone Marrow Registry	Caucasoid	Europe	797	2009	https://www.allelefrequencies.net/pop6001c.asp?pop_name=Portugal%20Guarda	2026-08-26
portugal-kir	Portugal KIR	38º 46' N	9º 11' W	Not Known	Unknown	Bone Marrow Registry	Caucasoid	Europe	65	2007	https://www.allelefrequencies.net/pop6001c.asp?pop_name=Portugal%20KIR	2026-08-26
portugal-leiria	Portugal Leiria	39º 45' N	8º 56' W	Not Known	Unknown	Bone Marrow Registry	Caucasoid	Europe	1847	2009	https://www.allelefrequencies.net/pop6001c.asp?pop_name=Portugal%20Leiria	2026-08-26
portugal-lisbon	Portugal Lisbon	38º 42' N	9º 11' W	Not Known	Unknown	Bone Marrow Registry	Caucasoid	Europe	17420	2009	https://www.allelefrequencies.net/pop6001c.asp?pop_name=Portugal%20Lisbon	2026-08-26
portugal-north	Portugal North	41º 0' N	8º 0' W	Grandparents live at same location	Urban and Rural	Anthropology Study	Caucasoid	Europe	46	2001	https://www.allelefrequencies.net/pop6001c.asp?pop_name=Portugal%20North	2026-08-26
portugal-north-pop-2	Portugal North pop 2	41º 9' N	8º 37' W	Not Known	Unknown	Anthropology Study	Caucasoid	Europe	1801 (A = 678, B = 678, C = 634, DQB1 = 237, DRB1 = 678)	2000	https://www.allelefrequencies.net/pop6001c.asp?pop_name=Portugal%20North%20pop%202	2026-08-26
portugal-portalegre	Portugal Portalegre	39º 19' N	7º 25' W	Not Known	Unknown	Bone Marrow Registry	Caucasoid	Europe	1254	2009	https://www.allelefrequencies.net/pop6001c.asp?pop_name=Portugal%20Portalegre	2026-08-26
portugal-porto	Portugal Porto	41º 9' N	8º 38' W	Not Known	Unknown	Bone Marrow Registry	Caucasoid	Europe	7937	2009	https://www.allelefrequencies.net/pop6001c.asp?pop_name=Portugal%20Porto	2026-08-26
portugal-santarem	Portugal Santarem	39º 14' N	8º 41' W	Not Known	Unknown	Bone Marrow Registry	Caucasoid	Europe	3865	2009	https://www.allelefrequencies.net/pop6001c.asp?pop_name=Portugal%20Santarem	2026-08-26
portugal-setubal	Portugal Setubal	38º 32' N	8º 53' W	Not Known	Unknown	Bone Marrow Registry	Caucasoid	Europe	5268	2009	https://www.allelefrequencies.net/pop6001c.asp?pop_name=Portugal%20Setubal	2026-08-26
portugal-south	Portugal South	37º 0' N	8º 0' W	Grandparents live at same location	Urban and Rural	Anthropology Study	Caucasoid	Europe	49	2001	https://www.allelefrequencies.net/pop6001c.asp?pop_name=Portugal%20South	2026-08-26
portugal-south-pop-2	Portugal South pop 2	38º 42' N	9º 11' W	Not Known	Urban and Rural	Bone Marrow Registry	Caucasoid	Europe	1021	2005	https://www.allelefrequencies.net/pop6001c.asp?pop_name=Portugal%20South%20pop%202	2026-08-26
portugal-viana-do-castelo	Portugal Viana do Castelo	41º 42' N	8º 50' W	Not Known	Unknown	Bone Marrow Registry	Caucasoid	Europe	706	2009	https://www.allelefrequencies.net/pop6001c.asp?pop_name=Portugal%20Viana%20do%20Castelo	2026-08-26
portugal-vila-real	Portugal Vila Real	41º 17' N	7º 48' W	Not Known	Unknown	Bone Marrow Registry	Caucasoid	Europe	1167	2009	https://www.allelefrequencies.net/pop6001c.asp?pop_name=Portugal%20Vila%20Real	2026-08-26
portugal-viseu	Portugal Viseu	40º 40' N	7º 55' W	Not Known	Unknown	Bone Marrow Registry	Caucasoid	Europe	2915	2009	https://www.allelefrequencies.net/pop6001c.asp?pop_name=Portugal%20Viseu	2026-08-26
reunion-mixed-kir	Reunion Mixed KIR	21º 6' S	55º 31' E	Not Known	Unknown	Anthropology Study	Mixed	Sub-Saharan Africa	101	2004	https://www.allelefrequencies.net/pop6001c.asp?pop_name=Reunion%20Mixed%20KIR	2026-08-26
romania	Romania	46º 0' N	25º 0' E	Not Known	Urban and Rural	Anthropology Study	Caucasoid	Europe	348	2000	https://www.allelefrequencies.net/pop6001c.asp?pop_name=Romania	2026-08-26
romania-cytokine	Romania Cytokine	44º 25' N	26º 6' E	Not Known	Unknown	Controls for Disease Study	Caucasoid	Europe	147	2009	https://www.allelefrequencies.net/pop6001c.asp?pop_name=Romania%20Cytokine	2026-08-26
romania-kir	Romania KIR	44º 25' N	26º 6' E	Parents live at same location	Urban and Rural	Solid Organ Unrelated Donors	Caucasoid	Europe	123	2005	https://www.allelefrequencies.net/pop6001c.asp?pop_name=Romania%20KIR	2026-08-26
romania-pop-2	Romania pop 2	44º 25' N	26º 6' E	Not Known	Urban and Rural	Bone Marrow Registry	Caucasoid	Europe	6936 (A = 5758, B = 6010, C = 1612, DQB1 = 3328)	2003	https://www.allelefrequencies.net/pop6001c.asp?pop_name=Romania%20pop%202	2026-08-26
romania-pop-3	Romania pop 3	44º 25' N	26º 6' E	Not Known	Urban and Rural	Other	Caucasoid	Europe	1469 (C = 510, DQB1 = 510)	2013	https://www.allelefrequencies.net/pop6001c.asp?pop_name=Romania%20pop%203	2026-08-26
russia-belgorod-region	Russia  Belgorod region	50º 46' N	37º 27' E	Not Known	Urban and Rural	Bone Marrow Registry	Caucasoid	North-East Asia	153	2022	https://www.allelefrequencies.net/pop6001c.asp?pop_name=Russia%20%20Belgorod%20region	2026-08-26
russia-adygei-kir	Russia Adygei KIR	45º 0' N	39º 0' E	Not Known	Rural	Anthropology Study	Caucasoid	North-East Asia	54	2006	https://www.allelefrequencies.net/pop6001c.asp?pop_name=Russia%20Adygei%20KIR	2026-08-26
russia-arkhangelsk	Russia Arkhangelsk	65º 0' N	41º 0' E	Grandparents live at same location	Rural	Anthropology Study	Caucasoid	North-East Asia	81	1998	https://www.allelefrequencies.net/pop6001c.asp?pop_name=Russia%20Arkhangelsk	2026-08-26
russia-arkhangelsk-pomor	Russia Arkhangelsk Pomor	64º 0' N	64º 0' E	Grandparents live at same location	Urban	Anthropology Study	Caucasoid	North-East Asia	63	1998	https://www.allelefrequencies.net/pop6001c.asp?pop_name=Russia%20Arkhangelsk%20Pomor	2026-08-26
russia-bashkortostan-bashkirs	Russia Bashkortostan, Bashkirs	54º 0' N	55º 0' E	Not Known	Urban and Rural	Bone Marrow Registry	Unknown	North-East Asia	120	2020	https://www.allelefrequencies.net/pop6001c.asp?pop_name=Russia%20Bashkortostan%2C%20Bashkirs	2026-08-26
russia-bashkortostan-tatars	Russia Bashkortostan, Tatars	54º 13' N	56º 9' E	Not Known	Urban and Rural	Bone Marrow Registry	Unknown	North-East Asia	192	2020	https://www.allelefrequencies.net/pop6001c.asp?pop_name=Russia%20Bashkortostan%2C%20Tatars	2026-08-26
russia-bering-island-aleuts	Russia Bering  Island Aleuts	55º 0' N	166º 15' E	Grandparents live at same location	Rural	Anthropology Study	Other	North-East Asia	104	2019	https://www.allelefrequencies.net/pop6001c.asp?pop_name=Russia%20Bering%20%20Island%20Aleuts	2026-08-26
russia-chechens-kir	Russia Chechens KIR	45º 0' N	46º 0' E	Not Known	Unknown	Blood Donor	Caucasoid	North-East Asia	48	2010	https://www.allelefrequencies.net/pop6001c.asp?pop_name=Russia%20Chechens%20KIR	2026-08-26
russia-chuvash	Russia Chuvash	58º 0' N	43º 0' E	Not Known	Rural	Anthropology Study	Caucasoid	North-East Asia	82	2003	https://www.allelefrequencies.net/pop6001c.asp?pop_name=Russia%20Chuvash	2026-08-26
russia-karelia	Russia Karelia	63º 9' N	32º 59' E	Not Known	Urban and Rural	Bone Marrow Registry	Caucasoid	North-East Asia	1075	2017	https://www.allelefrequencies.net/pop6001c.asp?pop_name=Russia%20Karelia	2026-08-26
russia-kostroma-region	Russia Kostroma Region	58º 0' N	41º 0' E	Parents live at same location	Rural	Anthropology Study	Caucasoid	North-East Asia	126	1999	https://www.allelefrequencies.net/pop6001c.asp?pop_name=Russia%20Kostroma%20Region	2026-08-26
russia-mari	Russia Mari	57º 0' N	47º 0' E	Parents live at same location	Rural	Anthropology Study	Caucasoid	North-East Asia	202	1999	https://www.allelefrequencies.net/pop6001c.asp?pop_name=Russia%20Mari	2026-08-26
russia-moscow	Russia Moscow	55º 45' N	37º 37' E	Not Known	Urban and Rural	Other	Caucasoid	North-East Asia	2650	2009	https://www.allelefrequencies.net/pop6001c.asp?pop_name=Russia%20Moscow	2026-08-26
russia-moscow-kir	Russia Moscow  KIR	55º 39' N	37º 29' E	Not Known	Urban and Rural		Caucasoid	North-East Asia	84	2016	https://www.allelefrequencies.net/pop6001c.asp?pop_name=Russia%20Moscow%20%20KIR	2026-08-26
russia-moscow-bashkir	Russia Moscow Bashkir	55º 46' N	37º 41' E	Not Known	Unknown	Other	Caucasoid	North-East Asia	442	2024	https://www.allelefrequencies.net/pop6001c.asp?pop_name=Russia%20Moscow%20Bashkir	2026-08-26
russia-moscow-buryat	Russia Moscow Buryat	55º 46' N	37º 41' E	Not Known	Unknown	Other	Caucasoid	North-East Asia	149	2024	https://www.allelefrequencies.net/pop6001c.asp?pop_name=Russia%20Moscow%20Buryat	2026-08-26
russia-moscow-cytokine	Russia Moscow Cytokine	55º 45' N	37º 36' E	Parents live at same location	Urban	Controls for Disease Study	Caucasoid	North-East Asia	228	2016	https://www.allelefrequencies.net/pop6001c.asp?pop_name=Russia%20Moscow%20Cytokine	2026-08-26
russia-moscow-kabardin	Russia Moscow Kabardin	55º 46' N	37º 41' E	Not Known	Unknown	Other	Caucasoid	North-East Asia	834	2024	https://www.allelefrequencies.net/pop6001c.asp?pop_name=Russia%20Moscow%20Kabardin	2026-08-26
russia-moscow-kalmyk	Russia Moscow Kalmyk	55º 46' N	37º 41' E	Not Known	Unknown	Other	Caucasoid	North-East Asia	120	2024	https://www.allelefrequencies.net/pop6001c.asp?pop_name=Russia%20Moscow%20Kalmyk	2026-08-26
russia-moscow-kazakh	Russia Moscow Kazakh	55º 46' N	37º 41' E	Not Known	Unknown	Other	Caucasoid	North-East Asia	299	2024	https://www.allelefrequencies.net/pop6001c.asp?pop_name=Russia%20Moscow%20Kazakh	2026-08-26
russia-moscow-mansi	Russia Moscow Mansi	55º 46' N	37º 41' E	Not Known	Unknown	Other	Caucasoid	North-East Asia	38	2024	https://www.allelefrequencies.net/pop6001c.asp?pop_name=Russia%20Moscow%20Mansi	2026-08-26
russia-moscow-megrel	Russia Moscow Megrel	55º 46' N	37º 41' E	Not Known	Unknown	Other	Caucasoid	North-East Asia	230	2024	https://www.allelefrequencies.net/pop6001c.asp?pop_name=Russia%20Moscow%20Megrel	2026-08-26
russia-moscow-pop-2	Russia Moscow Pop 2	55º 45' N	37º 37' E	Not Known	Urban and Rural	Bone Marrow Registry	Caucasoid	North-East Asia	2000	2015	https://www.allelefrequencies.net/pop6001c.asp?pop_name=Russia%20Moscow%20Pop%202	2026-08-26
russia-moscow-russians	Russia Moscow Russians	55º 46' N	37º 41' E	Not Known	Unknown	Other	Caucasoid	North-East Asia	13147	2024	https://www.allelefrequencies.net/pop6001c.asp?pop_name=Russia%20Moscow%20Russians	2026-08-26
russia-moscow-similar-genetically-to-azerbaijan	Russia Moscow Similar genetically to Azerbaijan	55º 46' N	37º 41' E	Not Known	Unknown	Other	Caucasoid	North-East Asia	170	2024	https://www.allelefrequencies.net/pop6001c.asp?pop_name=Russia%20Moscow%20Similar%20genetically%20to%20Azerbaijan	2026-08-26
russia-moscow-tatars	Russia Moscow Tatars	55º 46' N	37º 41' E	Not Known	Unknown	Other	Caucasoid	North-East Asia	2512	2024	https://www.allelefrequencies.net/pop6001c.asp?pop_name=Russia%20Moscow%20Tatars	2026-08-26
russia-moscow-tuvian	Russia Moscow Tuvian	55º 46' N	37º 41' E	Not Known	Unknown	Other	Caucasoid	North-East Asia	112	2024	https://www.allelefrequencies.net/pop6001c.asp?pop_name=Russia%20Moscow%20Tuvian	2026-08-26
russia-moscow-uzbek	Russia Moscow Uzbek	55º 46' N	37º 41' E	Not Known	Unknown	Other	Caucasoid	North-East Asia	198	2024	https://www.allelefrequencies.net/pop6001c.asp?pop_name=Russia%20Moscow%20Uzbek	2026-08-26
russia-moscow-yakut	Russia Moscow Yakut	55º 46' N	37º 41' E	Not Known	Unknown	Other	Caucasoid	North-East Asia	235	2024	https://www.allelefrequencies.net/pop6001c.asp?pop_name=Russia%20Moscow%20Yakut	2026-08-26
russia-murmansk-saomi-mixed	Russia Murmansk Saomi Mixed	68º 58' N	33º 5' E	Grandparents live at same location	Rural	Anthropology Study	Mixed	North-East Asia	70	1997	https://www.allelefrequencies.net/pop6001c.asp?pop_name=Russia%20Murmansk%20Saomi%20Mixed	2026-08-26
russia-nenet-mixed	Russia Nenet Mixed	67º 5' N	52º 0' E	Grandparents live at same location	Rural	Anthropology Study	Mixed	North-East Asia	55	1996	https://www.allelefrequencies.net/pop6001c.asp?pop_name=Russia%20Nenet%20Mixed	2026-08-26
russia-nizhny-novgorod-russians	Russia Nizhny Novgorod, Russians	56º 19' N	43º 59' E	Not Known	Urban and Rural	Bone Marrow Registry	Unknown	North-East Asia	1510	2020	https://www.allelefrequencies.net/pop6001c.asp?pop_name=Russia%20Nizhny%20Novgorod%2C%20Russians	2026-08-26
russia-north-ossetian	Russia North Ossetian	43º 2' N	44º 40' E	Parents live at same location	Urban and Rural	Bone Marrow Registry	Other	North-East Asia	127	2017	https://www.allelefrequencies.net/pop6001c.asp?pop_name=Russia%20North%20Ossetian	2026-08-26
russia-northwest	Russia Northwest	58º 0' N	28º 0' E	Not Known	Urban	Blood Donor	Caucasoid	North-East Asia	1011 (DQA1 = 78, DQB1 = 82, DRB1 = 346)	2002	https://www.allelefrequencies.net/pop6001c.asp?pop_name=Russia%20Northwest	2026-08-26
russia-northwest-slavic	Russia Northwest Slavic	58º 0' N	28º 0' E	Not Known	Urban	Blood Donor	Caucasoid	North-East Asia	200	1998	https://www.allelefrequencies.net/pop6001c.asp?pop_name=Russia%20Northwest%20Slavic	2026-08-26
russia-northwest-pop-3	Russia Northwest pop  3	59º 58' N	30º 18' E	Not Known	Unknown	Bone Marrow Registry	Caucasoid	North-East Asia	100	2011	https://www.allelefrequencies.net/pop6001c.asp?pop_name=Russia%20Northwest%20pop%20%203	2026-08-26
russia-northwest-pop-2	Russia Northwest pop 2	63º 0' N	41º 0' E	Not Known	Unknown	Controls for Disease Study	Caucasoid	North-East Asia	346 (A = 890, B = 890, DQB1 = 82)	2008	https://www.allelefrequencies.net/pop6001c.asp?pop_name=Russia%20Northwest%20pop%202	2026-08-26
russia-northwest-pop-3-kir	Russia Northwest pop 3 KIR	59º 58' N	30º 18' E	Not Known	Unknown	Bone Marrow Registry	Caucasoid	North-East Asia	100	2011	https://www.allelefrequencies.net/pop6001c.asp?pop_name=Russia%20Northwest%20pop%203%20KIR	2026-08-26
russia-sakhalin-island-nivkhi	Russia Sakhalin Island Nivkhi	51º 0' N	143º 0' E	Not Known	Unknown	Anthropology Study	Siberian	North-East Asia	53	1997	https://www.allelefrequencies.net/pop6001c.asp?pop_name=Russia%20Sakhalin%20Island%20Nivkhi	2026-08-26
russia-samara-region	Russia Samara Region	53º 11' N	50º 7' E	Not Known	Urban and Rural	Other	Caucasoid	North-East Asia	2500	2006	https://www.allelefrequencies.net/pop6001c.asp?pop_name=Russia%20Samara%20Region	2026-08-26
russia-siberia-chukchi	Russia Siberia Chukchi	66º 0' N	172º 0' W	Not Known	Rural	Controls for Disease Study	Siberian	North-East Asia	71 (DQA1 = 69, DRB1 = 61)	1995	https://www.allelefrequencies.net/pop6001c.asp?pop_name=Russia%20Siberia%20Chukchi	2026-08-26
russia-siberia-chukotka-peninsula-chukchi	Russia Siberia Chukotka Peninsula Chukchi	66º 0' N	172º 0' W	Not Known	Rural	Anthropology Study	Siberian	North-East Asia	59	1997	https://www.allelefrequencies.net/pop6001c.asp?pop_name=Russia%20Siberia%20Chukotka%20Peninsula%20Chukchi	2026-08-26
russia-siberia-chukotka-peninsula-eskimo	Russia Siberia Chukotka Peninsula Eskimo	66º 0' N	172º 0' W	Not Known	Rural	Anthropology Study	Siberian	North-East Asia	80	1997	https://www.allelefrequencies.net/pop6001c.asp?pop_name=Russia%20Siberia%20Chukotka%20Peninsula%20Eskimo	2026-08-26
russia-siberia-dudinka-nganasan	Russia Siberia Dudinka Nganasan	69º 24' N	86º 11' E	Not Known	Urban	Anthropology Study	Siberian	North-East Asia	24	2003	https://www.allelefrequencies.net/pop6001c.asp?pop_name=Russia%20Siberia%20Dudinka%20Nganasan	2026-08-26
russia-siberia-eskimo	Russia Siberia Eskimo	66º 0' N	172º 0' W	Not Known	Rural	Controls for Disease Study	Siberian	North-East Asia	70 (DQB1 = 59, DRB1 = 54)	1995	https://www.allelefrequencies.net/pop6001c.asp?pop_name=Russia%20Siberia%20Eskimo	2026-08-26
russia-siberia-gvaysugi-udege	Russia Siberia Gvaysugi Udege	43º 8' N	131º 54' E	Not Known	Rural	Anthropology Study	Siberian	North-East Asia	25	1997	https://www.allelefrequencies.net/pop6001c.asp?pop_name=Russia%20Siberia%20Gvaysugi%20Udege	2026-08-26
russia-siberia-irkutsk-tofalar	Russia Siberia Irkutsk Tofalar	52º 17' N	104º 18' E	Not Known	Rural	Anthropology Study	Siberian	North-East Asia	43	2000	https://www.allelefrequencies.net/pop6001c.asp?pop_name=Russia%20Siberia%20Irkutsk%20Tofalar	2026-08-26
russia-siberia-khabarovsk-evenki	Russia Siberia Khabarovsk Evenki	48º 29' N	135º 4' E	Not Known	Rural	Anthropology Study	Siberian	North-East Asia	25	2000	https://www.allelefrequencies.net/pop6001c.asp?pop_name=Russia%20Siberia%20Khabarovsk%20Evenki	2026-08-26
russia-siberia-khanty-mansi	Russia Siberia Khanty Mansi	61º 0' N	69º 0' E	Not Known	Rural	Anthropology Study	Siberian	North-East Asia	68	2000	https://www.allelefrequencies.net/pop6001c.asp?pop_name=Russia%20Siberia%20Khanty%20Mansi	2026-08-26
russia-siberia-kushun-buryat	Russia Siberia Kushun Buryat	54º 54' N	99º 2' E	Not Known	Rural	Anthropology Study	Siberian	North-East Asia	25	1998	https://www.allelefrequencies.net/pop6001c.asp?pop_name=Russia%20Siberia%20Kushun%20Buryat	2026-08-26
russia-siberia-lower-yenisey-ket	Russia Siberia Lower Yenisey Ket	59º 12' N	88º 34' E	Not Known	Rural	Anthropology Study	Siberian	North-East Asia	17	2003	https://www.allelefrequencies.net/pop6001c.asp?pop_name=Russia%20Siberia%20Lower%20Yenisey%20Ket	2026-08-26
russia-siberia-nw-of-sakhalin-island-nivkh	Russia Siberia NW of Sakhalin Island Nivkh	51º 0' N	143º 0' E	Not Known	Rural	Anthropology Study	Siberian	North-East Asia	32	1997	https://www.allelefrequencies.net/pop6001c.asp?pop_name=Russia%20Siberia%20NW%20of%20Sakhalin%20Island%20Nivkh	2026-08-26
russia-siberia-negidal	Russia Siberia Negidal	51º 0' N	131º 4' E	Not Known	Rural	Anthropology Study	Siberian	North-East Asia	35	1999	https://www.allelefrequencies.net/pop6001c.asp?pop_name=Russia%20Siberia%20Negidal	2026-08-26
russia-siberia-north-east-kamchatka-koryak	Russia Siberia North East Kamchatka Koryak	60º 19' N	165º 50' E	Not Known	Rural	Anthropology Study	Siberian	North-East Asia	92	1997	https://www.allelefrequencies.net/pop6001c.asp?pop_name=Russia%20Siberia%20North%20East%20Kamchatka%20Koryak	2026-08-26
russia-siberia-polygus-evenk	Russia Siberia Polygus Evenk	60º 0' N	98º 0' E	Not Known	Rural	Anthropology Study	Siberian	North-East Asia	35	1997	https://www.allelefrequencies.net/pop6001c.asp?pop_name=Russia%20Siberia%20Polygus%20Evenk	2026-08-26
russia-siberia-sulamai-ket	Russia Siberia Sulamai Ket	60º 1' N	93º 4' E	Not Known	Rural	Anthropology Study	Siberian	North-East Asia	22	1997	https://www.allelefrequencies.net/pop6001c.asp?pop_name=Russia%20Siberia%20Sulamai%20Ket	2026-08-26
russia-siberia-ulchi	Russia Siberia Ulchi	52º 0' N	136º 0' E	Not Known	Rural	Anthropology Study	Siberian	North-East Asia	73	2000	https://www.allelefrequencies.net/pop6001c.asp?pop_name=Russia%20Siberia%20Ulchi	2026-08-26
russia-siberia-yakut-kir	Russia Siberia Yakut KIR	74º 0' N	105º 0' E	Not Known	Rural	Anthropology Study	Siberian	North-East Asia	51	2006	https://www.allelefrequencies.net/pop6001c.asp?pop_name=Russia%20Siberia%20Yakut%20KIR	2026-08-26
russia-smolensk	Russia Smolensk	56º 0' N	33º 0' E	Parents live at same location	Rural	Anthropology Study	Caucasoid	North-East Asia	156	2003	https://www.allelefrequencies.net/pop6001c.asp?pop_name=Russia%20Smolensk	2026-08-26
russia-south-ural-bashkir	Russia South Ural Bashkir	54º 32' N	60º 20' E	Grandparents live at same location	Urban and Rural	Anthropology Study	Other	North-East Asia	146	2007	https://www.allelefrequencies.net/pop6001c.asp?pop_name=Russia%20South%20Ural%20Bashkir	2026-08-26
russia-south-ural-russian	Russia South Ural Russian	54º 32' N	60º 20' E	Parents live at same location	Urban and Rural	Anthropology Study	Caucasoid	North-East Asia	207	2007	https://www.allelefrequencies.net/pop6001c.asp?pop_name=Russia%20South%20Ural%20Russian	2026-08-26
russia-south-ural-tatar	Russia South Ural Tatar	54º 32' N	60º 20' E	Parents live at same location	Urban and Rural	Anthropology Study	Other	North-East Asia	135	2007	https://www.allelefrequencies.net/pop6001c.asp?pop_name=Russia%20South%20Ural%20Tatar	2026-08-26
russia-tatars	Russia Tatars	61º 59' N	96º 41' E	Parents live at same location	Urban and Rural	Bone Marrow Registry	Caucasoid	North-East Asia	355	2012	https://www.allelefrequencies.net/pop6001c.asp?pop_name=Russia%20Tatars	2026-08-26
russia-transbaikal-territory-buryats	Russia Transbaikal Territory Buryats	54º 16' N	118º 16' E	Not Known	Urban and Rural	Bone Marrow Registry	Other	North-East Asia	150	2019	https://www.allelefrequencies.net/pop6001c.asp?pop_name=Russia%20Transbaikal%20Territory%20Buryats	2026-08-26
russia-tundra-nentsi-na-dhs-1-g	Russia Tundra Nentsi NA-DHS_1 (G)	66º 0' N	76º 0' E	Not Known	Rural	Anthropology Study	Siberian	North-East Asia	16 (C = 15)	2008	https://www.allelefrequencies.net/pop6001c.asp?pop_name=Russia%20Tundra%20Nentsi%20NA-DHS_1%20%28G%29	2026-08-26
russia-tuva	Russia Tuva	51º 47' N	94º 41' E	Not Known	Rural	Anthropology Study	Siberian	North-East Asia	190	2001	https://www.allelefrequencies.net/pop6001c.asp?pop_name=Russia%20Tuva	2026-08-26
russia-tuva-todja	Russia Tuva Todja	51º 30' N	95º 5' E	Not Known	Urban	Anthropology Study	Siberian	North-East Asia	22	2000	https://www.allelefrequencies.net/pop6001c.asp?pop_name=Russia%20Tuva%20Todja	2026-08-26
russia-tuva-pop-2	Russia Tuva pop 2	51º 30' N	95º 5' E	Not Known	Rural	Anthropology Study	Siberian	North-East Asia	169	2000	https://www.allelefrequencies.net/pop6001c.asp?pop_name=Russia%20Tuva%20pop%202	2026-08-26
russia-tuva-pop3	Russia Tuva pop3	51º 30' N	95º 5' E	Not Known	Urban and Rural	Anthropology Study	Siberian	North-East Asia	44	2000	https://www.allelefrequencies.net/pop6001c.asp?pop_name=Russia%20Tuva%20pop3	2026-08-26
russia-vologda	Russia Vologda	59º 0' N	40º 0' E	Parents live at same location	Rural	Anthropology Study	Caucasoid	North-East Asia	121	2000	https://www.allelefrequencies.net/pop6001c.asp?pop_name=Russia%20Vologda	2026-08-26
russia-vologda-kir	Russia Vologda KIR	59º 13' N	39º 54' E	Not Known	Rural	Anthropology Study	Caucasoid	North-East Asia	47	2006	https://www.allelefrequencies.net/pop6001c.asp?pop_name=Russia%20Vologda%20KIR	2026-08-26
russia-south-ural-chelyabinsk-region-nagaybaks	Russia, South Ural, Chelyabinsk region, Nagaybaks	53º 37' N	59º 40' E	Parents live at same location	Rural	Anthropology Study	Caucasoid	North-East Asia	112	2012	https://www.allelefrequencies.net/pop6001c.asp?pop_name=Russia%2C%20South%20Ural%2C%20Chelyabinsk%20region%2C%20Nagaybaks	2026-08-26
russian-federation-vologda-region	Russian Federation Vologda Region	59º 13' N	39º 54' E	Not Known	Urban and Rural	Bone Marrow Registry	Caucasoid	North-East Asia	119	2022	https://www.allelefrequencies.net/pop6001c.asp?pop_name=Russian%20Federation%20Vologda%20Region	2026-08-26
rwanda	Rwanda	1º 57' S	30º 4' E	Not Known	Unknown	Disease Study Patients	Black	Sub-Saharan Africa	280	1999	https://www.allelefrequencies.net/pop6001c.asp?pop_name=Rwanda	2026-08-26
rwanda-kigali-hutu-and-tutsi	Rwanda Kigali Hutu and Tutsi	1º 57' S	30º 4' E	Not Known	Urban	Anthropology Study	Black	Sub-Saharan Africa	281	2002	https://www.allelefrequencies.net/pop6001c.asp?pop_name=Rwanda%20Kigali%20Hutu%20and%20Tutsi	2026-08-26
samoa	Samoa	13º 50' S	171º 45' W	Not Known	Rural	Anthropology Study	Polynesian	Oceania	29	1999	https://www.allelefrequencies.net/pop6001c.asp?pop_name=Samoa	2026-08-26
samoa-kir	Samoa KIR	13º 50' S	171º 45' W	Grandparents live at same location	Rural	Anthropology Study	Polynesian	Oceania	50	2005	https://www.allelefrequencies.net/pop6001c.asp?pop_name=Samoa%20KIR	2026-08-26
samoa-west	Samoa West	13º 50' S	171º 45' W	Not Known	Rural	Anthropology Study	Polynesian	Oceania	22	1998	https://www.allelefrequencies.net/pop6001c.asp?pop_name=Samoa%20West	2026-08-26
samoa-pop-3	Samoa pop 3	13º 50' S	171º 45' W	Not Known	Rural	Anthropology Study	Polynesian	Oceania	65	2000	https://www.allelefrequencies.net/pop6001c.asp?pop_name=Samoa%20pop%203	2026-08-26
samoa-pop2	Samoa pop2	13º 50' S	171º 45' W	Not Known	Rural	Anthropology Study	Polynesian	Oceania	50	2000	https://www.allelefrequencies.net/pop6001c.asp?pop_name=Samoa%20pop2	2026-08-26
sao-tome-island-angolar	Sao Tome Island Angolar	0º 20' N	6º 44' E	Not Known	Rural	Anthropology Study	Black	Sub-Saharan Africa	32	2008	https://www.allelefrequencies.net/pop6001c.asp?pop_name=Sao%20Tome%20Island%20Angolar	2026-08-26
sao-tome-island-forro	Sao Tome Island Forro	0º 20' N	6º 44' E	Not Known	Rural	Anthropology Study	Black	Sub-Saharan Africa	66	2008	https://www.allelefrequencies.net/pop6001c.asp?pop_name=Sao%20Tome%20Island%20Forro	2026-08-26
saudi-arabia	Saudi Arabia	24º 42' N	46º 43' E	Not Known	Unknown	Controls for Disease Study	Arab	Western Asia	18	1998	https://www.allelefrequencies.net/pop6001c.asp?pop_name=Saudi%20Arabia	2026-08-26
saudi-arabia-al-baha-g	Saudi Arabia Al-Baha (G)	20º 0' N	41º 28' E	Not Known	Urban	Bone Marrow Registry	Arab	Western Asia	86	2021	https://www.allelefrequencies.net/pop6001c.asp?pop_name=Saudi%20Arabia%20Al-Baha%20%28G%29	2026-08-26
saudi-arabia-al-madinah-g	Saudi Arabia Al-Madinah (G)	24º 28' N	39º 36' E	Not Known	Urban	Bone Marrow Registry	Arab	Western Asia	102	2021	https://www.allelefrequencies.net/pop6001c.asp?pop_name=Saudi%20Arabia%20Al-Madinah%20%28G%29	2026-08-26
saudi-arabia-guraiat-and-hail	Saudi Arabia Guraiat and Hail	27º 31' N	41º 41' E	Not Known	Urban and Rural	Anthropology Study	Arab	Western Asia	213 (DQB1 = 125)	2006	https://www.allelefrequencies.net/pop6001c.asp?pop_name=Saudi%20Arabia%20Guraiat%20and%20Hail	2026-08-26
saudi-arabia-jeddah-g	Saudi Arabia Jeddah (G)	21º 32' N	39º 10' E	Not Known	Urban	Bone Marrow Registry	Arab	Western Asia	476	2021	https://www.allelefrequencies.net/pop6001c.asp?pop_name=Saudi%20Arabia%20Jeddah%20%28G%29	2026-08-26
saudi-arabia-kir	Saudi Arabia KIR	24º 42' N	46º 43' E	Not Known	Unknown	Blood Donor	Arab	Western Asia	162	2007	https://www.allelefrequencies.net/pop6001c.asp?pop_name=Saudi%20Arabia%20KIR	2026-08-26
saudi-arabia-kir-pop-2	Saudi Arabia KIR pop 2	24º 43' N	46º 48' E	Grandparents live at same location	Urban		Arab	Western Asia	148	2013	https://www.allelefrequencies.net/pop6001c.asp?pop_name=Saudi%20Arabia%20KIR%20pop%202	2026-08-26
saudi-arabia-kir-pop-3	Saudi Arabia KIR pop 3	25º 0' N	45º 0' E	Not Known	Unknown	Controls for Disease Study	Arab	Western Asia	65	2010	https://www.allelefrequencies.net/pop6001c.asp?pop_name=Saudi%20Arabia%20KIR%20pop%203	2026-08-26
saudi-arabia-makkah-g	Saudi Arabia Makkah (G)	21º 25' N	39º 49' E	Not Known	Urban	Bone Marrow Registry	Arab	Western Asia	344	2021	https://www.allelefrequencies.net/pop6001c.asp?pop_name=Saudi%20Arabia%20Makkah%20%28G%29	2026-08-26
saudi-arabia-riyadh-kir	Saudi Arabia Riyadh KIR	24º 38' N	46º 43' E	Not Known	Urban	Controls for Disease Study	Arab	Western Asia	152	2016	https://www.allelefrequencies.net/pop6001c.asp?pop_name=Saudi%20Arabia%20Riyadh%20KIR	2026-08-26
saudi-arabia-riyadh-mic	Saudi Arabia Riyadh MIC	24º 42' N	46º 43' E	Not Known	Unknown	Anthropology Study	Arab	Western Asia	18	1996	https://www.allelefrequencies.net/pop6001c.asp?pop_name=Saudi%20Arabia%20Riyadh%20MIC	2026-08-26
saudi-arabia-taif-g	Saudi Arabia Taif (G)	21º 16' N	40º 24' E	Not Known	Urban	Bone Marrow Registry	Arab	Western Asia	104	2021	https://www.allelefrequencies.net/pop6001c.asp?pop_name=Saudi%20Arabia%20Taif%20%28G%29	2026-08-26
saudi-arabia-pop-2	Saudi Arabia pop 2	24º 42' N	46º 43' E	Not Known	Urban	Controls for Disease Study	Arab	Western Asia	383	2006	https://www.allelefrequencies.net/pop6001c.asp?pop_name=Saudi%20Arabia%20pop%202	2026-08-26
saudi-arabia-pop-3	Saudi Arabia pop 3	24º 42' N	46º 43' E	Not Known	Unknown	Anthropology Study	Arab	Western Asia	50	2001	https://www.allelefrequencies.net/pop6001c.asp?pop_name=Saudi%20Arabia%20pop%203	2026-08-26
saudi-arabia-pop-4	Saudi Arabia pop 4	24º 38' N	46º 43' E	Grandparents live at same location	Urban and Rural	Bone Marrow Registry	Arab	Western Asia	499	2012	https://www.allelefrequencies.net/pop6001c.asp?pop_name=Saudi%20Arabia%20pop%204	2026-08-26
saudi-arabia-pop-5	Saudi Arabia pop 5	24º 38' N	46º 43' E	Not Known	Urban and Rural	Anthropology Study	Arab	Western Asia	158	2013	https://www.allelefrequencies.net/pop6001c.asp?pop_name=Saudi%20Arabia%20pop%205	2026-08-26
saudi-arabia-pop-6-g	Saudi Arabia pop 6 (G)	23º 52' N	45º 4' E	Not Known	Unknown	Bone Marrow Registry	Arab	Western Asia	28927	2019	https://www.allelefrequencies.net/pop6001c.asp?pop_name=Saudi%20Arabia%20pop%206%20%28G%29	2026-08-26
scotland-orkney	Scotland Orkney	58º 59' N	3º 11' W	Grandparents live at same location	Rural	Anthropology Study	Caucasoid	Europe	99	1998	https://www.allelefrequencies.net/pop6001c.asp?pop_name=Scotland%20Orkney	2026-08-26
scotland-orkney-kir	Scotland Orkney KIR	59º 0' N	3º 0' W	Grandparents live at same location	Rural	Anthropology Study	Caucasoid	Europe	90	2007	https://www.allelefrequencies.net/pop6001c.asp?pop_name=Scotland%20Orkney%20KIR	2026-08-26
senegal-dakar	Senegal Dakar	15º 0' N	17º 0' W	Not Known	Rural	Anthropology Study	Black	Sub-Saharan Africa	112 (DRB1 = 45)	1996	https://www.allelefrequencies.net/pop6001c.asp?pop_name=Senegal%20Dakar	2026-08-26
senegal-kir	Senegal KIR	14º 0' N	16º 0' W	Not Known	Unknown	Anthropology Study	Black	Sub-Saharan Africa	118	2004	https://www.allelefrequencies.net/pop6001c.asp?pop_name=Senegal%20KIR	2026-08-26
senegal-niokholo-mandenka	Senegal Niokholo Mandenka	12º 35' N	12º 9' W	Not Known	Rural	Anthropology Study	Black	Sub-Saharan Africa	165	1999	https://www.allelefrequencies.net/pop6001c.asp?pop_name=Senegal%20Niokholo%20Mandenka	2026-08-26
serbia	Serbia	44º 28' N	20º 28' E	Parents live at same location	Urban and Rural	Bone Marrow Registry	Caucasoid	Europe	386 (A = 291, B = 291, C = 125)	2006	https://www.allelefrequencies.net/pop6001c.asp?pop_name=Serbia	2026-08-26
serbia-vojvodina	Serbia Vojvodina	44º 13' N	20º 47' E	Not Known	Urban and Rural	Other	Caucasoid	Europe	400	2014	https://www.allelefrequencies.net/pop6001c.asp?pop_name=Serbia%20Vojvodina	2026-08-26
serbia-vojvodina-kir	Serbia Vojvodina KIR	45º 15' N	19º 51' E	Parents live at same location	Urban and Rural		Caucasoid	Europe	134	2013	https://www.allelefrequencies.net/pop6001c.asp?pop_name=Serbia%20Vojvodina%20KIR	2026-08-26
serbia-pop-2	Serbia pop 2	44º 13' N	20º 47' E	Not Known	Urban and Rural	Bone Marrow Registry	Caucasoid	Europe	102	2009	https://www.allelefrequencies.net/pop6001c.asp?pop_name=Serbia%20pop%202	2026-08-26
serbia-pop-3	Serbia pop 3	44º 49' N	20º 28' E	Not Known	Unknown	Bone Marrow Registry	Caucasoid	Europe	1992 (C = 159, DQB1 = 159)	2010	https://www.allelefrequencies.net/pop6001c.asp?pop_name=Serbia%20pop%203	2026-08-26
singapore-chinese	Singapore Chinese	1º 24' N	103º 45' E	Not Known	Urban	Blood Donor	Oriental	South-East Asia	149	2000	https://www.allelefrequencies.net/pop6001c.asp?pop_name=Singapore%20Chinese	2026-08-26
singapore-chinese-cytokine	Singapore Chinese Cytokine	1º 24' N	103º 45' E	Not Known	Urban	Blood Donor	Oriental	South-East Asia	83	2002	https://www.allelefrequencies.net/pop6001c.asp?pop_name=Singapore%20Chinese%20Cytokine	2026-08-26
singapore-chinese-han	Singapore Chinese Han	1º 17' N	103º 51' E	Not Known	Urban	Anthropology Study	Oriental	South-East Asia	94	2002	https://www.allelefrequencies.net/pop6001c.asp?pop_name=Singapore%20Chinese%20Han	2026-08-26
singapore-chinese-kir	Singapore Chinese KIR	1º 22' N	103º 48' E	Not Known	Urban	Blood Donor	Oriental	South-East Asia	47	2004	https://www.allelefrequencies.net/pop6001c.asp?pop_name=Singapore%20Chinese%20KIR	2026-08-26
singapore-chinese-kir-pop-2	Singapore Chinese KIR pop 2	1º 22' N	103º 48' E	Not Known	Urban	Anthropology Study	Oriental	South-East Asia	210	2007	https://www.allelefrequencies.net/pop6001c.asp?pop_name=Singapore%20Chinese%20KIR%20pop%202	2026-08-26
singapore-indians-kir	Singapore Indians KIR	1º 22' N	103º 48' E	Not Known	Urban	Anthropology Study	Oriental	South-East Asia	80	2007	https://www.allelefrequencies.net/pop6001c.asp?pop_name=Singapore%20Indians%20KIR	2026-08-26
singapore-javaneses	Singapore Javaneses	1º 24' N	103º 45' E	Not Known	Urban	Anthropology Study	Austronesian	South-East Asia	51	2002	https://www.allelefrequencies.net/pop6001c.asp?pop_name=Singapore%20Javaneses	2026-08-26
singapore-malays-kir	Singapore Malays KIR	1º 22' N	103º 48' E	Not Known	Urban	Anthropology Study	Oriental	South-East Asia	80	2007	https://www.allelefrequencies.net/pop6001c.asp?pop_name=Singapore%20Malays%20KIR	2026-08-26
singapore-riau-malay	Singapore Riau Malay	1º 24' N	103º 45' E	Not Known	Rural	Anthropology Study	Austronesian	South-East Asia	132	2002	https://www.allelefrequencies.net/pop6001c.asp?pop_name=Singapore%20Riau%20Malay	2026-08-26
singapore-sgvp-chinese-chs	Singapore SGVP Chinese CHS	1º 21' N	103º 50' E	Grandparents live at same location	Urban	Other	Oriental	South-East Asia	96 (A = 184, B = 186, C = 188, DPA1 = 186, DPB1 = 158, DQA1 = 47, DQB1 = 107, DRB1 = 20)	2013	https://www.allelefrequencies.net/pop6001c.asp?pop_name=Singapore%20SGVP%20Chinese%20CHS	2026-08-26
singapore-sgvp-malay-mas	Singapore SGVP Malay MAS	1º 21' N	103º 50' E	Grandparents live at same location	Urban	Other	Oriental	South-East Asia	89 (A = 168, B = 168, C = 178, DPA1 = 176, DPB1 = 110, DQA1 = 66, DQB1 = 91, DRB1 = 27)	2013	https://www.allelefrequencies.net/pop6001c.asp?pop_name=Singapore%20SGVP%20Malay%20MAS	2026-08-26
singapore-sgvp-indian-ins	Singapore SGVP. Indian INS	1º 21' N	103º 50' E	Grandparents live at same location	Urban	Other	Asian	South-East Asia	86 (A = 161, B = 160, C = 162, DPA1 = 164, DPB1 = 138, DQA1 = 88, DQB1 = 103, DRB1 = 31)	2013	https://www.allelefrequencies.net/pop6001c.asp?pop_name=Singapore%20SGVP.%20Indian%20INS	2026-08-26
singapore-thai	Singapore Thai	1º 24' N	103º 45' E	Not Known	Urban	Anthropology Study	Oriental	South-East Asia	100	2002	https://www.allelefrequencies.net/pop6001c.asp?pop_name=Singapore%20Thai	2026-08-26
slovakia	Slovakia	48º 42' N	19º 28' E	Not Known	Urban and Rural	Bone Marrow Registry	Caucasoid	Europe	146	2000	https://www.allelefrequencies.net/pop6001c.asp?pop_name=Slovakia	2026-08-26
slovakia-cytokine	Slovakia Cytokine	48º 42' N	19º 29' E	Not Known	Urban and Rural	Anthropology Study	Caucasoid	Europe	140	2006	https://www.allelefrequencies.net/pop6001c.asp?pop_name=Slovakia%20Cytokine	2026-08-26
slovakia-pop-2	Slovakia pop 2	48º 6' N	17º 7' E	Not Known	Urban and Rural	Bone Marrow Registry	Caucasoid	Europe	4234 (A = 3693, B = 3944, DRB1 = 3744)	2013	https://www.allelefrequencies.net/pop6001c.asp?pop_name=Slovakia%20pop%202	2026-08-26
slovenia	Slovenia	46º 15' N	15º 1' E	Not Known	Urban	Anthropology Study	Caucasoid	Europe	100	1998	https://www.allelefrequencies.net/pop6001c.asp?pop_name=Slovenia	2026-08-26
slovenia-kir	Slovenia KIR	46º 15' N	15º 1' E	Not Known	Urban and Rural	Controls for Disease Study	Caucasoid	Europe	130	2013	https://www.allelefrequencies.net/pop6001c.asp?pop_name=Slovenia%20KIR	2026-08-26
slovenia-mic	Slovenia MIC	46º 3' N	14º 30' E	Not Known	Urban and Rural	Controls for Disease Study	Caucasoid	Europe	70	2009	https://www.allelefrequencies.net/pop6001c.asp?pop_name=Slovenia%20MIC	2026-08-26
slovenia-pop-2	Slovenia pop 2	46º 3' N	14º 30' E	Not Known	Urban and Rural	Controls for Disease Study	Caucasoid	Europe	140	2001	https://www.allelefrequencies.net/pop6001c.asp?pop_name=Slovenia%20pop%202	2026-08-26
slovenia-pop-3	Slovenia pop 3	46º 3' N	14º 30' E	Not Known	Urban and Rural	Controls for Disease Study	Caucasoid	Europe	130	2014	https://www.allelefrequencies.net/pop6001c.asp?pop_name=Slovenia%20pop%203	2026-08-26
solomon-islands-kir	Solomon Islands KIR	9º 28' S	159º 49' E	Not Known	Unknown	Controls for Disease Study	Melanesian	Oceania	40	2008	https://www.allelefrequencies.net/pop6001c.asp?pop_name=Solomon%20Islands%20KIR	2026-08-26
south-africa-black-african-kir	South Africa Black African KIR	26º 8' S	28º 3' E	Not Known	Unknown	Anthropology Study	Black	Sub-Saharan Africa	167	2017	https://www.allelefrequencies.net/pop6001c.asp?pop_name=South%20Africa%20Black%20African%20KIR	2026-08-26
south-africa-cape-town-black	South Africa Cape Town Black	34º 7' S	18º 22' E	Not Known	Urban	Controls for Disease Study	Black	Sub-Saharan Africa	84	2024	https://www.allelefrequencies.net/pop6001c.asp?pop_name=South%20Africa%20Cape%20Town%20Black	2026-08-26
south-africa-carletonville-gauteng-kir	South Africa Carletonville Gauteng KIR	26º 21' S	27º 23' E	Not Known	Rural	Other	Black	Sub-Saharan Africa	81	0	https://www.allelefrequencies.net/pop6001c.asp?pop_name=South%20Africa%20Carletonville%20Gauteng%20KIR	2026-08-26
south-africa-caucasian-kir	South Africa Caucasian KIR	26º 8' S	28º 3' E	Not Known	Unknown	Anthropology Study	Caucasoid	Sub-Saharan Africa	97	2017	https://www.allelefrequencies.net/pop6001c.asp?pop_name=South%20Africa%20Caucasian%20KIR	2026-08-26
south-africa-caucasians	South Africa Caucasians	30º 0' S	25º 0' E	Not Known	Unknown	Anthropology Study	Caucasoid	Sub-Saharan Africa	102	2012	https://www.allelefrequencies.net/pop6001c.asp?pop_name=South%20Africa%20Caucasians	2026-08-26
south-africa-durban-black	South Africa Durban Black	29º 51' S	31º 0' E	Not Known	Urban and Rural	Controls for Disease Study	Black	Sub-Saharan Africa	22	2024	https://www.allelefrequencies.net/pop6001c.asp?pop_name=South%20Africa%20Durban%20Black	2026-08-26
south-africa-indian-kir	South Africa Indian KIR	26º 8' S	28º 3' E	Not Known	Unknown	Anthropology Study	Asian	Sub-Saharan Africa	50	2017	https://www.allelefrequencies.net/pop6001c.asp?pop_name=South%20Africa%20Indian%20KIR	2026-08-26
south-africa-johannesburg-black	South Africa Johannesburg Black	26º 11' S	28º 2' E	Not Known	Urban	Controls for Disease Study	Black	Sub-Saharan Africa	120 (A = 119, B = 116, DPB1 = 114, DQB1 = 118, DRB1 = 117)	2024	https://www.allelefrequencies.net/pop6001c.asp?pop_name=South%20Africa%20Johannesburg%20Black	2026-08-26
south-africa-limpopo-venda	South Africa Limpopo Venda	24º 0' S	29º 30' E	Not Known	Unknown	Controls for Disease Study	Black	Sub-Saharan Africa	117	2005	https://www.allelefrequencies.net/pop6001c.asp?pop_name=South%20Africa%20Limpopo%20Venda	2026-08-26
south-africa-mixed-ancestry-kir	South Africa Mixed Ancestry KIR	26º 20' S	28º 3' E	Not Known	Unknown	Anthropology Study	Mixed	Sub-Saharan Africa	50	2017	https://www.allelefrequencies.net/pop6001c.asp?pop_name=South%20Africa%20Mixed%20Ancestry%20KIR	2026-08-26
south-africa-natal-region-zulu-cytokine	South Africa Natal Region Zulu Cytokine	30º 0' S	22º 0' E	Not Known	Unknown	Anthropology Study	Black	Sub-Saharan Africa	86	2002	https://www.allelefrequencies.net/pop6001c.asp?pop_name=South%20Africa%20Natal%20Region%20Zulu%20Cytokine	2026-08-26
south-africa-natal-tamil	South Africa Natal Tamil	30º 0' S	31º 0' E	Not Known	Urban	Anthropology Study	Other	Sub-Saharan Africa	51	2002	https://www.allelefrequencies.net/pop6001c.asp?pop_name=South%20Africa%20Natal%20Tamil	2026-08-26
south-africa-natal-zulu	South Africa Natal Zulu	29º 0' S	31º 0' E	Not Known	Unknown	Anthropology Study	Black	Sub-Saharan Africa	100	2000	https://www.allelefrequencies.net/pop6001c.asp?pop_name=South%20Africa%20Natal%20Zulu	2026-08-26
south-africa-san-kir	South Africa San KIR	34º 21' S	18º 28' E	Not Known	Rural	Anthropology Study	Black	Sub-Saharan Africa	91	2006	https://www.allelefrequencies.net/pop6001c.asp?pop_name=South%20Africa%20San%20KIR	2026-08-26
south-africa-tswana	South Africa Tswana	25º 51' S	25º 38' E	Not Known	Urban	Other	Black	Sub-Saharan Africa	41	2006	https://www.allelefrequencies.net/pop6001c.asp?pop_name=South%20Africa%20Tswana	2026-08-26
south-africa-worcester	South Africa Worcester	33º 39' S	19º 27' E	Not Known	Urban and Rural	Disease Study Patients	Black	Sub-Saharan Africa	159 (DPA1 = 61, DPB1 = 158, DQB1 = 158)	2014	https://www.allelefrequencies.net/pop6001c.asp?pop_name=South%20Africa%20Worcester	2026-08-26
south-africa-xhosa-kir	South Africa Xhosa KIR	34º 0' S	19º 0' E	Not Known	Unknown	Blood Donor	Black	Sub-Saharan Africa	50	2003	https://www.allelefrequencies.net/pop6001c.asp?pop_name=South%20Africa%20Xhosa%20KIR	2026-08-26
south-african-black	South African  Black	29º 9' S	24º 39' E	Not Known	Urban	Controls for Disease Study	Black	Sub-Saharan Africa	142	2019	https://www.allelefrequencies.net/pop6001c.asp?pop_name=South%20African%20%20Black	2026-08-26
south-african-indian-population	South African Indian population	29º 22' S	24º 31' E	Parents live at same location	Urban and Rural	Controls for Disease Study	Asian	Sub-Saharan Africa	50	2014	https://www.allelefrequencies.net/pop6001c.asp?pop_name=South%20African%20Indian%20population	2026-08-26
south-african-mixed-ancestry	South African Mixed ancestry	29º 22' S	24º 31' E	Parents live at same location	Urban and Rural	Controls for Disease Study	Mixed	Sub-Saharan Africa	50	2014	https://www.allelefrequencies.net/pop6001c.asp?pop_name=South%20African%20Mixed%20ancestry	2026-08-26
south-korea-cytokine	South Korea Cytokine	37º 0' N	126º 0' E	Not Known	Urban	Controls for Disease Study	Oriental	North-East Asia	100	2000	https://www.allelefrequencies.net/pop6001c.asp?pop_name=South%20Korea%20Cytokine	2026-08-26
south-korea-kir	South Korea KIR	37º 0' N	126º 0' E	Not Known	Urban	Other	Oriental	North-East Asia	154	2004	https://www.allelefrequencies.net/pop6001c.asp?pop_name=South%20Korea%20KIR	2026-08-26
south-korea-mic	South Korea MIC	37º 0' N	126º 0' E	Not Known	Urban and Rural	Bone Marrow Registry	Oriental	North-East Asia	199	2002	https://www.allelefrequencies.net/pop6001c.asp?pop_name=South%20Korea%20MIC	2026-08-26
south-korea-seoul-cytokine	South Korea Seoul Cytokine	37º 0' N	127º 0' E	Not Known	Urban and Rural	Anthropology Study	Oriental	North-East Asia	57	2002	https://www.allelefrequencies.net/pop6001c.asp?pop_name=South%20Korea%20Seoul%20Cytokine	2026-08-26
south-korea-seoul-mic	South Korea Seoul MIC	37º 34' N	126º 58' E	Not Known	Unknown	Other	Oriental	North-East Asia	139	2009	https://www.allelefrequencies.net/pop6001c.asp?pop_name=South%20Korea%20Seoul%20MIC	2026-08-26
south-korea-pop-1	South Korea pop 1	37º 0' N	126º 0' E	Not Known	Urban and Rural	Bone Marrow Registry	Oriental	North-East Asia	324	2000	https://www.allelefrequencies.net/pop6001c.asp?pop_name=South%20Korea%20pop%201	2026-08-26
south-korea-pop-10	South Korea pop 10	37º 33' N	126º 58' E	Not Known	Unknown	Bone Marrow Registry	Oriental	North-East Asia	4128	2009	https://www.allelefrequencies.net/pop6001c.asp?pop_name=South%20Korea%20pop%2010	2026-08-26
south-korea-pop-11	South Korea pop 11	36º 47' N	129º 19' E	Not Known	Urban and Rural	Anthropology Study	Oriental	North-East Asia	149	2010	https://www.allelefrequencies.net/pop6001c.asp?pop_name=South%20Korea%20pop%2011	2026-08-26
south-korea-pop-2	South Korea pop 2	37º 0' N	126º 0' E	Not Known	Urban	Other	Oriental	North-East Asia	207	2001	https://www.allelefrequencies.net/pop6001c.asp?pop_name=South%20Korea%20pop%202	2026-08-26
south-korea-pop-3	South Korea pop 3	37º 33' N	126º 59' E	Not Known	Unknown	Anthropology Study	Oriental	North-East Asia	485	2004	https://www.allelefrequencies.net/pop6001c.asp?pop_name=South%20Korea%20pop%203	2026-08-26
south-korea-pop-4	South Korea pop 4	37º 35' N	127º 0' E	Not Known	Urban and Rural	Controls for Disease Study	Oriental	North-East Asia	211	2006	https://www.allelefrequencies.net/pop6001c.asp?pop_name=South%20Korea%20pop%204	2026-08-26
south-korea-pop-5	South Korea pop 5	37º 33' N	126º 59' E	Not Known	Urban and Rural	Anthropology Study	Oriental	North-East Asia	467	2005	https://www.allelefrequencies.net/pop6001c.asp?pop_name=South%20Korea%20pop%205	2026-08-26
south-korea-pop-6	South Korea pop 6	37º 33' N	126º 59' E	Not Known	Unknown	Bone Marrow Registry	Oriental	North-East Asia	800	2003	https://www.allelefrequencies.net/pop6001c.asp?pop_name=South%20Korea%20pop%206	2026-08-26
south-korea-pop-7	South Korea pop 7	37º 33' N	126º 59' E	Not Known	Urban	Controls for Disease Study	Oriental	North-East Asia	486	2006	https://www.allelefrequencies.net/pop6001c.asp?pop_name=South%20Korea%20pop%207	2026-08-26
south-korea-pop-8	South Korea pop 8	37º 34' N	126º 58' E	Not Known	Unknown	Anthropology Study	Oriental	North-East Asia	7096	2009	https://www.allelefrequencies.net/pop6001c.asp?pop_name=South%20Korea%20pop%208	2026-08-26
spain	Spain	40º 24' N	3º 41' W	Not Known	Unknown	Anthropology Study	Caucasoid	Europe	60	1996	https://www.allelefrequencies.net/pop6001c.asp?pop_name=Spain	2026-08-26
spain-catalunya-navarra-extremadura-aarag-n-cantabria	Spain (Catalunya, Navarra, Extremadura, Aaragón, Cantabria,	41º 22' N	2º 11' E	Not Known	Unknown	Bone Marrow Registry	Caucasoid	Europe	4335	2018	https://www.allelefrequencies.net/pop6001c.asp?pop_name=Spain%20%28Catalunya%2C%20Navarra%2C%20Extremadura%2C%20Aarag%C3%B3n%2C%20Cantabria%2C	2026-08-26
spain-andalusia	Spain Andalusia	37º 22' N	5º 59' W	Not Known	Urban and Rural	Blood Donor	Caucasoid	Europe	99 (B = 85, C = 82, DPB1 = 94)	2005	https://www.allelefrequencies.net/pop6001c.asp?pop_name=Spain%20Andalusia	2026-08-26
spain-andalusia-romani	Spain Andalusia Romani	37º 22' N	5º 59' W	Not Known	Urban and Rural	Controls for Disease Study	Caucasoid	Europe	99 (A = 76, C = 78, DPB1 = 80, DQB1 = 87)	2005	https://www.allelefrequencies.net/pop6001c.asp?pop_name=Spain%20Andalusia%20Romani	2026-08-26
spain-arratia-valley-basque	Spain Arratia Valley Basque	43º 0' N	3º 0' W	Grandparents live at same location	Rural	Anthropology Study	Caucasoid	Europe	83	2002	https://www.allelefrequencies.net/pop6001c.asp?pop_name=Spain%20Arratia%20Valley%20Basque	2026-08-26
spain-avil-s-kir	Spain Avilés KIR	43º 9' N	5º 55' W	Not Known	Urban and Rural	Blood Donor	Caucasoid	Europe	339	2014	https://www.allelefrequencies.net/pop6001c.asp?pop_name=Spain%20Avil%C3%A9s%20KIR	2026-08-26
spain-barcelona	Spain Barcelona	41º 22' N	2º 11' E	Not Known	Urban	Bone Marrow Registry	Caucasoid	Europe	941	2000	https://www.allelefrequencies.net/pop6001c.asp?pop_name=Spain%20Barcelona	2026-08-26
spain-basque-kir	Spain Basque KIR	43º 15' N	2º 55' W	Not Known	Unknown	Blood Donor	Caucasoid	Europe	71	2005	https://www.allelefrequencies.net/pop6001c.asp?pop_name=Spain%20Basque%20KIR	2026-08-26
spain-cantabria-kir	Spain Cantabria KIR	43º 28' N	3º 48' W	Not Known	Unknown	Other	Caucasoid	Europe	230	0	https://www.allelefrequencies.net/pop6001c.asp?pop_name=Spain%20Cantabria%20KIR	2026-08-26
spain-catalonia-girona	Spain Catalonia Girona	41º 59' N	2º 49' E	Grandparents live at same location	Rural	Blood Donor	Caucasoid	Europe	88	1997	https://www.allelefrequencies.net/pop6001c.asp?pop_name=Spain%20Catalonia%20Girona	2026-08-26
spain-cytokine	Spain Cytokine	40º 15' N	4º 21' W	Not Known	Unknown	Controls for Disease Study	Caucasoid	Europe	97	2004	https://www.allelefrequencies.net/pop6001c.asp?pop_name=Spain%20Cytokine	2026-08-26
spain-galicia-and-murcia	Spain Galicia and Murcia	43º 0' N	8º 0' W	Not Known	Urban and Rural	Controls for Disease Study	Caucasoid	Europe	473	2006	https://www.allelefrequencies.net/pop6001c.asp?pop_name=Spain%20Galicia%20and%20Murcia	2026-08-26
spain-gipuzkoa-basque	Spain Gipuzkoa Basque	43º 10' N	2º 10' W	Grandparents live at same location	Rural	Blood Donor	Caucasoid	Europe	100	1997	https://www.allelefrequencies.net/pop6001c.asp?pop_name=Spain%20Gipuzkoa%20Basque	2026-08-26
spain-granada	Spain Granada	37º 10' N	3º 36' W	Not Known	Urban	Blood Donor	Caucasoid	Europe	280	1995	https://www.allelefrequencies.net/pop6001c.asp?pop_name=Spain%20Granada	2026-08-26
spain-granada-cytokine	Spain Granada Cytokine	37º 10' N	3º 36' W	Not Known	Urban	Blood Donor	Caucasoid	Europe	102	1995	https://www.allelefrequencies.net/pop6001c.asp?pop_name=Spain%20Granada%20Cytokine	2026-08-26
spain-granada-cytokine-pop-2	Spain Granada Cytokine pop 2	37º 10' N	3º 36' W	Not Known	Urban and Rural	Bone Marrow Registry	Caucasoid	Europe	176	2006	https://www.allelefrequencies.net/pop6001c.asp?pop_name=Spain%20Granada%20Cytokine%20pop%202	2026-08-26
spain-granada-kir	Spain Granada KIR	37º 10' N	3º 36' W	Not Known	Urban and Rural	Controls for Disease Study	Caucasoid	Europe	100	2005	https://www.allelefrequencies.net/pop6001c.asp?pop_name=Spain%20Granada%20KIR	2026-08-26
spain-ibiza	Spain Ibiza	39º 0' N	1º 3' E	Parents live at same location	Urban and Rural	Bone Marrow Registry	Caucasoid	Europe	88	2001	https://www.allelefrequencies.net/pop6001c.asp?pop_name=Spain%20Ibiza	2026-08-26
spain-las-alpujarras	Spain Las Alpujarras	36º 56' N	3º 20' W	Grandparents live at same location	Rural	Anthropology Study	Unspecified	Europe	85	2014	https://www.allelefrequencies.net/pop6001c.asp?pop_name=Spain%20Las%20Alpujarras	2026-08-26
spain-lugo-cytokine	Spain Lugo Cytokine	43º 0' N	7º 34' W	Not Known	Urban and Rural	Controls for Disease Study	Caucasoid	Europe	128	2000	https://www.allelefrequencies.net/pop6001c.asp?pop_name=Spain%20Lugo%20Cytokine	2026-08-26
spain-mic	Spain MIC	43º 21' N	5º 50' W	Not Known	Unknown	Controls for Disease Study	Caucasoid	Europe	116	2001	https://www.allelefrequencies.net/pop6001c.asp?pop_name=Spain%20MIC	2026-08-26
spain-mic-pop-2	Spain MIC pop 2	40º 24' N	3º 41' W	Not Known	Unknown	Controls for Disease Study	Caucasoid	Europe	342	2000	https://www.allelefrequencies.net/pop6001c.asp?pop_name=Spain%20MIC%20pop%202	2026-08-26
spain-madrid	Spain Madrid	40º 24' N	3º 41' W	Not Known	Urban and Rural	Controls for Disease Study	Caucasoid	Europe	504	2004	https://www.allelefrequencies.net/pop6001c.asp?pop_name=Spain%20Madrid	2026-08-26
spain-madrid-kir	Spain Madrid KIR	40º 24' N	3º 41' W	Not Known	Urban	Controls for Disease Study	Caucasoid	Europe	131	2007	https://www.allelefrequencies.net/pop6001c.asp?pop_name=Spain%20Madrid%20KIR	2026-08-26
spain-majorca	Spain Majorca	39º 37' N	2º 59' E	Parents live at same location	Urban and Rural	Bone Marrow Registry	Caucasoid	Europe	407	2001	https://www.allelefrequencies.net/pop6001c.asp?pop_name=Spain%20Majorca	2026-08-26
spain-majorca-chueta-mic	Spain Majorca Chueta MIC	39º 37' N	2º 59' E	Not Known	Unknown	Anthropology Study	Caucasoid	Europe	95	2008	https://www.allelefrequencies.net/pop6001c.asp?pop_name=Spain%20Majorca%20Chueta%20MIC	2026-08-26
spain-majorca-kir	Spain Majorca KIR	39º 37' N	2º 59' E	Not Known	Urban and Rural	Anthropology Study	Caucasoid	Europe	63	2005	https://www.allelefrequencies.net/pop6001c.asp?pop_name=Spain%20Majorca%20KIR	2026-08-26
spain-majorca-mic	Spain Majorca MIC	39º 37' N	2º 59' E	Not Known	Unknown	Anthropology Study	Caucasoid	Europe	165	2008	https://www.allelefrequencies.net/pop6001c.asp?pop_name=Spain%20Majorca%20MIC	2026-08-26
spain-majorca-and-minorca	Spain Majorca and Minorca	39º 37' N	2º 59' E	Grandparents live at same location	Unknown	Anthropology Study	Caucasoid	Europe	90	2000	https://www.allelefrequencies.net/pop6001c.asp?pop_name=Spain%20Majorca%20and%20Minorca	2026-08-26
spain-majorcans-jews	Spain Majorcans Jews	39º 37' N	2º 57' E	Parents live at same location	Urban and Rural	Bone Marrow Registry	Jew	Europe	103	2001	https://www.allelefrequencies.net/pop6001c.asp?pop_name=Spain%20Majorcans%20Jews	2026-08-26
spain-malaga	Spain Malaga	36º 43' N	4º 25' W	Not Known	Urban	Controls for Disease Study	Caucasoid	Europe	160	2007	https://www.allelefrequencies.net/pop6001c.asp?pop_name=Spain%20Malaga	2026-08-26
spain-malaga-mic	Spain Malaga MIC	36º 43' N	4º 25' W	Not Known	Unknown	Controls for Disease Study	Caucasoid	Europe	241	2008	https://www.allelefrequencies.net/pop6001c.asp?pop_name=Spain%20Malaga%20MIC	2026-08-26
spain-malaga-romani	Spain Malaga Romani	36º 43' N	4º 25' W	Not Known	Urban	Controls for Disease Study	Other	Europe	80	2007	https://www.allelefrequencies.net/pop6001c.asp?pop_name=Spain%20Malaga%20Romani	2026-08-26
spain-minorca	Spain Minorca	39º 58' N	4º 5' E	Parents live at same location	Urban and Rural	Bone Marrow Registry	Caucasoid	Europe	94	2001	https://www.allelefrequencies.net/pop6001c.asp?pop_name=Spain%20Minorca	2026-08-26
spain-murcia	Spain Murcia	37º 59' N	1º 7' W	Parents live at same location	Urban and Rural	Bone Marrow Registry	Caucasoid	Europe	173 (C = 356)	2000	https://www.allelefrequencies.net/pop6001c.asp?pop_name=Spain%20Murcia	2026-08-26
spain-murcia-kir	Spain Murcia KIR	38º 0' N	1º 6' W	Not Known	Unknown	Controls for Disease Study	Caucasoid	Europe	200	2011	https://www.allelefrequencies.net/pop6001c.asp?pop_name=Spain%20Murcia%20KIR	2026-08-26
spain-murcia-mic	Spain Murcia MIC	37º 59' N	1º 8' W	Not Known	Urban	Anthropology Study	Caucasoid	Europe	154	2007	https://www.allelefrequencies.net/pop6001c.asp?pop_name=Spain%20Murcia%20MIC	2026-08-26
spain-navarre-basques	Spain Navarre Basques	43º 8' N	1º 31' W	Grandparents live at same location	Rural	Anthropology Study	Caucasoid	Europe	116 (DPB1 = 96, DQA1 = 112)	2000	https://www.allelefrequencies.net/pop6001c.asp?pop_name=Spain%20Navarre%20Basques	2026-08-26
spain-north	Spain North	43º 21' N	5º 50' W	Not Known	Unknown	Controls for Disease Study	Caucasoid	Europe	156	2007	https://www.allelefrequencies.net/pop6001c.asp?pop_name=Spain%20North	2026-08-26
spain-north-cabuerniga	Spain North Cabuerniga	43º 0' N	4º 0' W	Not Known	Rural	Anthropology Study	Caucasoid	Europe	95	2002	https://www.allelefrequencies.net/pop6001c.asp?pop_name=Spain%20North%20Cabuerniga	2026-08-26
spain-north-cantabria	Spain North Cantabria	43º 0' N	3º 0' W	Grandparents live at same location	Rural	Anthropology Study	Caucasoid	Europe	83	2002	https://www.allelefrequencies.net/pop6001c.asp?pop_name=Spain%20North%20Cantabria	2026-08-26
spain-northwest	Spain Northwest	42º 36' N	5º 34' W	Not Known	Unknown	Bone Marrow Registry	Caucasoid	Europe	1818	2007	https://www.allelefrequencies.net/pop6001c.asp?pop_name=Spain%20Northwest	2026-08-26
spain-northwest-lugo	Spain Northwest Lugo	43º 0' N	7º 34' W	Not Known	Urban and Rural	Controls for Disease Study	Caucasoid	Europe	145	2000	https://www.allelefrequencies.net/pop6001c.asp?pop_name=Spain%20Northwest%20Lugo	2026-08-26
spain-pas-valley	Spain Pas Valley	43º 0' N	3º 0' W	Grandparents live at same location	Rural	Anthropology Study	Caucasoid	Europe	88	2002	https://www.allelefrequencies.net/pop6001c.asp?pop_name=Spain%20Pas%20Valley	2026-08-26
spain-sevilla	Spain Sevilla	37º 22' N	5º 58' W	Parents live at same location	Unknown	Bone Marrow Registry	Caucasoid	Europe	278	2013	https://www.allelefrequencies.net/pop6001c.asp?pop_name=Spain%20Sevilla	2026-08-26
spain-sevilla-kir	Spain Sevilla KIR	37º 22' N	5º 58' W	Parents live at same location	Unknown	Bone Marrow Registry	Caucasoid	Europe	278	2013	https://www.allelefrequencies.net/pop6001c.asp?pop_name=Spain%20Sevilla%20KIR	2026-08-26
spain-tenerife-island	Spain Tenerife Island	28º 16' N	16º 36' W	Grandparents live at same location	Urban	Anthropology Study	Guanche	Europe	83	2015	https://www.allelefrequencies.net/pop6001c.asp?pop_name=Spain%20Tenerife%20Island	2026-08-26
spain-valencia	Spain Valencia	39º 29' N	0º 22' W	Not Known	Urban and Rural	Solid Organ Unrelated Donors	Caucasoid	Europe	577	2008	https://www.allelefrequencies.net/pop6001c.asp?pop_name=Spain%20Valencia	2026-08-26
spain-pop-2	Spain pop 2	40º 24' N	3º 41' W	Not Known	Unknown	Anthropology Study	Caucasoid	Europe	114	1996	https://www.allelefrequencies.net/pop6001c.asp?pop_name=Spain%20pop%202	2026-08-26
spain-canary-islands-gran-canaria-island	Spain, Canary Islands, Gran canaria island	27º 57' N	15º 36' W	Grandparents live at same location	Urban and Rural	Anthropology Study	Mixed	Europe	215	2016	https://www.allelefrequencies.net/pop6001c.asp?pop_name=Spain%2C%20Canary%20Islands%2C%20Gran%20canaria%20island	2026-08-26
spain-castilla-y-leon-northwest	Spain, Castilla y Leon, Northwest,	41º 50' N	4º 23' W	Grandparents live at same location	Urban and Rural	Bone Marrow Registry	Caucasoid	Europe	1743 (A = 1742, DQA1 = 1742, DQB1 = 1742, DRB1 = 1742)	2020	https://www.allelefrequencies.net/pop6001c.asp?pop_name=Spain%2C%20Castilla%20y%20Leon%2C%20Northwest%2C	2026-08-26
sri-lanka-colombo	Sri Lanka Colombo	6º 56' N	79º 50' E	Not Known	Urban	Blood Donor	Asian	South Asia	714	2017	https://www.allelefrequencies.net/pop6001c.asp?pop_name=Sri%20Lanka%20Colombo	2026-08-26
sri-lanka-colombo-sinhalese	Sri Lanka Colombo Sinhalese	6º 56' N	79º 50' E	Not Known	Urban	Anthropology Study	Asian	South Asia	101	2006	https://www.allelefrequencies.net/pop6001c.asp?pop_name=Sri%20Lanka%20Colombo%20Sinhalese	2026-08-26
sudan-central-region	Sudan Central Region	14º 24' N	33º 31' E	Not Known	Unknown	Controls for Disease Study	Black	North Africa	97	1995	https://www.allelefrequencies.net/pop6001c.asp?pop_name=Sudan%20Central%20Region	2026-08-26
sudan-central-shaigiya-mixed	Sudan Central Shaigiya Mixed	18º 0' N	33º 0' E	Not Known	Rural	Anthropology Study	Mixed	North Africa	36	1995	https://www.allelefrequencies.net/pop6001c.asp?pop_name=Sudan%20Central%20Shaigiya%20Mixed	2026-08-26
sudan-east-rashaida	Sudan East Rashaida	14º 0' N	35º 0' E	Not Known	Rural	Anthropology Study	Arab	North Africa	27	1995	https://www.allelefrequencies.net/pop6001c.asp?pop_name=Sudan%20East%20Rashaida	2026-08-26
sudan-khartoum	Sudan Khartoum	15º 32' N	32º 32' E	Grandparents live at same location	Unknown	Anthropology Study	Black	North Africa	98	2010	https://www.allelefrequencies.net/pop6001c.asp?pop_name=Sudan%20Khartoum	2026-08-26
sudan-mixed	Sudan Mixed	5º 0' N	35º 0' E	Not Known	Urban	Controls for Disease Study	Mixed	North Africa	200	2006	https://www.allelefrequencies.net/pop6001c.asp?pop_name=Sudan%20Mixed	2026-08-26
sudan-south-nuba	Sudan South Nuba	12º 0' N	30º 45' E	Not Known	Rural	Anthropology Study	Black	North Africa	46	1995	https://www.allelefrequencies.net/pop6001c.asp?pop_name=Sudan%20South%20Nuba	2026-08-26
sweden	Sweden	59º 21' N	18º 4' E	Not Known	Urban and Rural	Anthropology Study	Caucasoid	Europe	99	1995	https://www.allelefrequencies.net/pop6001c.asp?pop_name=Sweden	2026-08-26
sweden-kir	Sweden KIR	59º 19' N	18º 4' E	Parents live at same location	Urban	Other	Caucasoid	Europe	102	2011	https://www.allelefrequencies.net/pop6001c.asp?pop_name=Sweden%20KIR	2026-08-26
sweden-mic	Sweden MIC	59º 21' N	18º 4' E	Not Known	Unknown	Controls for Disease Study	Caucasoid	Europe	503	2002	https://www.allelefrequencies.net/pop6001c.asp?pop_name=Sweden%20MIC	2026-08-26
sweden-northern-sami	Sweden Northern Sami	67º 0' N	18º 30' E	Not Known	Unknown	Anthropology Study	Caucasoid	Europe	154	2007	https://www.allelefrequencies.net/pop6001c.asp?pop_name=Sweden%20Northern%20Sami	2026-08-26
sweden-southern-sami	Sweden Southern Sami	60º 52' N	14º 44' E	Not Known	Unknown	Anthropology Study	Caucasoid	Europe	130	2007	https://www.allelefrequencies.net/pop6001c.asp?pop_name=Sweden%20Southern%20Sami	2026-08-26
sweden-stockholm	Sweden Stockholm	59º 21' N	18º 4' E	Not Known	Urban and Rural	Controls for Disease Study	Caucasoid	Europe	1347	2007	https://www.allelefrequencies.net/pop6001c.asp?pop_name=Sweden%20Stockholm	2026-08-26
sweden-uppsala	Sweden Uppsala	59º 51' N	17º 38' E	Not Known	Urban and Rural	Blood Donor	Caucasoid	Europe	300	1998	https://www.allelefrequencies.net/pop6001c.asp?pop_name=Sweden%20Uppsala	2026-08-26
sweden-vasterbotten-kir	Sweden Vasterbotten KIR	59º 21' N	18º 4' E	Not Known	Unknown	Controls for Disease Study	Caucasoid	Europe	150	2004	https://www.allelefrequencies.net/pop6001c.asp?pop_name=Sweden%20Vasterbotten%20KIR	2026-08-26
sweden-west-cytokine	Sweden West Cytokine	57º 42' N	11º 58' E	Not Known	Urban	Blood Donor	Caucasoid	Europe	103	2001	https://www.allelefrequencies.net/pop6001c.asp?pop_name=Sweden%20West%20Cytokine	2026-08-26
sweden-pop-2	Sweden pop 2	59º 14' N	17º 59' E	Not Known	Unknown	Anthropology Study	Caucasoid	Europe	200	1998	https://www.allelefrequencies.net/pop6001c.asp?pop_name=Sweden%20pop%202	2026-08-26
sweden-pop-3	Sweden pop 3	59º 51' N	17º 38' E	Not Known	Urban and Rural	Controls for Disease Study	Caucasoid	Europe	175	1995	https://www.allelefrequencies.net/pop6001c.asp?pop_name=Sweden%20pop%203	2026-08-26
sweden-pop-4	Sweden pop 4	59º 0' N	18º 0' E	Not Known	Unknown	Bone Marrow Registry	Caucasoid	Europe	966	2013	https://www.allelefrequencies.net/pop6001c.asp?pop_name=Sweden%20pop%204	2026-08-26
sweden-pop-5	Sweden pop 5	59º 19' N	18º 47' E	Not Known	Urban and Rural	Controls for Disease Study	Caucasoid	Europe	1569	2013	https://www.allelefrequencies.net/pop6001c.asp?pop_name=Sweden%20pop%205	2026-08-26
switzerland-aargau-solothurn	Switzerland Aargau-Solothurn	46º 48' N	8º 13' E	Not Known	Unknown	Bone Marrow Registry	Caucasoid	Europe	1838 (A = 103, B = 124, C = 291, DQB1 = 108)	2011	https://www.allelefrequencies.net/pop6001c.asp?pop_name=Switzerland%20Aargau-Solothurn	2026-08-26
switzerland-basel	Switzerland Basel	47º 33' N	7º 34' E	Not Known	Unknown	Bone Marrow Registry	Caucasoid	Europe	1888 (A = 126, B = 178, C = 341, DQB1 = 148)	2011	https://www.allelefrequencies.net/pop6001c.asp?pop_name=Switzerland%20Basel	2026-08-26
switzerland-bern	Switzerland Bern	46º 57' N	7º 27' E	Not Known	Unknown	Bone Marrow Registry	Caucasoid	Europe	3545 (A = 720, B = 777, C = 751, DQB1 = 661)	2011	https://www.allelefrequencies.net/pop6001c.asp?pop_name=Switzerland%20Bern	2026-08-26
switzerland-geneva	Switzerland Geneva	46º 12' N	6º 9' E	Not Known	Urban	Blood Donor	Caucasoid	Europe	80	1999	https://www.allelefrequencies.net/pop6001c.asp?pop_name=Switzerland%20Geneva	2026-08-26
switzerland-geneva-pop-2	Switzerland Geneva pop 2	46º 12' N	6º 8' E	Not Known	Unknown	Bone Marrow Registry	Caucasoid	Europe	1267 (A = 105, B = 150, C = 200, DQB1 = 97)	2011	https://www.allelefrequencies.net/pop6001c.asp?pop_name=Switzerland%20Geneva%20pop%202	2026-08-26
switzerland-graubunden	Switzerland Graubunden	46º 42' N	9º 57' E	Not Known	Unknown	Bone Marrow Registry	Caucasoid	Europe	759 (A = 231, B = 246, C = 209, DQB1 = 40)	2011	https://www.allelefrequencies.net/pop6001c.asp?pop_name=Switzerland%20Graubunden	2026-08-26
switzerland-lausanne	Switzerland Lausanne	46º 31' N	6º 39' E	Not Known	Unknown	Bone Marrow Registry	Caucasoid	Europe	993 (A = 366, B = 385, C = 154, DQB1 = 74)	2011	https://www.allelefrequencies.net/pop6001c.asp?pop_name=Switzerland%20Lausanne	2026-08-26
switzerland-lugano	Switzerland Lugano	46º 0' N	8º 55' E	Not Known	Unknown	Bone Marrow Registry	Caucasoid	Europe	1169 (A = 125, B = 167, C = 218, DQB1 = 99)	2011	https://www.allelefrequencies.net/pop6001c.asp?pop_name=Switzerland%20Lugano	2026-08-26
switzerland-luzern	Switzerland Luzern	47º 3' N	8º 18' E	Not Known	Unknown	Bone Marrow Registry	Caucasoid	Europe	1553 (A = 153, B = 199, C = 292, DQB1 = 92)	2011	https://www.allelefrequencies.net/pop6001c.asp?pop_name=Switzerland%20Luzern	2026-08-26
switzerland-sion	Switzerland Sion	46º 15' N	7º 23' E	Not Known	Unknown	Bone Marrow Registry	Caucasoid	Europe	832 (A = 155, B = 153, C = 101, DQB1 = 62)	2011	https://www.allelefrequencies.net/pop6001c.asp?pop_name=Switzerland%20Sion	2026-08-26
switzerland-st-gallen	Switzerland St Gallen	47º 26' N	9º 21' E	Not Known	Unknown	Bone Marrow Registry	Caucasoid	Europe	2113 (A = 111, B = 127, C = 316, DQB1 = 135)	2011	https://www.allelefrequencies.net/pop6001c.asp?pop_name=Switzerland%20St%20Gallen	2026-08-26
switzerland-zurich	Switzerland Zurich	47º 22' N	8º 32' E	Not Known	Unknown	Bone Marrow Registry	Caucasoid	Europe	4875 (A = 293, B = 418, C = 639, DQB1 = 292)	2011	https://www.allelefrequencies.net/pop6001c.asp?pop_name=Switzerland%20Zurich	2026-08-26
taiwan	Taiwan	23º 46' N	121º 0' E	Not Known	Unknown	Controls for Disease Study	Oriental	South-East Asia	65	1998	https://www.allelefrequencies.net/pop6001c.asp?pop_name=Taiwan	2026-08-26
taiwan-aborigine	Taiwan Aborigine	25º 5' N	121º 5' E	Not Known	Urban and Rural	Bone Marrow Registry	Oriental	South-East Asia	111	1999	https://www.allelefrequencies.net/pop6001c.asp?pop_name=Taiwan%20Aborigine	2026-08-26
taiwan-aborigine-pop-2	Taiwan Aborigine pop 2	23º 46' N	121º 0' E	Not Known	Rural	Anthropology Study	Oriental	South-East Asia	48	1998	https://www.allelefrequencies.net/pop6001c.asp?pop_name=Taiwan%20Aborigine%20pop%202	2026-08-26
taiwan-ami	Taiwan Ami	23º 0' N	121º 0' E	Parents live at same location	Urban and Rural	Anthropology Study	Oriental	South-East Asia	98	1998	https://www.allelefrequencies.net/pop6001c.asp?pop_name=Taiwan%20Ami	2026-08-26
taiwan-ami-cytokine	Taiwan Ami Cytokine	23º 20' N	121º 28' E	Not Known	Urban	Anthropology Study	Oriental	South-East Asia	50	2003	https://www.allelefrequencies.net/pop6001c.asp?pop_name=Taiwan%20Ami%20Cytokine	2026-08-26
taiwan-ami-kir	Taiwan Ami KIR	24º 0' N	121º 0' E	Not Known	Rural	Anthropology Study	Oriental	South-East Asia	40	2006	https://www.allelefrequencies.net/pop6001c.asp?pop_name=Taiwan%20Ami%20KIR	2026-08-26
taiwan-ami-pop-2	Taiwan Ami pop 2	23º 46' N	121º 0' E	Not Known	Unknown	Anthropology Study	Oriental	South-East Asia	50	2000	https://www.allelefrequencies.net/pop6001c.asp?pop_name=Taiwan%20Ami%20pop%202	2026-08-26
taiwan-atayal	Taiwan Atayal	24º 0' N	121º 0' E	Parents live at same location	Rural	Anthropology Study	Oriental	South-East Asia	106	1998	https://www.allelefrequencies.net/pop6001c.asp?pop_name=Taiwan%20Atayal	2026-08-26
taiwan-atayal-cytokine	Taiwan Atayal Cytokine	24º 40' N	121º 10' E	Not Known	Rural	Anthropology Study	Oriental	South-East Asia	50	2003	https://www.allelefrequencies.net/pop6001c.asp?pop_name=Taiwan%20Atayal%20Cytokine	2026-08-26
taiwan-atayal-pop-2	Taiwan Atayal pop 2	23º 46' N	121º 0' E	Not Known	Unknown	Anthropology Study	Oriental	South-East Asia	50	2000	https://www.allelefrequencies.net/pop6001c.asp?pop_name=Taiwan%20Atayal%20pop%202	2026-08-26
taiwan-bunun	Taiwan Bunun	23º 46' N	121º 0' E	Not Known	Urban and Rural	Anthropology Study	Oriental	South-East Asia	101	1998	https://www.allelefrequencies.net/pop6001c.asp?pop_name=Taiwan%20Bunun	2026-08-26
taiwan-bunun-pop-2	Taiwan Bunun pop 2	23º 46' N	121º 0' E	Not Known	Unknown	Anthropology Study	Oriental	South-East Asia	50	2000	https://www.allelefrequencies.net/pop6001c.asp?pop_name=Taiwan%20Bunun%20pop%202	2026-08-26
taiwan-chinese-immigrants-from-middle-china	Taiwan Chinese immigrants from Middle China	25º 5' N	121º 5' E	Not Known	Urban and Rural	Bone Marrow Registry	Oriental	South-East Asia	211	1999	https://www.allelefrequencies.net/pop6001c.asp?pop_name=Taiwan%20Chinese%20immigrants%20from%20Middle%20China	2026-08-26
taiwan-chinese-immigrants-from-north-china	Taiwan Chinese immigrants from North China	25º 5' N	121º 5' E	Not Known	Urban and Rural	Bone Marrow Registry	Oriental	South-East Asia	152	1999	https://www.allelefrequencies.net/pop6001c.asp?pop_name=Taiwan%20Chinese%20immigrants%20from%20North%20China	2026-08-26
taiwan-chinese-immigrants-from-south-china	Taiwan Chinese immigrants from South China	25º 5' N	121º 5' E	Not Known	Urban and Rural	Bone Marrow Registry	Oriental	South-East Asia	172	1999	https://www.allelefrequencies.net/pop6001c.asp?pop_name=Taiwan%20Chinese%20immigrants%20from%20South%20China	2026-08-26
taiwan-cytokine	Taiwan Cytokine	25º 0' N	121º 0' E	Not Known	Urban and Rural	Other	Oriental	South-East Asia	184	2002	https://www.allelefrequencies.net/pop6001c.asp?pop_name=Taiwan%20Cytokine	2026-08-26
taiwan-cytokine-pop-2	Taiwan Cytokine pop 2	25º 0' N	121º 0' E	Not Known	Unknown	Controls for Disease Study	Oriental	South-East Asia	166	2009	https://www.allelefrequencies.net/pop6001c.asp?pop_name=Taiwan%20Cytokine%20pop%202	2026-08-26
taiwan-hakka	Taiwan Hakka	24º 0' N	121º 0' E	Not Known	Urban	Anthropology Study	Oriental	South-East Asia	55	1998	https://www.allelefrequencies.net/pop6001c.asp?pop_name=Taiwan%20Hakka	2026-08-26
taiwan-hakka-cytokine	Taiwan Hakka Cytokine	24º 50' N	121º 13' E	Not Known	Urban	Anthropology Study	Oriental	South-East Asia	45	2003	https://www.allelefrequencies.net/pop6001c.asp?pop_name=Taiwan%20Hakka%20Cytokine	2026-08-26
taiwan-hakka-kir	Taiwan Hakka KIR	23º 46' N	121º 0' E	Not Known	Unknown	Anthropology Study	Oriental	South-East Asia	40	2006	https://www.allelefrequencies.net/pop6001c.asp?pop_name=Taiwan%20Hakka%20KIR	2026-08-26
taiwan-hakka-pop-2	Taiwan Hakka pop 2	25º 5' N	121º 5' E	Not Known	Urban and Rural	Bone Marrow Registry	Oriental	South-East Asia	714	1999	https://www.allelefrequencies.net/pop6001c.asp?pop_name=Taiwan%20Hakka%20pop%202	2026-08-26
taiwan-han	Taiwan Han	23º 46' N	121º 0' E	Not Known	Unknown	Anthropology Study	Oriental	South-East Asia	50	2000	https://www.allelefrequencies.net/pop6001c.asp?pop_name=Taiwan%20Han	2026-08-26
taiwan-han-chinese	Taiwan Han Chinese	23º 46' N	121º 0' E	Not Known	Urban and Rural	Controls for Disease Study	Oriental	South-East Asia	504	2009	https://www.allelefrequencies.net/pop6001c.asp?pop_name=Taiwan%20Han%20Chinese	2026-08-26
taiwan-han-kir	Taiwan Han KIR	23º 46' N	121º 0' E	Not Known	Urban and Rural	Anthropology Study	Oriental	South-East Asia	157	2005	https://www.allelefrequencies.net/pop6001c.asp?pop_name=Taiwan%20Han%20KIR	2026-08-26
taiwan-han-kir-pop-2	Taiwan Han KIR pop 2	23º 46' N	121º 0' E	Not Known	Urban	Anthropology Study	Oriental	South-East Asia	59	2006	https://www.allelefrequencies.net/pop6001c.asp?pop_name=Taiwan%20Han%20KIR%20pop%202	2026-08-26
taiwan-han-kir-pop-3	Taiwan Han KIR pop 3	23º 46' N	121º 0' E	Not Known	Unknown	Anthropology Study	Oriental	South-East Asia	48	2006	https://www.allelefrequencies.net/pop6001c.asp?pop_name=Taiwan%20Han%20KIR%20pop%203	2026-08-26
taiwan-han-kir-pop-4	Taiwan Han KIR pop 4	23º 46' N	121º 0' E	Not Known	Unknown	Anthropology Study	Oriental	South-East Asia	97	2009	https://www.allelefrequencies.net/pop6001c.asp?pop_name=Taiwan%20Han%20KIR%20pop%204	2026-08-26
taiwan-kir	Taiwan KIR	23º 46' N	121º 0' E	Not Known	Unknown	Controls for Disease Study	Oriental	South-East Asia	96	2004	https://www.allelefrequencies.net/pop6001c.asp?pop_name=Taiwan%20KIR	2026-08-26
taiwan-minnan-cytokine	Taiwan Minnan Cytokine	25º 0' N	121º 30' E	Not Known	Urban	Anthropology Study	Oriental	South-East Asia	50	2003	https://www.allelefrequencies.net/pop6001c.asp?pop_name=Taiwan%20Minnan%20Cytokine	2026-08-26
taiwan-minnan-and-hakka	Taiwan Minnan and Hakka	24º 0' N	121º 0' E	Not Known	Unknown	Controls for Disease Study	Oriental	South-East Asia	190	2009	https://www.allelefrequencies.net/pop6001c.asp?pop_name=Taiwan%20Minnan%20and%20Hakka	2026-08-26
taiwan-minnan-pop-1	Taiwan Minnan pop 1	24º 0' N	121º 0' E	Parents live at same location	Urban	Anthropology Study	Oriental	South-East Asia	102	1998	https://www.allelefrequencies.net/pop6001c.asp?pop_name=Taiwan%20Minnan%20pop%201	2026-08-26
taiwan-minnan-pop-2	Taiwan Minnan pop 2	25º 5' N	121º 5' E	Not Known	Urban and Rural	Bone Marrow Registry	Oriental	South-East Asia	7137	1999	https://www.allelefrequencies.net/pop6001c.asp?pop_name=Taiwan%20Minnan%20pop%202	2026-08-26
taiwan-orchid-island-yami	Taiwan Orchid Island Yami	22º 3' N	121º 32' E	Not Known	Unknown	Anthropology Study	Oriental	South-East Asia	50	2000	https://www.allelefrequencies.net/pop6001c.asp?pop_name=Taiwan%20Orchid%20Island%20Yami	2026-08-26
taiwan-paiwan	Taiwan Paiwan	23º 0' N	121º 0' E	Not Known	Rural	Anthropology Study	Oriental	South-East Asia	51	1998	https://www.allelefrequencies.net/pop6001c.asp?pop_name=Taiwan%20Paiwan	2026-08-26
taiwan-paiwan-pop-2	Taiwan Paiwan pop 2	23º 46' N	121º 0' E	Not Known	Unknown	Anthropology Study	Oriental	South-East Asia	50	2000	https://www.allelefrequencies.net/pop6001c.asp?pop_name=Taiwan%20Paiwan%20pop%202	2026-08-26
taiwan-pazeh	Taiwan Pazeh	25º 0' N	121º 30' E	Not Known	Urban and Rural	Anthropology Study	Oriental	South-East Asia	55	1998	https://www.allelefrequencies.net/pop6001c.asp?pop_name=Taiwan%20Pazeh	2026-08-26
taiwan-puyuma	Taiwan Puyuma	23º 0' N	121º 0' E	Not Known	Urban and Rural	Anthropology Study	Oriental	South-East Asia	50	1998	https://www.allelefrequencies.net/pop6001c.asp?pop_name=Taiwan%20Puyuma	2026-08-26
taiwan-puyuma-pop-2	Taiwan Puyuma pop 2	23º 46' N	121º 0' E	Not Known	Unknown	Anthropology Study	Oriental	South-East Asia	50	2000	https://www.allelefrequencies.net/pop6001c.asp?pop_name=Taiwan%20Puyuma%20pop%202	2026-08-26
taiwan-rukai	Taiwan Rukai	23º 0' N	121º 0' E	Parents live at same location	Rural	Anthropology Study	Oriental	South-East Asia	50	1998	https://www.allelefrequencies.net/pop6001c.asp?pop_name=Taiwan%20Rukai	2026-08-26
taiwan-rukai-pop-2	Taiwan Rukai pop 2	23º 46' N	121º 0' E	Not Known	Unknown	Anthropology Study	Oriental	South-East Asia	50	2000	https://www.allelefrequencies.net/pop6001c.asp?pop_name=Taiwan%20Rukai%20pop%202	2026-08-26
taiwan-saisiat	Taiwan Saisiat	24º 0' N	121º 0' E	Not Known	Rural	Anthropology Study	Oriental	South-East Asia	51	1998	https://www.allelefrequencies.net/pop6001c.asp?pop_name=Taiwan%20Saisiat	2026-08-26
taiwan-saisiat-pop-2	Taiwan Saisiat pop 2	23º 46' N	121º 0' E	Not Known	Unknown	Anthropology Study	Oriental	South-East Asia	50	2000	https://www.allelefrequencies.net/pop6001c.asp?pop_name=Taiwan%20Saisiat%20pop%202	2026-08-26
taiwan-siraya	Taiwan Siraya	24º 0' N	121º 0' E	Parents live at same location	Urban and Rural	Anthropology Study	Oriental	South-East Asia	51	1998	https://www.allelefrequencies.net/pop6001c.asp?pop_name=Taiwan%20Siraya	2026-08-26
taiwan-tao	Taiwan Tao	24º 0' N	121º 0' E	Not Known	Rural	Anthropology Study	Oriental	South-East Asia	50	1998	https://www.allelefrequencies.net/pop6001c.asp?pop_name=Taiwan%20Tao	2026-08-26
taiwan-taroko	Taiwan Taroko	24º 0' N	121º 0' E	Parents live at same location	Rural	Anthropology Study	Oriental	South-East Asia	55	1998	https://www.allelefrequencies.net/pop6001c.asp?pop_name=Taiwan%20Taroko	2026-08-26
taiwan-taroko-atayal-kir	Taiwan Taroko Atayal KIR	23º 46' N	121º 0' E	Not Known	Rural	Anthropology Study	Oriental	South-East Asia	42	2006	https://www.allelefrequencies.net/pop6001c.asp?pop_name=Taiwan%20Taroko%20Atayal%20KIR	2026-08-26
taiwan-thao	Taiwan Thao	24º 0' N	121º 0' E	Parents live at same location	Rural	Anthropology Study	Oriental	South-East Asia	30	1998	https://www.allelefrequencies.net/pop6001c.asp?pop_name=Taiwan%20Thao	2026-08-26
taiwan-tsou	Taiwan Tsou	24º 0' N	121º 0' E	Not Known	Rural	Anthropology Study	Oriental	South-East Asia	51	1998	https://www.allelefrequencies.net/pop6001c.asp?pop_name=Taiwan%20Tsou	2026-08-26
taiwan-tsou-cytokine	Taiwan Tsou Cytokine	23º 30' N	120º 40' E	Not Known	Rural	Anthropology Study	Oriental	South-East Asia	50	2003	https://www.allelefrequencies.net/pop6001c.asp?pop_name=Taiwan%20Tsou%20Cytokine	2026-08-26
taiwan-tsou-pop-2	Taiwan Tsou pop 2	23º 46' N	121º 0' E	Not Known	Unknown	Anthropology Study	Oriental	South-East Asia	50	2000	https://www.allelefrequencies.net/pop6001c.asp?pop_name=Taiwan%20Tsou%20pop%202	2026-08-26
taiwan-tzu-chi-morrow-donor-registry	Taiwan Tzu  Chi Morrow Donor Registry	25º 2' N	121º 38' E	Not Known	Unknown	Bone Marrow Registry	Asian	South-East Asia	46682	2009	https://www.allelefrequencies.net/pop6001c.asp?pop_name=Taiwan%20Tzu%20%20Chi%20Morrow%20Donor%20Registry	2026-08-26
taiwan-tzu-chi-morrow-donor-registry-aborigine	Taiwan Tzu  Chi Morrow Donor Registry Aborigine	25º 2' N	121º 38' E	Not Known	Urban and Rural	Bone Marrow Registry	Asian	South-East Asia	233	2009	https://www.allelefrequencies.net/pop6001c.asp?pop_name=Taiwan%20Tzu%20%20Chi%20Morrow%20Donor%20Registry%20Aborigine	2026-08-26
taiwan-tzu-chi-cord-blood-bank	Taiwan Tzu Chi Cord Blood Bank	23º 46' N	121º 0' E	Not Known	Urban and Rural	Bone Marrow Registry	Oriental	South-East Asia	710	2006	https://www.allelefrequencies.net/pop6001c.asp?pop_name=Taiwan%20Tzu%20Chi%20Cord%20Blood%20Bank	2026-08-26
taiwan-yami-cytokine	Taiwan Yami Cytokine	22º 0' N	121º 30' E	Not Known	Rural	Anthropology Study	Oriental	South-East Asia	40	2003	https://www.allelefrequencies.net/pop6001c.asp?pop_name=Taiwan%20Yami%20Cytokine	2026-08-26
taiwan-pop-2	Taiwan pop 2	23º 46' N	121º 0' E	Not Known	Unknown	Bone Marrow Registry	Oriental	South-East Asia	364	2008	https://www.allelefrequencies.net/pop6001c.asp?pop_name=Taiwan%20pop%202	2026-08-26
taiwan-pop-3	Taiwan pop 3	23º 46' N	121º 0' E	Not Known	Unknown	Controls for Disease Study	Oriental	South-East Asia	212	2008	https://www.allelefrequencies.net/pop6001c.asp?pop_name=Taiwan%20pop%203	2026-08-26
taiwan-pop1	Taiwan pop1	22º 6' N	120º 45' E	Not Known	Urban	Controls for Disease Study	Oriental	South-East Asia	539	2012	https://www.allelefrequencies.net/pop6001c.asp?pop_name=Taiwan%20pop1	2026-08-26
tanzania-dodoma-kongwa	Tanzania Dodoma Kongwa	6º 12' S	36º 26' E	Not Known	Rural	Controls for Disease Study	Black	Sub-Saharan Africa	212	2003	https://www.allelefrequencies.net/pop6001c.asp?pop_name=Tanzania%20Dodoma%20Kongwa	2026-08-26
tanzania-kir	Tanzania KIR	6º 10' S	35º 44' E	Not Known	Rural	Anthropology Study	Black	Sub-Saharan Africa	77	2005	https://www.allelefrequencies.net/pop6001c.asp?pop_name=Tanzania%20KIR	2026-08-26
tanzania-maasai	Tanzania Maasai	3º 11' S	37º 4' E	Not Known	Rural	Disease Study Patients	Black	Sub-Saharan Africa	336 (A = 335, B = 334, C = 320, DPB1 = 331, DQB1 = 335, DRB1 = 327)	2019	https://www.allelefrequencies.net/pop6001c.asp?pop_name=Tanzania%20Maasai	2026-08-26
tanzania-pop-2-kir	Tanzania pop 2 KIR	6º 10' S	35º 44' E	Not Known	Rural	Anthropology Study	Black	Sub-Saharan Africa	67	2005	https://www.allelefrequencies.net/pop6001c.asp?pop_name=Tanzania%20pop%202%20KIR	2026-08-26
thailand	Thailand	16º 7' N	102º 0' E	Not Known	Urban	Blood Donor	Oriental	South-East Asia	142	2002	https://www.allelefrequencies.net/pop6001c.asp?pop_name=Thailand	2026-08-26
thailand-bangkok	Thailand Bangkok	13º 45' N	100º 29' E	Grandparents live at same location	Urban	Anthropology Study	Oriental	South-East Asia	104	1995	https://www.allelefrequencies.net/pop6001c.asp?pop_name=Thailand%20Bangkok	2026-08-26
thailand-bangkok-kir	Thailand Bangkok KIR	13º 45' N	100º 29' E	Not Known	Urban	Anthropology Study	Oriental	South-East Asia	119	2000	https://www.allelefrequencies.net/pop6001c.asp?pop_name=Thailand%20Bangkok%20KIR	2026-08-26
thailand-bangkok-kir-pop-2	Thailand Bangkok KIR pop 2	13º 45' N	100º 29' E	Grandparents live at same location	Urban	Blood Donor	Oriental	South-East Asia	100	2007	https://www.allelefrequencies.net/pop6001c.asp?pop_name=Thailand%20Bangkok%20KIR%20pop%202	2026-08-26
thailand-bangkok-kir-pop-3	Thailand Bangkok KIR pop 3	13º 45' N	100º 31' E	Not Known	Urban and Rural	Controls for Disease Study	Oriental	South-East Asia	150	2013	https://www.allelefrequencies.net/pop6001c.asp?pop_name=Thailand%20Bangkok%20KIR%20pop%203	2026-08-26
thailand-bangkok-pop-2	Thailand Bangkok pop 2	13º 45' N	100º 29' E	Not Known	Unknown	Controls for Disease Study	Oriental	South-East Asia	50	1998	https://www.allelefrequencies.net/pop6001c.asp?pop_name=Thailand%20Bangkok%20pop%202	2026-08-26
thailand-bangkok-pop-3	Thailand Bangkok pop 3	13º 45' N	100º 29' E	Not Known	Unknown	Controls for Disease Study	Oriental	South-East Asia	187	2001	https://www.allelefrequencies.net/pop6001c.asp?pop_name=Thailand%20Bangkok%20pop%203	2026-08-26
thailand-bangkok-pop-4	Thailand Bangkok pop 4	13º 45' N	100º 29' E	Not Known	Urban	Controls for Disease Study	Oriental	South-East Asia	100	2003	https://www.allelefrequencies.net/pop6001c.asp?pop_name=Thailand%20Bangkok%20pop%204	2026-08-26
thailand-cytokine	Thailand Cytokine	15º 7' N	101º 0' E	Not Known	Unknown	Controls for Disease Study	Oriental	South-East Asia	154	2006	https://www.allelefrequencies.net/pop6001c.asp?pop_name=Thailand%20Cytokine	2026-08-26
thailand-east-chanthaburi-khmer	Thailand East Chanthaburi Khmer	12º 36' N	102º 6' E	Grandparents live at same location	Rural	Anthropology Study	Oriental	South-East Asia	83	1995	https://www.allelefrequencies.net/pop6001c.asp?pop_name=Thailand%20East%20Chanthaburi%20Khmer	2026-08-26
thailand-kamphaeng-phet	Thailand Kamphaeng Phet	16º 28' N	99º 31' E	Not Known	Rural	Anthropology Study	Oriental	South-East Asia	97	1995	https://www.allelefrequencies.net/pop6001c.asp?pop_name=Thailand%20Kamphaeng%20Phet	2026-08-26
thailand-north-dai-lue	Thailand North Dai Lue	13º 45' N	100º 29' E	Not Known	Unknown	Anthropology Study	Oriental	South-East Asia	96	1996	https://www.allelefrequencies.net/pop6001c.asp?pop_name=Thailand%20North%20Dai%20Lue	2026-08-26
thailand-north-east-kir	Thailand North East KIR	16º 28' N	102º 49' E	Parents live at same location	Urban and Rural	Blood Donor	Asian	South-East Asia	235	2012	https://www.allelefrequencies.net/pop6001c.asp?pop_name=Thailand%20North%20East%20KIR	2026-08-26
thailand-north-east-mic	Thailand North East MIC	16º 26' N	102º 50' E	Not Known	Urban and Rural	Anthropology Study	Oriental	South-East Asia	255	2000	https://www.allelefrequencies.net/pop6001c.asp?pop_name=Thailand%20North%20East%20MIC	2026-08-26
thailand-north-east-mic-pop-2	Thailand North East MIC pop 2	16º 26' N	102º 50' E	Parents live at same location	Unknown	Controls for Disease Study	Oriental	South-East Asia	100	2007	https://www.allelefrequencies.net/pop6001c.asp?pop_name=Thailand%20North%20East%20MIC%20pop%202	2026-08-26
thailand-northeast	Thailand Northeast	15º 13' N	104º 51' E	Not Known	Rural	Anthropology Study	Oriental	South-East Asia	66	1995	https://www.allelefrequencies.net/pop6001c.asp?pop_name=Thailand%20Northeast	2026-08-26
thailand-northeast-pop-2	Thailand Northeast pop 2	16º 27' N	103º 10' E	Not Known	Unknown	Anthropology Study	Oriental	South-East Asia	400	2009	https://www.allelefrequencies.net/pop6001c.asp?pop_name=Thailand%20Northeast%20pop%202	2026-08-26
thailand-pop-2	Thailand pop 2	13º 45' N	100º 29' E	Not Known	Unknown	Controls for Disease Study	Oriental	South-East Asia	124	2004	https://www.allelefrequencies.net/pop6001c.asp?pop_name=Thailand%20pop%202	2026-08-26
thailand-pop-3	Thailand pop 3	13º 45' N	100º 29' E	Not Known	Urban	Controls for Disease Study	Oriental	South-East Asia	49	2001	https://www.allelefrequencies.net/pop6001c.asp?pop_name=Thailand%20pop%203	2026-08-26
thailand-pop-4	Thailand pop 4	13º 45' N	100º 29' E	Not Known	Unknown	Other	Oriental	South-East Asia	16807	2008	https://www.allelefrequencies.net/pop6001c.asp?pop_name=Thailand%20pop%204	2026-08-26
tokelau	Tokelau	9º 10' S	171º 50' W	Not Known	Rural	Anthropology Study	Polynesian	Oceania	50	2000	https://www.allelefrequencies.net/pop6001c.asp?pop_name=Tokelau	2026-08-26
tokelau-kir	Tokelau KIR	9º 10' S	171º 50' W	Grandparents live at same location	Rural	Anthropology Study	Polynesian	Oceania	47	2005	https://www.allelefrequencies.net/pop6001c.asp?pop_name=Tokelau%20KIR	2026-08-26
tonga	Tonga	21º 8' S	175º 12' W	Not Known	Rural	Anthropology Study	Polynesian	Oceania	50	2000	https://www.allelefrequencies.net/pop6001c.asp?pop_name=Tonga	2026-08-26
tonga-kir	Tonga KIR	21º 8' S	175º 12' W	Grandparents live at same location	Rural	Anthropology Study	Polynesian	Oceania	49	2005	https://www.allelefrequencies.net/pop6001c.asp?pop_name=Tonga%20KIR	2026-08-26
tonga-pop-2	Tonga pop 2	21º 8' S	175º 12' W	Not Known	Rural	Anthropology Study	Polynesian	Oceania	50	2000	https://www.allelefrequencies.net/pop6001c.asp?pop_name=Tonga%20pop%202	2026-08-26
trinidad-african	Trinidad African	10º 25' N	61º 15' W	Grandparents live at same location	Urban and Rural	Anthropology Study	Black	South and Central America	67	2000	https://www.allelefrequencies.net/pop6001c.asp?pop_name=Trinidad%20African	2026-08-26
trinidad-africans-kir	Trinidad Africans KIR	10º 40' N	61º 31' W	Grandparents live at same location	Urban and Rural	Anthropology Study	Black	South and Central America	62	2001	https://www.allelefrequencies.net/pop6001c.asp?pop_name=Trinidad%20Africans%20KIR	2026-08-26
trinidad-south-asian	Trinidad South Asian	10º 25' N	61º 15' W	Grandparents live at same location	Urban and Rural	Anthropology Study	Asian	South and Central America	87	2000	https://www.allelefrequencies.net/pop6001c.asp?pop_name=Trinidad%20South%20Asian	2026-08-26
trinidad-south-asians-kir	Trinidad South Asians KIR	10º 40' N	61º 31' W	Grandparents live at same location	Urban and Rural	Anthropology Study	Asian	South and Central America	108	2001	https://www.allelefrequencies.net/pop6001c.asp?pop_name=Trinidad%20South%20Asians%20KIR	2026-08-26
tunisia	Tunisia	35º 0' N	9º 0' E	Grandparents live at same location	Rural	Anthropology Study	Arab	North Africa	100	2002	https://www.allelefrequencies.net/pop6001c.asp?pop_name=Tunisia	2026-08-26
tunisia-cytokine	Tunisia Cytokine	34º 7' N	9º 33' E	Not Known	Urban and Rural	Controls for Disease Study	Arab	North Africa	157	2006	https://www.allelefrequencies.net/pop6001c.asp?pop_name=Tunisia%20Cytokine	2026-08-26
tunisia-gabes	Tunisia Gabes	33º 53' N	10º 6' E	Not Known	Urban	Anthropology Study	Mixed	North Africa	95	2011	https://www.allelefrequencies.net/pop6001c.asp?pop_name=Tunisia%20Gabes	2026-08-26
tunisia-gabes-arab	Tunisia Gabes Arab	33º 53' N	10º 7' E	Not Known	Unknown	Anthropology Study	Arab	North Africa	96	2005	https://www.allelefrequencies.net/pop6001c.asp?pop_name=Tunisia%20Gabes%20Arab	2026-08-26
tunisia-ghannouch	Tunisia Ghannouch	33º 3' N	10º 20' E	Not Known	Urban	Anthropology Study	Arab	North Africa	82	2005	https://www.allelefrequencies.net/pop6001c.asp?pop_name=Tunisia%20Ghannouch	2026-08-26
tunisia-jerba-berber	Tunisia Jerba Berber	33º 47' N	10º 53' E	Not Known	Unknown	Anthropology Study	Berber	North Africa	55	2005	https://www.allelefrequencies.net/pop6001c.asp?pop_name=Tunisia%20Jerba%20Berber	2026-08-26
tunisia-kir	Tunisia KIR	34º 7' N	9º 33' E	Not Known	Unknown	Controls for Disease Study	Arab	North Africa	114	2008	https://www.allelefrequencies.net/pop6001c.asp?pop_name=Tunisia%20KIR	2026-08-26
tunisia-matmata-berber	Tunisia Matmata Berber	33º 32' N	9º 58' E	Not Known	Unknown	Anthropology Study	Berber	North Africa	81	2005	https://www.allelefrequencies.net/pop6001c.asp?pop_name=Tunisia%20Matmata%20Berber	2026-08-26
tunisia-pop-2	Tunisia pop 2	36º 50' N	10º 9' E	Not Known	Unknown	Controls for Disease Study	Arab	North Africa	111	2009	https://www.allelefrequencies.net/pop6001c.asp?pop_name=Tunisia%20pop%202	2026-08-26
tunisia-pop-3	Tunisia pop 3	36º 48' N	10º 11' E	Not Known	Urban	Anthropology Study	Arab	North Africa	104	2005	https://www.allelefrequencies.net/pop6001c.asp?pop_name=Tunisia%20pop%203	2026-08-26
turkey-anatolia-central-region	Turkey Anatolia central region	39º 46' N	30º 31' E	Not Known	Urban and Rural	Other	Unknown	Western Asia	6100	2022	https://www.allelefrequencies.net/pop6001c.asp?pop_name=Turkey%20Anatolia%20central%20region	2026-08-26
turkey-ankara	Turkey Ankara	39º 52' N	32º 50' E	Not Known	Urban and Rural	Controls for Disease Study	Caucasoid	Western Asia	50	2004	https://www.allelefrequencies.net/pop6001c.asp?pop_name=Turkey%20Ankara	2026-08-26
turkey-bursa-cytokine	Turkey Bursa Cytokine	40º 0' N	29º 0' E	Not Known	Urban and Rural	Controls for Disease Study	Caucasoid	Western Asia	60	2003	https://www.allelefrequencies.net/pop6001c.asp?pop_name=Turkey%20Bursa%20Cytokine	2026-08-26
turkey-istanbul	Turkey Istanbul	41º 1' N	28º 58' E	Not Known	Urban and Rural	Controls for Disease Study	Caucasoid	Western Asia	250	2005	https://www.allelefrequencies.net/pop6001c.asp?pop_name=Turkey%20Istanbul	2026-08-26
turkey-istanbul-cytokine	Turkey Istanbul Cytokine	41º 0' N	28º 58' E	Not Known	Urban	Blood Donor	Caucasoid	Western Asia	104	2002	https://www.allelefrequencies.net/pop6001c.asp?pop_name=Turkey%20Istanbul%20Cytokine	2026-08-26
turkey-kir	Turkey KIR	40º 0' N	28º 0' E	Not Known	Urban	Anthropology Study	Caucasoid	Western Asia	76	2005	https://www.allelefrequencies.net/pop6001c.asp?pop_name=Turkey%20KIR	2026-08-26
turkey-kir-pop-2	Turkey KIR pop 2	41º 1' N	28º 59' E	Not Known	Urban and Rural	Controls for Disease Study	Caucasoid	Western Asia	154	2006	https://www.allelefrequencies.net/pop6001c.asp?pop_name=Turkey%20KIR%20pop%202	2026-08-26
turkey-kir-pop-3	Turkey KIR pop 3	40º 54' N	29º 5' E	Not Known	Urban and Rural	Solid Organ Unrelated Donors	Mixed	Western Asia	187	2012	https://www.allelefrequencies.net/pop6001c.asp?pop_name=Turkey%20KIR%20pop%203	2026-08-26
turkey-mic	Turkey MIC	39º 55' N	32º 50' E	Not Known	Urban and Rural	Controls for Disease Study	Caucasoid	Western Asia	65	2006	https://www.allelefrequencies.net/pop6001c.asp?pop_name=Turkey%20MIC	2026-08-26
turkey-south-kir	Turkey South KIR	37º 21' N	34º 36' E	Grandparents live at same location	Urban and Rural	Anthropology Study	Caucasoid	Western Asia	200	2008	https://www.allelefrequencies.net/pop6001c.asp?pop_name=Turkey%20South%20KIR	2026-08-26
turkey-pop-1	Turkey pop 1	40º 0' N	28º 0' E	Not Known	Urban	Anthropology Study	Caucasoid	Western Asia	250	1997	https://www.allelefrequencies.net/pop6001c.asp?pop_name=Turkey%20pop%201	2026-08-26
turkey-pop-2	Turkey pop 2	41º 0' N	28º 58' E	Not Known	Rural	Anthropology Study	Caucasoid	Western Asia	228	1999	https://www.allelefrequencies.net/pop6001c.asp?pop_name=Turkey%20pop%202	2026-08-26
turkey-pop-3	Turkey pop 3	41º 1' N	28º 54' E	Not Known	Unknown	Controls for Disease Study	Caucasoid	Western Asia	50	2000	https://www.allelefrequencies.net/pop6001c.asp?pop_name=Turkey%20pop%203	2026-08-26
turkey-pop-4	Turkey pop 4	40º 0' N	28º 0' E	Not Known	Urban	Anthropology Study	Caucasoid	Western Asia	202	1997	https://www.allelefrequencies.net/pop6001c.asp?pop_name=Turkey%20pop%204	2026-08-26
turkey-pop-5	Turkey pop 5	40º 0' N	28º 0' E	Not Known	Urban	Anthropology Study	Caucasoid	Western Asia	142	1997	https://www.allelefrequencies.net/pop6001c.asp?pop_name=Turkey%20pop%205	2026-08-26
usa-african-american	USA African American	30º 0' N	95º 0' W	Not Known	Urban and Rural	Bone Marrow Registry	Black	North America	252	2001	https://www.allelefrequencies.net/pop6001c.asp?pop_name=USA%20African%20American	2026-08-26
usa-african-american-bethesda	USA African American Bethesda	38º 0' N	78º 0' W	Not Known	Urban and Rural	Blood Donor	Black	North America	187 (A = 101, B = 94, C = 94, DQA1 = 88, DRB1 = 71)	2000	https://www.allelefrequencies.net/pop6001c.asp?pop_name=USA%20African%20American%20Bethesda	2026-08-26
usa-african-american-cytokine	USA African American Cytokine	38º 45' N	76º 6' W	Not Known	Urban and Rural	Anthropology Study	Black	North America	691	2004	https://www.allelefrequencies.net/pop6001c.asp?pop_name=USA%20African%20American%20Cytokine	2026-08-26
usa-african-american-heart-recs-cytokine	USA African American Heart Recs Cytokine	38º 53' N	77º 2' W	Not Known	Urban and Rural	Disease Study Patients	Black	North America	39	2005	https://www.allelefrequencies.net/pop6001c.asp?pop_name=USA%20African%20American%20Heart%20Recs%20Cytokine	2026-08-26
usa-african-american-kir	USA African American KIR	39º 24' N	77º 24' W	Not Known	Urban and Rural	Other	Black	North America	569	2003	https://www.allelefrequencies.net/pop6001c.asp?pop_name=USA%20African%20American%20KIR	2026-08-26
usa-african-american-kir-pop-2	USA African American KIR pop 2	38º 53' N	77º 2' W	Not Known	Unknown	Other	Black	North America	100	2008	https://www.allelefrequencies.net/pop6001c.asp?pop_name=USA%20African%20American%20KIR%20pop%202	2026-08-26
usa-african-american-mic	USA African American MIC	32º 46' N	96º 48' W	Not Known	Urban and Rural	Blood Donor	Black	North America	201	2002	https://www.allelefrequencies.net/pop6001c.asp?pop_name=USA%20African%20American%20MIC	2026-08-26
usa-african-american-mic-pop-2	USA African American MIC pop 2	42º 21' N	71º 3' W	Not Known	Unknown	Anthropology Study	Black	North America	39	2002	https://www.allelefrequencies.net/pop6001c.asp?pop_name=USA%20African%20American%20MIC%20pop%202	2026-08-26
usa-african-american-pop-2	USA African American pop 2	32º 46' N	96º 46' W	Not Known	Urban	Solid Organ Unrelated Donors	Black	North America	149	2003	https://www.allelefrequencies.net/pop6001c.asp?pop_name=USA%20African%20American%20pop%202	2026-08-26
usa-african-american-pop-3	USA African American pop 3	38º 53' N	77º 2' W	Not Known	Urban and Rural	Bone Marrow Registry	Black	North America	564	2006	https://www.allelefrequencies.net/pop6001c.asp?pop_name=USA%20African%20American%20pop%203	2026-08-26
usa-african-american-pop-4	USA African American pop 4	44º 58' N	93º 15' W	Not Known	Urban and Rural	Bone Marrow Registry	Black	North America	2411 (A = 2404, B = 2410, DQB1 = 1154, DRB1 = 2405)	2006	https://www.allelefrequencies.net/pop6001c.asp?pop_name=USA%20African%20American%20pop%204	2026-08-26
usa-african-american-pop-5	USA African American pop 5	47º 36' N	122º 19' W	Not Known	Unknown	Other	Black	North America	38	2001	https://www.allelefrequencies.net/pop6001c.asp?pop_name=USA%20African%20American%20pop%205	2026-08-26
usa-african-american-pop-6	USA African American pop 6	47º 36' N	122º 19' W	Not Known	Unknown	Anthropology Study	Black	North America	42	1998	https://www.allelefrequencies.net/pop6001c.asp?pop_name=USA%20African%20American%20pop%206	2026-08-26
usa-african-american-pop-7	USA African American pop 7	38º 53' N	77º 2' W	Not Known	Unknown	Controls for Disease Study	Black	North America	193	2002	https://www.allelefrequencies.net/pop6001c.asp?pop_name=USA%20African%20American%20pop%207	2026-08-26
usa-african-american-pop-8	USA African American pop 8	39º 24' N	77º 25' W	Not Known	Unknown	Disease Study Patients	Black	North America	605	2005	https://www.allelefrequencies.net/pop6001c.asp?pop_name=USA%20African%20American%20pop%208	2026-08-26
usa-alaska-yupik	USA Alaska Yupik	60º 48' N	161º 26' W	Grandparents live at same location	Rural	Anthropology Study	Amerindian	North America	252	1998	https://www.allelefrequencies.net/pop6001c.asp?pop_name=USA%20Alaska%20Yupik	2026-08-26
usa-amerindian-bone-marrow-donors-cytokine	USA Amerindian Bone Marrow Donors Cytokine	47º 36' N	122º 19' W	Not Known	Urban and Rural	Bone Marrow Registry	Amerindian	North America	23	2002	https://www.allelefrequencies.net/pop6001c.asp?pop_name=USA%20Amerindian%20Bone%20Marrow%20Donors%20Cytokine	2026-08-26
usa-arizona-gila-river-amerindian	USA Arizona Gila River Amerindian	33º 4' N	111º 44' W	Parents live at same location	Urban and Rural	Anthropology Study	Amerindian	North America	492 (A = 233, B = 218, C = 169, DQA1 = 217, DQB1 = 217, DRB1 = 321)	2008	https://www.allelefrequencies.net/pop6001c.asp?pop_name=USA%20Arizona%20Gila%20River%20Amerindian	2026-08-26
usa-arizona-gila-river-pima	USA Arizona Gila River Pima	33º 4' N	111º 43' W	Parents live at same location	Urban and Rural	Controls for Disease Study	Amerindian	North America	3000 (A = 3194, B = 3202, C = 3153, DPA1 = 3269, DPB1 = 3267, DQA1 = 1195, DQB1 = 2893, DRB1 = 3239)	2017	https://www.allelefrequencies.net/pop6001c.asp?pop_name=USA%20Arizona%20Gila%20River%20Pima	2026-08-26
usa-arizona-pima	USA Arizona Pima	33º 0' N	113º 0' W	Not Known	Rural	Anthropology Study	Amerindian	North America	100	2002	https://www.allelefrequencies.net/pop6001c.asp?pop_name=USA%20Arizona%20Pima	2026-08-26
usa-arizona-pima-pop2	USA Arizona Pima pop2	33º 0' N	113º 0' W	Not Known	Rural	Anthropology Study	Amerindian	North America	18	2002	https://www.allelefrequencies.net/pop6001c.asp?pop_name=USA%20Arizona%20Pima%20pop2	2026-08-26
usa-asian	USA Asian	30º 0' N	95º 0' W	Not Known	Urban and Rural	Bone Marrow Registry	Asian	North America	358	2001	https://www.allelefrequencies.net/pop6001c.asp?pop_name=USA%20Asian	2026-08-26
usa-asian-pop-2	USA Asian pop 2	44º 58' N	93º 15' W	Not Known	Urban and Rural	Bone Marrow Registry	Asian	North America	1772 (A = 1771, B = 1767, DQB1 = 1136, DRB1 = 1768)	2006	https://www.allelefrequencies.net/pop6001c.asp?pop_name=USA%20Asian%20pop%202	2026-08-26
usa-boston-african-american-mic	USA Boston African American MIC	42º 21' N	71º 3' W	Not Known	Urban	Anthropology Study	Black	North America	60	2002	https://www.allelefrequencies.net/pop6001c.asp?pop_name=USA%20Boston%20African%20American%20MIC	2026-08-26
usa-boston-kir	USA Boston KIR	42º 21' N	71º 3' W	Not Known	Urban	Anthropology Study	Black	North America	53	2005	https://www.allelefrequencies.net/pop6001c.asp?pop_name=USA%20Boston%20KIR	2026-08-26
usa-bronx-hispanic-cytokine	USA Bronx Hispanic Cytokine	40º 49' N	73º 52' W	Not Known	Urban	Disease Study Patients	Hispanic	North America	173	2001	https://www.allelefrequencies.net/pop6001c.asp?pop_name=USA%20Bronx%20Hispanic%20Cytokine	2026-08-26
usa-california-african-american-kir	USA California African American KIR	34º 3' N	118º 15' W	Not Known	Urban and Rural	Blood Donor	Black	North America	58	2005	https://www.allelefrequencies.net/pop6001c.asp?pop_name=USA%20California%20African%20American%20KIR	2026-08-26
usa-california-african-american-pop-2-kir	USA California African American pop 2 KIR	32º 47' N	117º 9' W	Not Known	Urban	Anthropology Study	Black	North America	92	2005	https://www.allelefrequencies.net/pop6001c.asp?pop_name=USA%20California%20African%20American%20pop%202%20KIR	2026-08-26
usa-california-asian-american-kir	USA California Asian American KIR	34º 3' N	118º 15' W	Not Known	Urban and Rural	Blood Donor	Asian	North America	150	2005	https://www.allelefrequencies.net/pop6001c.asp?pop_name=USA%20California%20Asian%20American%20KIR	2026-08-26
usa-california-asian-american-pop-2-kir	USA California Asian American pop 2 KIR	32º 47' N	117º 9' W	Not Known	Urban	Anthropology Study	Asian	North America	37	2005	https://www.allelefrequencies.net/pop6001c.asp?pop_name=USA%20California%20Asian%20American%20pop%202%20KIR	2026-08-26
usa-california-caucasians-kir	USA California Caucasians KIR	34º 3' N	118º 15' W	Not Known	Urban and Rural	Blood Donor	Caucasoid	North America	195	2005	https://www.allelefrequencies.net/pop6001c.asp?pop_name=USA%20California%20Caucasians%20KIR	2026-08-26
usa-california-caucasians-pop-2-kir	USA California Caucasians pop 2 KIR	32º 48' N	117º 9' W	Not Known	Urban	Anthropology Study	Caucasoid	North America	100	2005	https://www.allelefrequencies.net/pop6001c.asp?pop_name=USA%20California%20Caucasians%20pop%202%20KIR	2026-08-26
usa-california-hispanic-kir	USA California Hispanic KIR	34º 3' N	118º 15' W	Not Known	Urban and Rural	Blood Donor	Hispanic	North America	128	2005	https://www.allelefrequencies.net/pop6001c.asp?pop_name=USA%20California%20Hispanic%20KIR	2026-08-26
usa-california-hispanic-pop-2-kir	USA California Hispanic pop 2 KIR	32º 47' N	117º 9' W	Not Known	Urban	Anthropology Study	Hispanic	North America	156	2005	https://www.allelefrequencies.net/pop6001c.asp?pop_name=USA%20California%20Hispanic%20pop%202%20KIR	2026-08-26
usa-caucasian	USA Caucasian	38º 53' N	77º 2' W	Not Known	Urban and Rural	Bone Marrow Registry	Caucasoid	North America	61655	2002	https://www.allelefrequencies.net/pop6001c.asp?pop_name=USA%20Caucasian	2026-08-26
usa-caucasian-bethesda	USA Caucasian Bethesda	38º 0' N	78º 0' W	Not Known	Urban and Rural	Blood Donor	Caucasoid	North America	307 (A = 136, B = 129, C = 132, DQA1 = 171, DRB1 = 145)	2000	https://www.allelefrequencies.net/pop6001c.asp?pop_name=USA%20Caucasian%20Bethesda	2026-08-26
usa-caucasian-bone-marrow-donors-cytokine	USA Caucasian Bone Marrow Donors Cytokine	47º 36' N	122º 19' W	Not Known	Urban and Rural	Bone Marrow Registry	Caucasoid	North America	1477	2002	https://www.allelefrequencies.net/pop6001c.asp?pop_name=USA%20Caucasian%20Bone%20Marrow%20Donors%20Cytokine	2026-08-26
usa-caucasian-heart-recs-cytokine	USA Caucasian Heart Recs Cytokine	38º 53' N	77º 2' W	Not Known	Urban and Rural	Disease Study Patients	Caucasoid	North America	243	2005	https://www.allelefrequencies.net/pop6001c.asp?pop_name=USA%20Caucasian%20Heart%20Recs%20Cytokine	2026-08-26
usa-caucasian-houston	USA Caucasian Houston	29º 0' N	96º 0' W	Not Known	Urban and Rural	Blood Donor	Caucasoid	North America	194	1995	https://www.allelefrequencies.net/pop6001c.asp?pop_name=USA%20Caucasian%20Houston	2026-08-26
usa-caucasian-kir	USA Caucasian KIR	38º 53' N	77º 2' W	Not Known	Unknown	Other	Caucasoid	North America	255	2007	https://www.allelefrequencies.net/pop6001c.asp?pop_name=USA%20Caucasian%20KIR	2026-08-26
usa-caucasian-mic	USA Caucasian MIC	32º 46' N	96º 48' W	Not Known	Urban and Rural	Blood Donor	Caucasoid	North America	103	2000	https://www.allelefrequencies.net/pop6001c.asp?pop_name=USA%20Caucasian%20MIC	2026-08-26
usa-caucasian-mic-pop2	USA Caucasian MIC pop2	47º 36' N	122º 19' W	Not Known	Unknown	Anthropology Study	Caucasoid	North America	242	1998	https://www.allelefrequencies.net/pop6001c.asp?pop_name=USA%20Caucasian%20MIC%20pop2	2026-08-26
usa-caucasian-nmdp-kir	USA Caucasian NMDP KIR	47º 30' N	120º 30' W	Not Known	Unknown	Bone Marrow Registry	Caucasoid	North America	75	2006	https://www.allelefrequencies.net/pop6001c.asp?pop_name=USA%20Caucasian%20NMDP%20KIR	2026-08-26
usa-caucasian-pittsburgh	USA Caucasian Pittsburgh	40º 26' N	80º 0' W	Not Known	Urban and Rural	Blood Donor	Caucasoid	North America	177	1999	https://www.allelefrequencies.net/pop6001c.asp?pop_name=USA%20Caucasian%20Pittsburgh	2026-08-26
usa-caucasian-pop-2	USA Caucasian pop 2	30º 0' N	95º 0' W	Not Known	Urban and Rural	Bone Marrow Registry	Caucasoid	North America	265	2001	https://www.allelefrequencies.net/pop6001c.asp?pop_name=USA%20Caucasian%20pop%202	2026-08-26
usa-caucasian-pop-3	USA Caucasian pop 3	32º 46' N	96º 48' W	Not Known	Urban	Solid Organ Unrelated Donors	Caucasoid	North America	88	2003	https://www.allelefrequencies.net/pop6001c.asp?pop_name=USA%20Caucasian%20pop%203	2026-08-26
usa-caucasian-pop-4	USA Caucasian pop 4	38º 53' N	77º 2' W	Not Known	Unknown	Anthropology Study	Caucasoid	North America	1070	2000	https://www.allelefrequencies.net/pop6001c.asp?pop_name=USA%20Caucasian%20pop%204	2026-08-26
usa-caucasian-pop-5	USA Caucasian pop 5	38º 53' N	77º 2' W	Not Known	Unknown	Controls for Disease Study	Caucasoid	North America	268	2002	https://www.allelefrequencies.net/pop6001c.asp?pop_name=USA%20Caucasian%20pop%205	2026-08-26
usa-colorado-univ-cord-blood-bank-african-american	USA Colorado Univ Cord Blood Bank African American	39º 45' N	104º 52' W	Not Known	Urban	Bone Marrow Registry	Black	North America	261	2001	https://www.allelefrequencies.net/pop6001c.asp?pop_name=USA%20Colorado%20Univ%20Cord%20Blood%20Bank%20African%20American	2026-08-26
usa-colorado-univ-cord-blood-bank-asian	USA Colorado Univ Cord Blood Bank Asian	39º 45' N	104º 52' W	Not Known	Urban	Bone Marrow Registry	Asian	North America	100	2001	https://www.allelefrequencies.net/pop6001c.asp?pop_name=USA%20Colorado%20Univ%20Cord%20Blood%20Bank%20Asian	2026-08-26
usa-colorado-univ-cord-blood-bank-caucasian	USA Colorado Univ Cord Blood Bank Caucasian	39º 45' N	104º 52' W	Not Known	Urban	Bone Marrow Registry	Caucasoid	North America	3830	2001	https://www.allelefrequencies.net/pop6001c.asp?pop_name=USA%20Colorado%20Univ%20Cord%20Blood%20Bank%20Caucasian	2026-08-26
usa-colorado-univ-cord-blood-bank-hispanic	USA Colorado Univ Cord Blood Bank Hispanic	39º 45' N	104º 52' W	Not Known	Urban	Bone Marrow Registry	Hispanic	North America	1058	2001	https://www.allelefrequencies.net/pop6001c.asp?pop_name=USA%20Colorado%20Univ%20Cord%20Blood%20Bank%20Hispanic	2026-08-26
usa-eastern-european	USA Eastern European	38º 53' N	77º 2' W	Not Known	Urban and Rural	Bone Marrow Registry	Caucasoid	North America	558	2007	https://www.allelefrequencies.net/pop6001c.asp?pop_name=USA%20Eastern%20European	2026-08-26
usa-eastern-kir	USA Eastern KIR	39º 0' N	76º 42' W	Not Known	Urban	Controls for Disease Study	Caucasoid	North America	213	2004	https://www.allelefrequencies.net/pop6001c.asp?pop_name=USA%20Eastern%20KIR	2026-08-26
usa-european-american	USA European American	37º 48' N	122º 16' W	Not Known	Urban and Rural	Other	Caucasoid	North America	1899	2002	https://www.allelefrequencies.net/pop6001c.asp?pop_name=USA%20European%20American	2026-08-26
usa-european-american-pop-2	USA European American pop 2	39º 24' N	77º 25' W	Not Known	Unknown	Anthropology Study	Caucasoid	North America	1245	2005	https://www.allelefrequencies.net/pop6001c.asp?pop_name=USA%20European%20American%20pop%202	2026-08-26
usa-european-kir	USA European KIR	39º 24' N	77º 24' W	Not Known	Urban and Rural	Other	Caucasoid	North America	1465	2003	https://www.allelefrequencies.net/pop6001c.asp?pop_name=USA%20European%20KIR	2026-08-26
usa-florida-cuban-cytokine	USA Florida Cuban Cytokine	25º 0' N	80º 0' W	Not Known	Urban and Rural	Anthropology Study	Hispanic	North America	295	2004	https://www.allelefrequencies.net/pop6001c.asp?pop_name=USA%20Florida%20Cuban%20Cytokine	2026-08-26
usa-hawaii	USA Hawaii	21º 18' N	157º 47' W	Not Known	Urban and Rural	Anthropology Study	Polynesian	Oceania	39	1995	https://www.allelefrequencies.net/pop6001c.asp?pop_name=USA%20Hawaii	2026-08-26
usa-hawaii-okinawa	USA Hawaii Okinawa	21º 0' N	157º 0' W	Not Known	Rural	Anthropology Study	Polynesian	Oceania	106	2002	https://www.allelefrequencies.net/pop6001c.asp?pop_name=USA%20Hawaii%20Okinawa	2026-08-26
usa-hispanic	USA Hispanic	30º 0' N	95º 0' W	Not Known	Urban and Rural	Bone Marrow Registry	Hispanic	North America	234	2001	https://www.allelefrequencies.net/pop6001c.asp?pop_name=USA%20Hispanic	2026-08-26
usa-hispanic-bone-marrow-donors-cytokine	USA Hispanic Bone Marrow Donors Cytokine	47º 36' N	122º 19' W	Not Known	Urban and Rural	Bone Marrow Registry	Hispanic	North America	74	2002	https://www.allelefrequencies.net/pop6001c.asp?pop_name=USA%20Hispanic%20Bone%20Marrow%20Donors%20Cytokine	2026-08-26
usa-hispanic-heart-recs-cytokine	USA Hispanic Heart Recs Cytokine	38º 53' N	77º 2' W	Not Known	Urban and Rural	Disease Study Patients	Hispanic	North America	82	2005	https://www.allelefrequencies.net/pop6001c.asp?pop_name=USA%20Hispanic%20Heart%20Recs%20Cytokine	2026-08-26
usa-hispanic-pop-2	USA Hispanic pop 2	44º 58' N	93º 15' W	Not Known	Urban and Rural	Bone Marrow Registry	Hispanic	North America	1999 (A = 1992, DQB1 = 1085)	2006	https://www.allelefrequencies.net/pop6001c.asp?pop_name=USA%20Hispanic%20pop%202	2026-08-26
usa-italy-ancestry	USA Italy Ancestry	38º 0' N	77º 0' W	Not Known	Unknown	Bone Marrow Registry	Caucasoid	North America	273	2008	https://www.allelefrequencies.net/pop6001c.asp?pop_name=USA%20Italy%20Ancestry	2026-08-26
usa-mexican-american-mestizo	USA Mexican American Mestizo	38º 53' N	77º 2' W	Not Known	Unknown	Bone Marrow Registry	Mestizo	North America	553	2008	https://www.allelefrequencies.net/pop6001c.asp?pop_name=USA%20Mexican%20American%20Mestizo	2026-08-26
usa-mexican-american-mestizo-pop-2	USA Mexican American Mestizo pop 2	38º 0' N	97º 0' W	Not Known	Unknown	Controls for Disease Study	Mestizo	North America	113	1995	https://www.allelefrequencies.net/pop6001c.asp?pop_name=USA%20Mexican%20American%20Mestizo%20pop%202	2026-08-26
usa-mexican-american-mestizo-pop-3	USA Mexican American Mestizo pop 3	38º 0' N	97º 0' W	Not Known	Unknown	Controls for Disease Study	Mestizo	North America	116	1992	https://www.allelefrequencies.net/pop6001c.asp?pop_name=USA%20Mexican%20American%20Mestizo%20pop%203	2026-08-26
usa-minnesota-olmsted	USA Minnesota Olmsted	44º 0' N	92º 40' W	Not Known	Unknown	Other	Caucasoid	North America	339	2004	https://www.allelefrequencies.net/pop6001c.asp?pop_name=USA%20Minnesota%20Olmsted	2026-08-26
usa-n-carolina-african-american-cytokine	USA N Carolina African American Cytokine	35º 46' N	78º 43' W	Not Known	Unknown	Anthropology Study	Black	North America	42	2002	https://www.allelefrequencies.net/pop6001c.asp?pop_name=USA%20N%20Carolina%20African%20American%20Cytokine	2026-08-26
usa-n-carolina-caucasian-cytokine	USA N Carolina Caucasian Cytokine	35º 46' N	78º 43' W	Not Known	Unknown	Anthropology Study	Caucasoid	North America	81	2002	https://www.allelefrequencies.net/pop6001c.asp?pop_name=USA%20N%20Carolina%20Caucasian%20Cytokine	2026-08-26
usa-nmdp-african	USA NMDP African	38º 45' N	76º 6' W	Not Known	Unknown	Bone Marrow Registry	Black	North America	28557 (C = 6975, DQB1 = 1488)	2013	https://www.allelefrequencies.net/pop6001c.asp?pop_name=USA%20NMDP%20African	2026-08-26
usa-nmdp-african-american	USA NMDP African American	38º 45' N	76º 6' W	Not Known	Unknown	Bone Marrow Registry	Black	North America	412861	2004	https://www.allelefrequencies.net/pop6001c.asp?pop_name=USA%20NMDP%20African%20American	2026-08-26
usa-nmdp-african-american-pop-2	USA NMDP African American pop 2	38º 45' N	76º 6' W	Not Known	Unknown	Bone Marrow Registry	Black	North America	416581 (C = 99946, DQB1 = 16178)	2013	https://www.allelefrequencies.net/pop6001c.asp?pop_name=USA%20NMDP%20African%20American%20pop%202	2026-08-26
usa-nmdp-alaska-native-or-aleut	USA NMDP Alaska Native or Aleut	38º 45' N	76º 6' W	Not Known	Unknown	Bone Marrow Registry	Amerindian	North America	1376 (C = 288, DQB1 = 100)	2013	https://www.allelefrequencies.net/pop6001c.asp?pop_name=USA%20NMDP%20Alaska%20Native%20or%20Aleut	2026-08-26
usa-nmdp-american-indian-south-or-central-america	USA NMDP American Indian South or Central America	38º 45' N	76º 6' W	Not Known	Unknown	Bone Marrow Registry	Amerindian	North America	5926 (C = 1255, DQB1 = 228)	2013	https://www.allelefrequencies.net/pop6001c.asp?pop_name=USA%20NMDP%20American%20Indian%20South%20or%20Central%20America	2026-08-26
usa-nmdp-asian-and-pacific-islander	USA NMDP Asian and Pacific Islander	38º 45' N	76º 6' W	Not Known	Unknown	Bone Marrow Registry	Mixed	North America	359423	2004	https://www.allelefrequencies.net/pop6001c.asp?pop_name=USA%20NMDP%20Asian%20and%20Pacific%20Islander	2026-08-26
usa-nmdp-black-south-or-central-american	USA NMDP Black South or Central American	38º 45' N	76º 6' W	Not Known	Unknown	Bone Marrow Registry	Black	North America	4889 (C = 927, DQB1 = 203)	2013	https://www.allelefrequencies.net/pop6001c.asp?pop_name=USA%20NMDP%20Black%20South%20or%20Central%20American	2026-08-26
usa-nmdp-caribean-black	USA NMDP Caribean Black	38º 45' N	76º 6' W	Not Known	Unknown	Bone Marrow Registry	Black	North America	33328 (C = 10012, DQB1 = 1856)	2013	https://www.allelefrequencies.net/pop6001c.asp?pop_name=USA%20NMDP%20Caribean%20Black	2026-08-26
usa-nmdp-caribean-hispanic	USA NMDP Caribean Hispanic	38º 45' N	76º 6' W	Not Known	Unknown	Bone Marrow Registry	Hispanic	North America	115374 (C = 21286, DQB1 = 4420)	2013	https://www.allelefrequencies.net/pop6001c.asp?pop_name=USA%20NMDP%20Caribean%20Hispanic	2026-08-26
usa-nmdp-caribean-indian	USA NMDP Caribean Indian	38º 45' N	76º 6' W	Not Known	Unknown	Bone Marrow Registry	Amerindian	North America	14339 (C = 5631, DQB1 = 937)	2013	https://www.allelefrequencies.net/pop6001c.asp?pop_name=USA%20NMDP%20Caribean%20Indian	2026-08-26
usa-nmdp-caucasian	USA NMDP Caucasian	38º 45' N	76º 6' W	Not Known	Unknown	Bone Marrow Registry	Caucasoid	North America	2361208	2004	https://www.allelefrequencies.net/pop6001c.asp?pop_name=USA%20NMDP%20Caucasian	2026-08-26
usa-nmdp-chinese	USA NMDP Chinese	38º 45' N	76º 6' W	Not Known	Unknown	Bone Marrow Registry	Oriental	North America	99672 (C = 16621, DQB1 = 3753)	2013	https://www.allelefrequencies.net/pop6001c.asp?pop_name=USA%20NMDP%20Chinese	2026-08-26
usa-nmdp-european-caucasian	USA NMDP European Caucasian	38º 45' N	76º 6' W	Not Known	Unknown	Bone Marrow Registry	Caucasoid	North America	1242890 (C = 395676, DQB1 = 81106)	2013	https://www.allelefrequencies.net/pop6001c.asp?pop_name=USA%20NMDP%20European%20Caucasian	2026-08-26
usa-nmdp-filipino	USA NMDP Filipino	38º 45' N	76º 6' W	Not Known	Unknown	Bone Marrow Registry	Austronesian	North America	50614 (C = 15272, DQB1 = 1919)	2013	https://www.allelefrequencies.net/pop6001c.asp?pop_name=USA%20NMDP%20Filipino	2026-08-26
usa-nmdp-hawaiian-or-other-pacific-islander	USA NMDP Hawaiian or other Pacific Islander	38º 45' N	76º 6' W	Not Known	Unknown	Bone Marrow Registry	Polynesian	North America	11499 (C = 3110, DQB1 = 505)	2013	https://www.allelefrequencies.net/pop6001c.asp?pop_name=USA%20NMDP%20Hawaiian%20or%20other%20Pacific%20Islander	2026-08-26
usa-nmdp-hispanic	USA NMDP Hispanic	38º 45' N	76º 6' W	Not Known	Unknown	Bone Marrow Registry	Hispanic	North America	449844	2004	https://www.allelefrequencies.net/pop6001c.asp?pop_name=USA%20NMDP%20Hispanic	2026-08-26
usa-nmdp-hispanic-south-or-central-american	USA NMDP Hispanic South or Central American	38º 45' N	76º 6' W	Not Known	Unknown	Bone Marrow Registry	Hispanic	North America	146714 (C = 31446, DQB1 = 5764)	2013	https://www.allelefrequencies.net/pop6001c.asp?pop_name=USA%20NMDP%20Hispanic%20South%20or%20Central%20American	2026-08-26
usa-nmdp-japanese	USA NMDP Japanese	38º 45' N	76º 6' W	Not Known	Unknown	Bone Marrow Registry	Oriental	North America	24582 (C = 3552, DQB1 = 852)	2013	https://www.allelefrequencies.net/pop6001c.asp?pop_name=USA%20NMDP%20Japanese	2026-08-26
usa-nmdp-korean	USA NMDP Korean	38º 45' N	76º 6' W	Not Known	Unknown	Bone Marrow Registry	Oriental	North America	77584 (C = 11656, DQB1 = 2107)	2013	https://www.allelefrequencies.net/pop6001c.asp?pop_name=USA%20NMDP%20Korean	2026-08-26
usa-nmdp-mexican-or-chicano	USA NMDP Mexican or Chicano	38º 45' N	76º 6' W	Not Known	Unknown	Bone Marrow Registry	Hispanic	North America	261235 (C = 50875, DQB1 = 12721)	2013	https://www.allelefrequencies.net/pop6001c.asp?pop_name=USA%20NMDP%20Mexican%20or%20Chicano	2026-08-26
usa-nmdp-middle-eastern-or-north-coast-of-africa	USA NMDP Middle Eastern or North Coast of Africa	38º 45' N	76º 6' W	Not Known	Unknown	Bone Marrow Registry	Arab	North America	70890 (C = 22337, DQB1 = 4415)	2013	https://www.allelefrequencies.net/pop6001c.asp?pop_name=USA%20NMDP%20Middle%20Eastern%20or%20North%20Coast%20of%20Africa	2026-08-26
usa-nmdp-north-american-amerindian	USA NMDP North American Amerindian	38º 45' N	76º 6' W	Not Known	Unknown	Bone Marrow Registry	Amerindian	North America	35791 (C = 7006, DQB1 = 2398)	2013	https://www.allelefrequencies.net/pop6001c.asp?pop_name=USA%20NMDP%20North%20American%20Amerindian	2026-08-26
usa-nmdp-south-asian-indian	USA NMDP South Asian Indian	38º 45' N	76º 6' W	Not Known	Unknown	Bone Marrow Registry	Asian	North America	185391 (C = 29635, DQB1 = 8409)	2013	https://www.allelefrequencies.net/pop6001c.asp?pop_name=USA%20NMDP%20South%20Asian%20Indian	2026-08-26
usa-nmdp-southeast-asian	USA NMDP Southeast Asian	38º 45' N	76º 6' W	Not Known	Unknown	Bone Marrow Registry	Oriental	North America	27978	2013	https://www.allelefrequencies.net/pop6001c.asp?pop_name=USA%20NMDP%20Southeast%20Asian	2026-08-26
usa-nmdp-vietnamese	USA NMDP Vietnamese	38º 45' N	76º 6' W	Not Known	Unknown	Bone Marrow Registry	Oriental	North America	43540 (C = 10511, DQB1 = 1032)	2013	https://www.allelefrequencies.net/pop6001c.asp?pop_name=USA%20NMDP%20Vietnamese	2026-08-26
usa-new-mexico-canoncito-navajo	USA New Mexico Canoncito Navajo	34º 9' N	107º 3' W	Not Known	Rural	Anthropology Study	Amerindian	North America	42	2002	https://www.allelefrequencies.net/pop6001c.asp?pop_name=USA%20New%20Mexico%20Canoncito%20Navajo	2026-08-26
usa-new-mexico-zuni	USA New Mexico Zuni	35º 4' N	108º 9' W	Not Known	Rural	Anthropology Study	Amerindian	North America	51	2002	https://www.allelefrequencies.net/pop6001c.asp?pop_name=USA%20New%20Mexico%20Zuni	2026-08-26
usa-north-american-native	USA North American Native	30º 0' N	95º 0' W	Not Known	Urban and Rural	Bone Marrow Registry	Amerindian	North America	187	2001	https://www.allelefrequencies.net/pop6001c.asp?pop_name=USA%20North%20American%20Native	2026-08-26
usa-optn-african-american	USA OPTN African American	38º 53' N	77º 2' W	Not Known	Unknown	Solid Organ Unrelated Donors	Black	North America	1510	2006	https://www.allelefrequencies.net/pop6001c.asp?pop_name=USA%20OPTN%20African%20American	2026-08-26
usa-optn-asian	USA OPTN Asian	38º 53' N	77º 2' W	Not Known	Unknown	Solid Organ Unrelated Donors	Asian	North America	261	2006	https://www.allelefrequencies.net/pop6001c.asp?pop_name=USA%20OPTN%20Asian	2026-08-26
usa-optn-caucasian	USA OPTN Caucasian	38º 53' N	77º 2' W	Not Known	Unknown	Solid Organ Unrelated Donors	Caucasoid	North America	8525	2006	https://www.allelefrequencies.net/pop6001c.asp?pop_name=USA%20OPTN%20Caucasian	2026-08-26
usa-optn-hispanic	USA OPTN Hispanic	38º 53' N	77º 2' W	Not Known	Unknown	Solid Organ Unrelated Donors	Hispanic	North America	1580	2006	https://www.allelefrequencies.net/pop6001c.asp?pop_name=USA%20OPTN%20Hispanic	2026-08-26
usa-pennsylvania-heart-recipients-af-amer-cytokine	USA Pennsylvania Heart Recipients Af Amer Cytokine	41º 0' N	77º 30' W	Not Known	Urban and Rural	Disease Study Patients	Black	North America	19	2002	https://www.allelefrequencies.net/pop6001c.asp?pop_name=USA%20Pennsylvania%20Heart%20Recipients%20Af%20Amer%20Cytokine	2026-08-26
usa-pennsylvania-heart-recipients-cauc-cytokine	USA Pennsylvania Heart Recipients Cauc Cytokine	41º 0' N	77º 30' W	Not Known	Urban and Rural	Disease Study Patients	Caucasoid	North America	75	2002	https://www.allelefrequencies.net/pop6001c.asp?pop_name=USA%20Pennsylvania%20Heart%20Recipients%20Cauc%20Cytokine	2026-08-26
usa-philadelphia-caucasian	USA Philadelphia Caucasian	39º 56' N	75º 10' W	Not Known	Urban	Anthropology Study	Caucasoid	North America	141 (A = 135, B = 135, C = 98)	2005	https://www.allelefrequencies.net/pop6001c.asp?pop_name=USA%20Philadelphia%20Caucasian	2026-08-26
usa-philippines	USA Philippines	14º 35' N	121º 0' E	Not Known	Rural	Anthropology Study	Austronesian	North America	105 (DPB1 = 90)	1995	https://www.allelefrequencies.net/pop6001c.asp?pop_name=USA%20Philippines	2026-08-26
usa-san-antonio-caucasian	USA San Antonio Caucasian	29º 23' N	98º 33' W	Not Known	Urban	Anthropology Study	Caucasoid	North America	222 (A = 166, B = 166, C = 166)	2002	https://www.allelefrequencies.net/pop6001c.asp?pop_name=USA%20San%20Antonio%20Caucasian	2026-08-26
usa-san-diego	USA San Diego	32º 50' N	117º 15' W	Not Known	Urban	Blood Donor	Mixed	North America	496 (A = 310, B = 312, C = 312, DPB1 = 495, DQA1 = 364, DQB1 = 493)	2017	https://www.allelefrequencies.net/pop6001c.asp?pop_name=USA%20San%20Diego	2026-08-26
usa-san-francisco-caucasian	USA San Francisco Caucasian	37º 46' N	122º 25' W	Not Known	Urban	Controls for Disease Study	Caucasoid	North America	220	2011	https://www.allelefrequencies.net/pop6001c.asp?pop_name=USA%20San%20Francisco%20Caucasian	2026-08-26
usa-south-dakota-hutteritie	USA South Dakota Hutteritie	45º 30' N	100º 0' W	Not Known	Unknown	Other	Caucasoid	North America	80	1996	https://www.allelefrequencies.net/pop6001c.asp?pop_name=USA%20South%20Dakota%20Hutteritie	2026-08-26
usa-south-dakota-lakota-sioux	USA South Dakota Lakota Sioux	44º 30' N	100º 0' W	Not Known	Rural	Anthropology Study	Amerindian	North America	302	2004	https://www.allelefrequencies.net/pop6001c.asp?pop_name=USA%20South%20Dakota%20Lakota%20Sioux	2026-08-26
usa-south-dakota-sioux	USA South Dakota Sioux	45º 0' N	100º 0' W	Not Known	Rural	Anthropology Study	Amerindian	North America	101	2002	https://www.allelefrequencies.net/pop6001c.asp?pop_name=USA%20South%20Dakota%20Sioux	2026-08-26
usa-south-texas-hispanic	USA South Texas Hispanic	29º 0' N	98º 0' W	Not Known	Urban	Anthropology Study	Hispanic	North America	194 (A = 115, B = 115, C = 115)	2002	https://www.allelefrequencies.net/pop6001c.asp?pop_name=USA%20South%20Texas%20Hispanic	2026-08-26
usa-southeast-african-american	USA Southeast African American	33º 0' N	84º 0' W	Not Known	Urban	Blood Donor	Black	North America	112	2003	https://www.allelefrequencies.net/pop6001c.asp?pop_name=USA%20Southeast%20African%20American	2026-08-26
usa-southeast-african-american-cytokine	USA Southeast African American Cytokine	33º 45' N	84º 25' W	Not Known	Urban and Rural	Other	Black	North America	250	2002	https://www.allelefrequencies.net/pop6001c.asp?pop_name=USA%20Southeast%20African%20American%20Cytokine	2026-08-26
usa-southeast-caucasian-cytokine	USA Southeast Caucasian Cytokine	33º 45' N	84º 25' W	Parents live at same location	Urban and Rural	Other	Caucasoid	North America	145	2003	https://www.allelefrequencies.net/pop6001c.asp?pop_name=USA%20Southeast%20Caucasian%20Cytokine	2026-08-26
usa-southern-california-mestizo	USA Southern California Mestizo	34º 3' N	118º 15' W	Not Known	Urban	Blood Donor	Mestizo	North America	73	2004	https://www.allelefrequencies.net/pop6001c.asp?pop_name=USA%20Southern%20California%20Mestizo	2026-08-26
usa-spain-ancestry	USA Spain Ancestry	38º 0' N	77º 0' W	Not Known	Unknown	Bone Marrow Registry	Hispanic	North America	279	2008	https://www.allelefrequencies.net/pop6001c.asp?pop_name=USA%20Spain%20Ancestry	2026-08-26
usa-springfield-puerto-rican-kir	USA Springfield Puerto Rican KIR	42º 6' N	72º 32' W	Grandparents live at same location	Urban	Controls for Disease Study	Hispanic	North America	74	2005	https://www.allelefrequencies.net/pop6001c.asp?pop_name=USA%20Springfield%20Puerto%20Rican%20KIR	2026-08-26
usa-upstate-ny-af-am-renal-recs-cytokine	USA Upstate NY Af Am Renal Recs Cytokine	42º 0' N	73º 0' W	Not Known	Urban and Rural	Disease Study Patients	Black	North America	16	1999	https://www.allelefrequencies.net/pop6001c.asp?pop_name=USA%20Upstate%20NY%20Af%20Am%20Renal%20Recs%20Cytokine	2026-08-26
usa-upstate-ny-caucasian-heart-recs-cytokine	USA Upstate NY Caucasian Heart Recs Cytokine	42º 0' N	73º 0' W	Not Known	Urban and Rural	Disease Study Patients	Caucasoid	North America	64	2002	https://www.allelefrequencies.net/pop6001c.asp?pop_name=USA%20Upstate%20NY%20Caucasian%20Heart%20Recs%20Cytokine	2026-08-26
usa-upstate-ny-caucasian-renal-recs-cytokine	USA Upstate NY Caucasian Renal Recs Cytokine	42º 0' N	73º 0' W	Not Known	Urban and Rural	Disease Study Patients	Caucasoid	North America	133	1999	https://www.allelefrequencies.net/pop6001c.asp?pop_name=USA%20Upstate%20NY%20Caucasian%20Renal%20Recs%20Cytokine	2026-08-26
usa-virginia-caucasian	USA Virginia Caucasian	37º 31' N	77º 28' W	Not Known	Urban	Controls for Disease Study	Caucasoid	North America	263	2000	https://www.allelefrequencies.net/pop6001c.asp?pop_name=USA%20Virginia%20Caucasian	2026-08-26
uganda-baganda	Uganda Baganda	0º 18' N	32º 34' E	Not Known	Unknown	Anthropology Study	Black	Sub-Saharan Africa	47	2000	https://www.allelefrequencies.net/pop6001c.asp?pop_name=Uganda%20Baganda	2026-08-26
uganda-baganda-cytokine	Uganda Baganda Cytokine	0º 0' N	32º 0' E	Not Known	Unknown	Other	Black	Sub-Saharan Africa	115	2002	https://www.allelefrequencies.net/pop6001c.asp?pop_name=Uganda%20Baganda%20Cytokine	2026-08-26
uganda-kampala	Uganda Kampala	0º 3' N	32º 6' E	Not Known	Urban	Anthropology Study	Black	Sub-Saharan Africa	161	2002	https://www.allelefrequencies.net/pop6001c.asp?pop_name=Uganda%20Kampala	2026-08-26
uganda-kampala-kir	Uganda Kampala KIR	0º 18' N	32º 34' E	Not Known	Unknown	Anthropology Study	Black	Sub-Saharan Africa	492	2011	https://www.allelefrequencies.net/pop6001c.asp?pop_name=Uganda%20Kampala%20KIR	2026-08-26
uganda-kampala-pop-2	Uganda Kampala pop 2	0º 20' N	32º 30' E	Not Known	Unknown	Anthropology Study	Black	Sub-Saharan Africa	175	2009	https://www.allelefrequencies.net/pop6001c.asp?pop_name=Uganda%20Kampala%20pop%202	2026-08-26
ukraine-khmelnytskyi	Ukraine Khmelnytskyi	50º 0' N	27º 0' E	Parents live at same location	Rural	Anthropology Study	Caucasoid	Europe	138	2000	https://www.allelefrequencies.net/pop6001c.asp?pop_name=Ukraine%20Khmelnytskyi	2026-08-26
ukraine-lvov	Ukraine Lvov	50º 0' N	24º 0' E	Parents live at same location	Rural	Anthropology Study	Caucasoid	Europe	102	2000	https://www.allelefrequencies.net/pop6001c.asp?pop_name=Ukraine%20Lvov	2026-08-26
united-arab-emirates	United Arab Emirates	24º 28' N	54º 22' E	Parents live at same location	Urban and Rural	Blood Donor	Arab	Western Asia	298	2002	https://www.allelefrequencies.net/pop6001c.asp?pop_name=United%20Arab%20Emirates	2026-08-26
united-arab-emirates-abu-dhabi	United Arab Emirates  Abu Dhabi	24º 28' N	54º 22' E	Grandparents live at same location	Urban	Blood Donor	Arab	Western Asia	52	2016	https://www.allelefrequencies.net/pop6001c.asp?pop_name=United%20Arab%20Emirates%20%20Abu%20Dhabi	2026-08-26
united-arab-emirates-pop-1	United Arab Emirates Pop 1	24º 42' N	54º 82' E	Parents live at same location	Urban and Rural	Other	Arab	Western Asia	570	2024	https://www.allelefrequencies.net/pop6001c.asp?pop_name=United%20Arab%20Emirates%20Pop%201	2026-08-26
united-arab-emirates-pop-2	United Arab Emirates pop 2	24º 0' N	53º 0' E	Not Known	Urban and Rural	Blood Donor	Arab	Western Asia	373	2006	https://www.allelefrequencies.net/pop6001c.asp?pop_name=United%20Arab%20Emirates%20pop%202	2026-08-26
united-kingdom	United Kingdom	50º 54' N	1º 24' W	Not Known	Urban and Rural	Anthropology Study	Caucasoid	Europe	187	1995	https://www.allelefrequencies.net/pop6001c.asp?pop_name=United%20Kingdom	2026-08-26
united-kingdom-central	United Kingdom Central	54º 0' N	4º 0' W	Grandparents live at same location	Rural	Anthropology Study	Caucasoid	Europe	135	2012	https://www.allelefrequencies.net/pop6001c.asp?pop_name=United%20Kingdom%20Central	2026-08-26
united-kingdom-east	United Kingdom East	54º 0' N	4º 0' W	Grandparents live at same location	Rural	Anthropology Study	Caucasoid	Europe	163	2012	https://www.allelefrequencies.net/pop6001c.asp?pop_name=United%20Kingdom%20East	2026-08-26
united-kingdom-north	United Kingdom North	54º 0' N	4º 0' W	Grandparents live at same location	Rural	Anthropology Study	Caucasoid	Europe	330	2012	https://www.allelefrequencies.net/pop6001c.asp?pop_name=United%20Kingdom%20North	2026-08-26
united-kingdom-orkney	United Kingdom Orkney	54º 0' N	4º 0' W	Grandparents live at same location	Rural	Anthropology Study	Caucasoid	Europe	88	2012	https://www.allelefrequencies.net/pop6001c.asp?pop_name=United%20Kingdom%20Orkney	2026-08-26
united-kingdom-south-west	United Kingdom South West	54º 0' N	4º 0' W	Grandparents live at same location	Rural	Anthropology Study	Caucasoid	Europe	163	2008	https://www.allelefrequencies.net/pop6001c.asp?pop_name=United%20Kingdom%20South%20West	2026-08-26
united-kingdom-pop-2	United Kingdom pop 2	51º 30' N	0º 7' W	Not Known	Urban	Solid Organ Unrelated Donors	Caucasoid	Europe	101	2007	https://www.allelefrequencies.net/pop6001c.asp?pop_name=United%20Kingdom%20pop%202	2026-08-26
united-kingdom-pop-3	United Kingdom pop 3	51º 45' N	1º 15' W	Not Known	Urban	Solid Organ Unrelated Donors	Caucasoid	Europe	604	1996	https://www.allelefrequencies.net/pop6001c.asp?pop_name=United%20Kingdom%20pop%203	2026-08-26
uruguay-mixed-kir	Uruguay Mixed KIR	34º 53' S	56º 10' W	Grandparents live at same location	Urban and Rural	Anthropology Study	Mixed	South and Central America	41	2007	https://www.allelefrequencies.net/pop6001c.asp?pop_name=Uruguay%20Mixed%20KIR	2026-08-26
uzbekistan-kir	Uzbekistan KIR	41º 16' N	69º 13' E	Not Known	Urban and Rural	Anthropology Study	Asian	Central Asia	67	2008	https://www.allelefrequencies.net/pop6001c.asp?pop_name=Uzbekistan%20KIR	2026-08-26
venezuela-aroy-yucpa	Venezuela Aroy Yucpa	10º 0' N	72º 30' W	Not Known	Rural	Anthropology Study	Amerindian	South and Central America	17	2003	https://www.allelefrequencies.net/pop6001c.asp?pop_name=Venezuela%20Aroy%20Yucpa	2026-08-26
venezuela-bari-kir	Venezuela Bari KIR	10º 0' N	72º 57' W	Not Known	Rural	Anthropology Study	Amerindian	South and Central America	80	2005	https://www.allelefrequencies.net/pop6001c.asp?pop_name=Venezuela%20Bari%20KIR	2026-08-26
venezuela-campo-rosario-bari	Venezuela Campo Rosario Bari	8º 30' N	72º 30' W	Not Known	Rural	Anthropology Study	Amerindian	South and Central America	26	2003	https://www.allelefrequencies.net/pop6001c.asp?pop_name=Venezuela%20Campo%20Rosario%20Bari	2026-08-26
venezuela-caracas-mestizo	Venezuela Caracas Mestizo	10º 30' N	66º 55' W	Not Known	Urban	Other	Mestizo	South and Central America	50	2002	https://www.allelefrequencies.net/pop6001c.asp?pop_name=Venezuela%20Caracas%20Mestizo	2026-08-26
venezuela-colonia-tovar	Venezuela Colonia Tovar	10º 15' N	67º 10' W	Not Known	Rural	Anthropology Study	Caucasoid	South and Central America	86	2002	https://www.allelefrequencies.net/pop6001c.asp?pop_name=Venezuela%20Colonia%20Tovar	2026-08-26
venezuela-marewa-yucpa	Venezuela Marewa Yucpa	9º 10' N	72º 30' W	Not Known	Rural	Anthropology Study	Amerindian	South and Central America	29	2003	https://www.allelefrequencies.net/pop6001c.asp?pop_name=Venezuela%20Marewa%20Yucpa	2026-08-26
venezuela-mestizo-kir	Venezuela Mestizo KIR	10º 30' N	66º 55' W	Not Known	Unknown	Anthropology Study	Mestizo	South and Central America	205	2009	https://www.allelefrequencies.net/pop6001c.asp?pop_name=Venezuela%20Mestizo%20KIR	2026-08-26
venezuela-mixed-cytokine	Venezuela Mixed Cytokine	10º 30' N	66º 55' W	Not Known	Urban	Blood Donor	Mixed	South and Central America	46	2003	https://www.allelefrequencies.net/pop6001c.asp?pop_name=Venezuela%20Mixed%20Cytokine	2026-08-26
venezuela-orinoco-delta-warao	Venezuela Orinoco Delta Warao	9º 4' N	62º 3' W	Not Known	Rural	Anthropology Study	Amerindian	South and Central America	34	2003	https://www.allelefrequencies.net/pop6001c.asp?pop_name=Venezuela%20Orinoco%20Delta%20Warao	2026-08-26
venezuela-peraya-yucpa	Venezuela Peraya Yucpa	9º 10' N	72º 30' W	Not Known	Rural	Anthropology Study	Amerindian	South and Central America	26	2003	https://www.allelefrequencies.net/pop6001c.asp?pop_name=Venezuela%20Peraya%20Yucpa	2026-08-26
venezuela-perja-mountain-bari	Venezuela Perja Mountain Bari	9º 49' N	72º 49' W	Not Known	Rural	Anthropology Study	Amerindian	South and Central America	55	2002	https://www.allelefrequencies.net/pop6001c.asp?pop_name=Venezuela%20Perja%20Mountain%20Bari	2026-08-26
venezuela-saimadoyi-bari	Venezuela Saimadoyi Bari	8º 30' N	72º 30' W	Not Known	Rural	Anthropology Study	Amerindian	South and Central America	35	2003	https://www.allelefrequencies.net/pop6001c.asp?pop_name=Venezuela%20Saimadoyi%20Bari	2026-08-26
venezuela-sierra-de-perija-yucpa	Venezuela Sierra de Perija Yucpa	9º 0' N	72º 0' W	Not Known	Rural	Anthropology Study	Amerindian	South and Central America	73	2000	https://www.allelefrequencies.net/pop6001c.asp?pop_name=Venezuela%20Sierra%20de%20Perija%20Yucpa	2026-08-26
venezuela-valencia-and-maracaibo-caracus-mixed	Venezuela Valencia and Maracaibo Caracus Mixed	10º 10' N	68º 0' W	Grandparents live at same location	Urban and Rural	Controls for Disease Study	Mixed	South and Central America	96	2006	https://www.allelefrequencies.net/pop6001c.asp?pop_name=Venezuela%20Valencia%20and%20Maracaibo%20Caracus%20Mixed	2026-08-26
venezuela-warao-kir	Venezuela Warao KIR	8º 30' N	67º 10' W	Not Known	Rural	Anthropology Study	Amerindian	South and Central America	89	2005	https://www.allelefrequencies.net/pop6001c.asp?pop_name=Venezuela%20Warao%20KIR	2026-08-26
venezuela-yucpa-kir	Venezuela Yucpa KIR	10º 0' N	72º 57' W	Not Known	Rural	Anthropology Study	Amerindian	South and Central America	61	2005	https://www.allelefrequencies.net/pop6001c.asp?pop_name=Venezuela%20Yucpa%20KIR	2026-08-26
venezuela-zulia-maracaibo-mixed	Venezuela Zulia Maracaibo Mixed	10º 38' N	71º 26' W	Parents live at same location	Urban and Rural	Anthropology Study	Mixed	South and Central America	20	2007	https://www.allelefrequencies.net/pop6001c.asp?pop_name=Venezuela%20Zulia%20Maracaibo%20Mixed	2026-08-26
venezuela-zulia-san-jose-de-heras-mixed	Venezuela Zulia San Jose de Heras Mixed	10º 36' N	72º 0' W	Parents live at same location	Urban and Rural	Anthropology Study	Mixed	South and Central America	20	2007	https://www.allelefrequencies.net/pop6001c.asp?pop_name=Venezuela%20Zulia%20San%20Jose%20de%20Heras%20Mixed	2026-08-26
vietnam-hanoi	Vietnam Hanoi	21º 2' N	105º 51' E	Not Known	Unknown	Controls for Disease Study	Oriental	South-East Asia	50	2008	https://www.allelefrequencies.net/pop6001c.asp?pop_name=Vietnam%20Hanoi	2026-08-26
vietnam-hanoi-kir-pop-2	Vietnam Hanoi  KIR pop 2	21º 1' N	105º 45' E	Not Known	Urban	Anthropology Study	Oriental	South-East Asia	140	2017	https://www.allelefrequencies.net/pop6001c.asp?pop_name=Vietnam%20Hanoi%20%20KIR%20pop%202	2026-08-26
vietnam-hanoi-kir	Vietnam Hanoi KIR	21º 2' N	105º 51' E	Not Known	Unknown	Anthropology Study	Oriental	South-East Asia	59	1999	https://www.allelefrequencies.net/pop6001c.asp?pop_name=Vietnam%20Hanoi%20KIR	2026-08-26
vietnam-hanoi-kinh	Vietnam Hanoi Kinh	21º 2' N	105º 51' E	Not Known	Urban	Anthropology Study	Oriental	South-East Asia	103	2001	https://www.allelefrequencies.net/pop6001c.asp?pop_name=Vietnam%20Hanoi%20Kinh	2026-08-26
vietnam-hanoi-kinh-pop-2	Vietnam Hanoi Kinh pop 2	21º 2' N	105º 51' E	Not Known	Urban	Anthropology Study	Oriental	South-East Asia	170	2006	https://www.allelefrequencies.net/pop6001c.asp?pop_name=Vietnam%20Hanoi%20Kinh%20pop%202	2026-08-26
vietnam-hoabinh-muong	Vietnam HoaBinh Muong	20º 48' N	105º 20' E	Not Known	Unknown	Anthropology Study	Oriental	South-East Asia	83	2001	https://www.allelefrequencies.net/pop6001c.asp?pop_name=Vietnam%20HoaBinh%20Muong	2026-08-26
vietnam-kinh	Vietnam Kinh	14º 5' N	108º 27' E	Not Known	Urban and Rural	Anthropology Study	Oriental	South-East Asia	101	2018	https://www.allelefrequencies.net/pop6001c.asp?pop_name=Vietnam%20Kinh	2026-08-26
vietnam-kinh-dqb1	Vietnam Kinh  DQB1	20º 0' N	105º 0' E	Not Known	Urban and Rural	Other	Asian	South-East Asia	2076	2020	https://www.allelefrequencies.net/pop6001c.asp?pop_name=Vietnam%20Kinh%20%20DQB1	2026-08-26
wales	Wales	51º 29' N	3º 11' W	Not Known	Urban and Rural	Bone Marrow Registry	Caucasoid	Europe	1798	2002	https://www.allelefrequencies.net/pop6001c.asp?pop_name=Wales	2026-08-26
wales-mic	Wales MIC	51º 29' N	3º 11' W	Not Known	Urban	Blood Donor	Caucasoid	Europe	166	2004	https://www.allelefrequencies.net/pop6001c.asp?pop_name=Wales%20MIC	2026-08-26
wales-pop-2	Wales pop 2	51º 29' N	3º 11' W	Not Known	Urban and Rural	Bone Marrow Registry	Caucasoid	Europe	39979	2009	https://www.allelefrequencies.net/pop6001c.asp?pop_name=Wales%20pop%202	2026-08-26
western-samoa-and-tokelau	Western Samoa and Tokelau	9º 10' S	171º 50' W	Not Known	Rural	Anthropology Study	Polynesian	Oceania	51	1995	https://www.allelefrequencies.net/pop6001c.asp?pop_name=Western%20Samoa%20and%20Tokelau	2026-08-26
yemen-jews-kir	Yemen Jews KIR	15º 21' N	44º 12' E	Not Known	Unknown	Anthropology Study	Jew	Western Asia	43	2006	https://www.allelefrequencies.net/pop6001c.asp?pop_name=Yemen%20Jews%20KIR	2026-08-26
zambia	Zambia	15º 25' S	28º 17' E	Not Known	Unknown	Anthropology Study	Black	Sub-Saharan Africa	256	2005	https://www.allelefrequencies.net/pop6001c.asp?pop_name=Zambia	2026-08-26
zambia-lusaka	Zambia Lusaka	15º 25' S	28º 17' E	Not Known	Urban	Anthropology Study	Black	Sub-Saharan Africa	44	2002	https://www.allelefrequencies.net/pop6001c.asp?pop_name=Zambia%20Lusaka	2026-08-26
zimbabwe-harare-kir	Zimbabwe Harare KIR	19º 8' S	29º 53' E	Not Known	Unknown	Controls for Disease Study	Black	Sub-Saharan Africa	97	2013	https://www.allelefrequencies.net/pop6001c.asp?pop_name=Zimbabwe%20Harare%20KIR	2026-08-26
zimbabwe-harare-shona	Zimbabwe Harare Shona	17º 51' S	31º 1' E	Not Known	Rural	Anthropology Study	Black	Sub-Saharan Africa	230	2002	https://www.allelefrequencies.net/pop6001c.asp?pop_name=Zimbabwe%20Harare%20Shona	2026-08-26
zimbabwe-harare-shona-cytokine	Zimbabwe Harare Shona Cytokine	17º 0' S	31º 0' E	Parents live at same location	Urban	Other	Black	Sub-Saharan Africa	118	2002	https://www.allelefrequencies.net/pop6001c.asp?pop_name=Zimbabwe%20Harare%20Shona%20Cytokine	2026-08-26
zimbabwe-harare-shona-pop2	Zimbabwe Harare Shona pop2	17º 51' S	31º 1' E	Not Known	Rural	Anthropology Study	Black	Sub-Saharan Africa	108	1999	https://www.allelefrequencies.net/pop6001c.asp?pop_name=Zimbabwe%20Harare%20Shona%20pop2	2026-08-26
zimbabwe-kir	Zimbabwe KIR	17º 50' S	31º 3' E	Not Known	Rural	Anthropology Study	Black	Sub-Saharan Africa	93	2005	https://www.allelefrequencies.net/pop6001c.asp?pop_name=Zimbabwe%20KIR	2026-08-26
