id,genesymbol,name,functionalstatus,clinicalfunctionalstatus,clinicalfunctionalsubstrate,activityvalue,definitionid,citations,strength,version
1508725,ABCG2,"rs2231142 reference (G)",,"Normal function",,,1508724,{},,391
1508727,ABCG2,"rs2231142 variant (T)",,"Decreased function",,,1508726,"{25236865,21091277,22098950,18464048,18958403,15475413,15553238,10646850,11688982,11309344,25639366,26914831}",Strong,391
777267,CACNA1S,c.3257G>A,"Uncertain function","Malignant Hyperthermia associated",,,777266,"{9199552,11260227,12411788,16163667,15201141}",,409
777265,CACNA1S,c.520C>T,"Uncertain function","Malignant Hyperthermia associated",,,777264,"{19825159,28259615,22547813}",,409
777263,CACNA1S,Reference,,"Normal function",,,777262,{},,251
777310,CFTR,2789+5G->A,,"ivacaftor responsive",,,777309,{},,249
777312,CFTR,3272-26A->G,,"ivacaftor responsive",,,777311,{},,249
777314,CFTR,3849+10kbC->T,,"ivacaftor responsive",,,777313,{},,249
777316,CFTR,711+3A->G,,"ivacaftor responsive",,,777315,{},,249
777318,CFTR,A1067T,,"ivacaftor responsive",,,777317,{},,249
6355214,CFTR,A120T,,"ivacaftor responsive",,,6355213,{},,48
6355216,CFTR,A234D,,"ivacaftor responsive",,,6355215,{},,48
6355218,CFTR,A349V,,"ivacaftor responsive",,,6355217,{},,48
777320,CFTR,A455E,,"ivacaftor responsive",,,777319,{},,249
777322,CFTR,D110E,,"ivacaftor responsive",,,777321,{},,249
777324,CFTR,D110H,,"ivacaftor responsive",,,777323,{},,249
777326,CFTR,D1152H,,"ivacaftor responsive",,,777325,{},,249
777328,CFTR,D1270N,,"ivacaftor responsive",,,777327,{},,249
6355228,CFTR,D192G,,"ivacaftor responsive",,,6355227,{},,48
777330,CFTR,D579G,,"ivacaftor responsive",,,777329,{},,249
6355232,CFTR,D924N,,"ivacaftor responsive",,,6355231,{},,48
777332,CFTR,E193K,,"ivacaftor responsive",,,777331,{},,249
777334,CFTR,E56K,,"ivacaftor responsive",,,777333,{},,249
6355242,CFTR,E822K,,"ivacaftor responsive",,,6355241,{},,48
777336,CFTR,E831X,,"ivacaftor responsive",,,777335,{},,249
777338,CFTR,F1052V,,"ivacaftor responsive",,,777337,{},,249
777340,CFTR,F1074L,,"ivacaftor responsive",,,777339,{},,249
6355246,CFTR,F311del,,"ivacaftor responsive",,,6355245,{},,48
6355248,CFTR,F311L,,"ivacaftor responsive",,,6355247,{},,48
6355250,CFTR,F508C,,"ivacaftor responsive",,,6355249,{},,48
6609707,CFTR,"F508C,S1251N",,"ivacaftor responsive",,,6606011,{},,40
777342,CFTR,G1069R,,"ivacaftor responsive",,,777341,{},,249
777344,CFTR,G1244E,,"ivacaftor responsive",,,777343,{},,249
6355280,CFTR,"G1249R(G>A)",,"ivacaftor responsive",,,6355279,{},,48
6355282,CFTR,"G1249R(G>C)",,"ivacaftor responsive",,,6355281,{},,48
777346,CFTR,G1349D,,"ivacaftor responsive",,,777345,{},,249
6355258,CFTR,G178E,,"ivacaftor responsive",,,6355257,{},,48
777348,CFTR,G178R,,"ivacaftor responsive",,,777347,{},,249
6355262,CFTR,"G194R(G>A)",,"ivacaftor responsive",,,6355261,{},,48
6355264,CFTR,"G194R(G>C)",,"ivacaftor responsive",,,6355263,{},,48
6355266,CFTR,G314E,,"ivacaftor responsive",,,6355265,{},,48
777350,CFTR,G551D,,"ivacaftor responsive",,,777349,{},,249
777352,CFTR,G551S,,"ivacaftor responsive",,,777351,{},,249
6355272,CFTR,G576A,,"ivacaftor responsive",,,6355271,{},,48
6355274,CFTR,G970D,,"ivacaftor responsive",,,6355273,{},,48
6355288,CFTR,H1375P,,"ivacaftor responsive",,,6355287,{},,48
6355286,CFTR,H939R,,"ivacaftor responsive",,,6355285,{},,48
6355296,CFTR,I1027T,,"ivacaftor responsive",,,6355295,{},,48
6355298,CFTR,I1139V,,"ivacaftor responsive",,,6355297,{},,48
6355290,CFTR,I148T,,"ivacaftor responsive",,,6355289,{},,48
6355292,CFTR,I175V,,"ivacaftor responsive",,,6355291,{},,48
6355294,CFTR,I807M,,"ivacaftor responsive",,,6355293,{},,48
777308,CFTR,"ivacaftor non-responsive CFTR sequence",,"ivacaftor non-responsive",,,777307,{},,249
777354,CFTR,K1060T,,"ivacaftor responsive",,,777353,{},,249
6355312,CFTR,L1480P,,"ivacaftor responsive",,,6355311,{},,48
777356,CFTR,L206W,,"ivacaftor responsive",,,777355,{},,249
6355304,CFTR,L320V,,"ivacaftor responsive",,,6355303,{},,48
6355306,CFTR,L967S,,"ivacaftor responsive",,,6355305,{},,48
6355308,CFTR,"L997F(G>C)",,"ivacaftor responsive",,,6355307,{},,48
6355310,CFTR,"L997F(G>T)",,"ivacaftor responsive",,,6355309,{},,48
6355314,CFTR,M152V,,"ivacaftor responsive",,,6355313,{},,48
6355316,CFTR,"M952I(G>A)",,"ivacaftor responsive",,,6355315,{},,48
6355318,CFTR,"M952I(G>C)",,"ivacaftor responsive",,,6355317,{},,48
6355320,CFTR,"M952I(G>T)",,"ivacaftor responsive",,,6355319,{},,48
6355322,CFTR,M952T,,"ivacaftor responsive",,,6355321,{},,48
777358,CFTR,P67L,,"ivacaftor responsive",,,777357,{},,249
6355332,CFTR,Q1291R,,"ivacaftor responsive",,,6355331,{},,48
6355326,CFTR,Q237E,,"ivacaftor responsive",,,6355325,{},,48
6355328,CFTR,Q237H,,"ivacaftor responsive",,,6355327,{},,48
6355330,CFTR,Q359R,,"ivacaftor responsive",,,6355329,{},,48
777360,CFTR,R1070Q,,"ivacaftor responsive",,,777359,{},,249
777362,CFTR,R1070W,,"ivacaftor responsive",,,777361,{},,249
6355368,CFTR,R1162L,,"ivacaftor responsive",,,6355367,{},,48
777364,CFTR,R117C,,"ivacaftor responsive",,,777363,{},,249
6355340,CFTR,R117G,,"ivacaftor responsive",,,6355339,{},,48
777366,CFTR,R117H,,"ivacaftor responsive",,,777365,{},,249
6355344,CFTR,R117L,,"ivacaftor responsive",,,6355343,{},,48
6355346,CFTR,R117P,,"ivacaftor responsive",,,6355345,{},,48
6355370,CFTR,R1283M,,"ivacaftor responsive",,,6355369,{},,48
6355348,CFTR,R170H,,"ivacaftor responsive",,,6355347,{},,48
777368,CFTR,R347H,,"ivacaftor responsive",,,777367,{},,249
6355352,CFTR,R347L,,"ivacaftor responsive",,,6355351,{},,48
777370,CFTR,R352Q,,"ivacaftor responsive",,,777369,{},,249
6355356,CFTR,R553Q,,"ivacaftor responsive",,,6355355,{},,48
6355358,CFTR,R668C,,"ivacaftor responsive",,,6355357,{},,48
777372,CFTR,R74W,,"ivacaftor responsive",,,777371,{},,249
6355336,CFTR,R75Q,,"ivacaftor responsive",,,6355335,{},,48
6355360,CFTR,R792G,,"ivacaftor responsive",,,6355359,{},,48
6355362,CFTR,R933G,,"ivacaftor responsive",,,6355361,{},,48
6355386,CFTR,S1159F,,"ivacaftor responsive",,,6355385,{},,48
6355388,CFTR,S1159P,,"ivacaftor responsive",,,6355387,{},,48
777374,CFTR,S1251N,,"ivacaftor responsive",,,777373,{},,249
777376,CFTR,S1255P,,"ivacaftor responsive",,,777375,{},,249
777378,CFTR,S549N,,"ivacaftor responsive",,,777377,{},,249
777380,CFTR,"S549R(A>C)",,"ivacaftor responsive",,,777379,{},,249
777382,CFTR,"S549R(T>G)",,"ivacaftor responsive",,,777381,{},,249
6355378,CFTR,S589N,,"ivacaftor responsive",,,6355377,{},,48
6355380,CFTR,S737F,,"ivacaftor responsive",,,6355379,{},,48
777384,CFTR,S945L,,"ivacaftor responsive",,,777383,{},,249
777386,CFTR,S977F,,"ivacaftor responsive",,,777385,{},,249
6355396,CFTR,T1053I,,"ivacaftor responsive",,,6355395,{},,48
6355394,CFTR,T338I,,"ivacaftor responsive",,,6355393,{},,48
6355404,CFTR,V1293G,,"ivacaftor responsive",,,6355403,{},,48
6355398,CFTR,V232D,,"ivacaftor responsive",,,6355397,{},,48
6355400,CFTR,V562I,,"ivacaftor responsive",,,6355399,{},,48
6355402,CFTR,V754M,,"ivacaftor responsive",,,6355401,{},,48
6355406,CFTR,W1282R,,"ivacaftor responsive",,,6355405,{},,48
6355408,CFTR,Y1014C,,"ivacaftor responsive",,,6355407,{},,48
6355410,CFTR,Y1032C,,"ivacaftor responsive",,,6355409,{},,48
777423,CYP2B6,*1,,"Normal function",,,777422,{},,409
777441,CYP2B6,*10,,"Uncertain function",,,777440,"{21746968,30201214}",Inadequate,409
777443,CYP2B6,*11,"Decreased function","Uncertain function",,,777442,"{15190123,19916993,20517174,21746968,23734829,23778320,25303294,26779253,27045425,30201214,28886044}",Limited,409
777445,CYP2B6,*12,"No function","No function",,,777444,"{15190123,20517174,21746968,30201214}",Limited,409
777447,CYP2B6,*13,"No function","No function",,,777446,"{15190123,17559344,20517174,30201214}",Limited,409
777449,CYP2B6,*14,"Decreased function","Uncertain function",,,777448,"{15190123,17559344,20517174,21746968,30201214}",Limited,409
777451,CYP2B6,*15,"Decreased or no function","Uncertain function",,,777450,"{15190123,17559344,20517174,20662624,21746968,30201214}",Limited,409
777453,CYP2B6,*17,"Normal function","Normal function",,,777452,"{16272958,26655325,30201214,32238417,35538637}",Limited,409
777455,CYP2B6,*18,"No function","No function",,,777454,"{16272958,16495778,18281305,20517174,21746968,23080225,23344581,25878720,25897175,26655325,30085944,30201214,32238417,34115651,35538637}",Strong,409
777457,CYP2B6,*19,"Decreased function","Decreased function",,,777456,"{16272958,21746968,30085944,30201214,31324697,32238417,35538637,18171905,24260284}",Limited,409
777425,CYP2B6,*2,"Normal function","Normal function",,,777424,"{12642465,17559344,21896912,22471906,23254426,23399569,26655325,30201214}",Strong,409
777459,CYP2B6,*20,"Decreased function","Decreased function",,,777458,"{16272958,21746968,30201214,18171905,24260284}",Limited,409
777461,CYP2B6,*21,"No or decreased function","Uncertain function",,,777460,"{16272958,20517174,21746968,30201214}",Inadequate,409
777463,CYP2B6,*22,"Normal or increased function","Uncertain function",,,777462,"{15722458,17235330,17559344,20624854,35194103}",Inadequate,409
777465,CYP2B6,*23,,"Uncertain function",,,777464,"{21746968,30201214}",Inadequate,408
777467,CYP2B6,*24,,"Uncertain function",,,777466,"{20517174,21746968,30201214}",Inadequate,409
777469,CYP2B6,*25,,"Uncertain function",,,777468,"{20517174,21746968,30201214}",Inadequate,408
777471,CYP2B6,*26,"Decreased function","Decreased function",,,777470,"{17918089,30085944,30201214,32238417,34100292,18171905,24260284}",Limited,409
777473,CYP2B6,*27,,"Uncertain function",,,777472,"{17235330,21746968,30201214}",Inadequate,409
777475,CYP2B6,*28,"No function","No function",,,777474,"{17235330,20517174,30201214}",Limited,409
777477,CYP2B6,*29,"Decreased function","Decreased function",,,777476,"{17885627,28181240}",Limited,409
777427,CYP2B6,*3,,"Uncertain function",,,777426,"{12642465,30201214}",Inadequate,409
777479,CYP2B6,*30,"No function","No function",,,777478,"{23164804,28181240}",Limited,409
777481,CYP2B6,*31,"Normal function","Normal function",,,777480,"{26655325,30201214}",Limited,409
777483,CYP2B6,*32,"Normal function","Normal function",,,777482,"{26655325,30201214}",Limited,409
777485,CYP2B6,*33,,"Uncertain function",,,777484,"{23418033,30201214}",Inadequate,409
777487,CYP2B6,*34,"Decreased function","Decreased function",,,777486,"{23418033,30201214,18171905,24260284}",Limited,409
777489,CYP2B6,*35,,"Uncertain function",,,777488,"{23418033,30201214}",Inadequate,409
777491,CYP2B6,*36,"Decreased function","Decreased function",,,777490,"{23418033,18171905,24260284}",Limited,409
777493,CYP2B6,*37,"Decreased or no function","Decreased function",,,777492,"{23418033,30201214,18171905,24260284}",Limited,409
777495,CYP2B6,*38,"No function","No function",,,777494,{23640958},Limited,409
2899143,CYP2B6,*39,"Decreased function","Decreased function",,,2899142,"{14551287,18171905,24260284,38596098}",Limited,198
777429,CYP2B6,*4,"Increased function","Increased function",,,777428,"{12642465,14515060,17015050,17235330,21659470,21746968,21821736,21976622,23254426,23399569,25934575,26389554,29637923,30085944,30906561,31324697,32238417,35538637}",Moderate,409
2899145,CYP2B6,*40,"Decreased function","Decreased function",,,2899144,"{14551287,18171905,24260284,38596098}",Limited,198
2899147,CYP2B6,*41,"Decreased function","Decreased function",,,2899146,"{14551287,18171905,24260284,38596098}",Limited,198
2899149,CYP2B6,*42,"Decreased function","Decreased function",,,2899148,"{14551287,18171905,24260284,38596098}",Limited,198
2899151,CYP2B6,*43,"Decreased function","Decreased function",,,2899150,"{14551287,18171905,24260284,38596098}",Limited,198
2899153,CYP2B6,*44,,"Uncertain function",,,2899152,{38596098},Inadequate,198
2899155,CYP2B6,*45,,"Uncertain function",,,2899154,{38596098},Inadequate,198
2899157,CYP2B6,*46,,"Uncertain function",,,2899156,{38596098},Inadequate,198
2899159,CYP2B6,*47,,"Uncertain function",,,2899158,{38596098},Inadequate,198
2899161,CYP2B6,*48,,"Uncertain function",,,2899160,{38596098},Inadequate,198
2899163,CYP2B6,*49,,"Uncertain function",,,2899162,{38596098},Inadequate,198
777431,CYP2B6,*5,"Normal function","Normal function",,,777430,"{11470993,12642465,17559344,20662624,20841522,21659470,22354160,23254426,23399569,23990572,25897175,26389554,26655325,31324697,32238417}",Strong,409
5997309,CYP2B6,*50,,,,,5997308,,,38
777433,CYP2B6,*6,"Decreased function","Decreased function",,,777432,"{12642465,14551287,15194512,16338275,17178267,17235330,17329992,17559344,18171905,21659470,22232427,23080225,23344581,23550066,24260284,25456329,25565674,26389554,26655325,27799204,28723731,29756345,30201214,32238417,32302325,34752647,35538637}",Strong,409
777435,CYP2B6,*7,"Decreased function","Decreased function",,,777434,"{12642465,14551287,18171905,21659470,24260284,30201214,31324697,32238417,35538637,3553863}",Limited,409
777437,CYP2B6,*8,"No function","No function",,,777436,"{14551287,15190123,20517174,21659470,21746968,30201214}",Limited,409
777439,CYP2B6,*9,"Decreased function","Decreased function",,,777438,"{11243870,14551287,15622315,18171905,21659470,22927450,23080225,24260284,30085944,30201214,3090656,32238417,35538637,30906561}",Strong,409
777533,CYP2C19,*1,,"Normal function",,,777532,"{7487078,32602114,22027650,29325448,33237321}",Definitve,409
777551,CYP2C19,*10,,"Decreased function",,,777550,"{12464799,19661214,21325430,25001882,24945780,21692664}",Limited,409
777553,CYP2C19,*11,,"Normal function",,,777552,"{12464799,21325430,25001882,21692664}",Limited,409
777555,CYP2C19,*12,,"Uncertain function",,,777554,{12464799},Inadequate,409
777557,CYP2C19,*13,,"Normal function",,,777556,"{12464799,21325430,25001882,21692664}",Limited,409
777559,CYP2C19,*14,,"Uncertain function",,,777558,"{21325430,25001882,21692664}",Inadequate,409
777561,CYP2C19,*15,,"Normal function",,,777560,"{21325430,25001882}",Limited,409
777563,CYP2C19,*16,,"Decreased function",,,777562,"{15499191,21325430,25001882,21692664}",Limited,409
777565,CYP2C19,*17,,"Increased function",,,777564,"{16413245,17625515,20083681,17625515,32857933,29325448,29136336,31649299,20083681}",Definitive,409
777567,CYP2C19,*18,,"Normal function",,,777566,"{17455109,18312490,21325430,25001882}",Limited,409
777569,CYP2C19,*19,,"Decreased function",,,777568,"{17455109,18312490,21325430,25001882,21692664}",Limited,409
777535,CYP2C19,*2,,"No function",,,777534,"{8195181,22027650}",Definitve,409
777571,CYP2C19,*22,,"No function",,,777570,"{25001882,19164093}",Limited,409
777573,CYP2C19,*23,,"Uncertain function",,,777572,"{25001882,27578295,30464555,31713493}",Inadequate,409
777575,CYP2C19,*24,,"No function",,,777574,"{25001882,27578295,31713493}",Limited,409
777577,CYP2C19,*25,,"Decreased function",,,777576,"{25001882,19636337,31713493}",Limited,409
777579,CYP2C19,*26,,"Decreased function",,,777578,"{19661214,25001882}",Limited,409
777581,CYP2C19,*28,,"Normal function",,,777580,"{25001882,20712527}",Limited,409
777583,CYP2C19,*29,,"Uncertain function",,,777582,"{26153442,30464555,29098786}",Inadequate,409
777537,CYP2C19,*3,,"No function",,,777536,"{7969038,9103550,22027650}",Definitve,409
777585,CYP2C19,*30,,"Uncertain function",,,777584,"{26153442,30464555,29098786}",Inadequate,409
777587,CYP2C19,*31,,"Uncertain function",,,777586,"{26153442,30464555,29098786}",Inadequate,409
777589,CYP2C19,*32,,"Uncertain function",,,777588,"{26153442,30464555,29098786}",Inadequate,409
777591,CYP2C19,*33,,"Uncertain function",,,777590,"{26153442,30464555,29098786}",Inadequate,409
777593,CYP2C19,*34,,"Uncertain function",,,777592,{23799451},Inadequate,409
777595,CYP2C19,*35,,"No function",,,777594,{26021325},Limited,409
777597,CYP2C19,*36,,"No function",,,777596,{31260137},Limited,409
777599,CYP2C19,*37,,"No function",,,777598,{31260137},Limited,409
777531,CYP2C19,*38,,"Normal function",,,777530,"{2009263,32602114}",Definitve,409
777601,CYP2C19,*39,,"Uncertain function",,,777600,"{21692664,21325430}",Inadequate,392
777539,CYP2C19,*4,,"No function",,,777538,"{9435198,21358751}",Limited,409
6235064,CYP2C19,*40,,,,,6235063,,,34
6235066,CYP2C19,*41,,,,,6235065,,,34
7721585,CYP2C19,*42,,,,,7721584,,,12
8357422,CYP2C19,*43,,,,,8357421,,,2
8357424,CYP2C19,*44,,,,,8357423,,,2
8357426,CYP2C19,*45,,,,,8357425,,,2
8357428,CYP2C19,*46,,,,,8357427,,,2
8357430,CYP2C19,*47,,,,,8357429,,,2
8357432,CYP2C19,*48,,,,,8357431,,,2
8357434,CYP2C19,*49,,,,,8357433,,,2
777541,CYP2C19,*5,,"No function",,,777540,"{9103550,10022751,21325430,25001882,21692664}",Moderate,409
8357436,CYP2C19,*50,,,,,8357435,,,2
8357438,CYP2C19,*51,,,,,8357437,,,2
8357440,CYP2C19,*52,,,,,8357439,,,2
777543,CYP2C19,*6,,"No function",,,777542,"{9732415,21325430,25001882}",Limited,409
777545,CYP2C19,*7,,"No function",,,777544,{10411572},Limited,409
777547,CYP2C19,*8,,"No function",,,777546,"{10411572,21325430,25001882,21692664}",Limited,409
777549,CYP2C19,*9,,"Decreased function",,,777548,"{12464799,21325430,25001882,21692664}",Limited,409
777669,CYP2C9,*1,"Normal function","Normal function",,1.0,777668,{},,408
777687,CYP2C9,*10,"Uncertain function","Uncertain function",,n/a,777686,"{23752738,28758225,15284535}","Inadequate evidence",409
777689,CYP2C9,*11,"Decreased function","Decreased function",,0.5,777688,"{15284535,23752738,15289788,15970795,25951663,16220110,21811894,23844998,24118918,25142737,25144335,25476996,25832633,25884291,25924705,27163851,27199745,24077631}",Definitive,409
777691,CYP2C9,*12,"Decreased function","Decreased function",,0.5,777690,"{15284535,23752738,28758225,23688605}",Limited,409
777693,CYP2C9,*13,"Decreased function","No function",,0.0,777692,"{23752738,16308280,15764711,25951663,19541829,16740353,20814155,19604036,21395648,21726410,21842338,22735459,23844998,24118918,24464553,25142737,25476996,25614704,25832633,25884291,27163851,25144335,27377818,27864660,15606435,24077631}",Definitive,409
777695,CYP2C9,*14,"Decreased function","Decreased function",,0.5,777694,"{16099926,23844998,24118918,25142737,25144335,25476996,25951663,25832633,25884291,25924705,27163851,24077631,24956244,19077919,15371982,23752738}",Moderate,409
777697,CYP2C9,*15,"No function","No function",,0.0,777696,"{16099926,23752738}",Limited,409
777699,CYP2C9,*16,"Decreased function","Decreased function",,0.5,777698,"{16099926,24077631,24118918,24464553,25142737,25951663,25144335,25476996,25614704,25832633,25884291,25924705,27163851,23844998}",Limited,409
777701,CYP2C9,*17,"Uncertain function","Uncertain function",,n/a,777700,"{23752738,16099926}","Inadequate evidence",409
777703,CYP2C9,*18,"Uncertain function","Uncertain function",,n/a,777702,"{23752738,16099926}","Inadequate evidence",409
777705,CYP2C9,*19,"Uncertain function","Uncertain function",,n/a,777704,"{23752738,23844998,24118918,25142737,25476996,25144335,25951663,25614704,25832633,25884291,27163851,24077631,16099926}","Inadequate evidence",409
777671,CYP2C9,*2,"Decreased function","Decreased function",,0.5,777670,"{29283396,20150829,1563752,12742136,10413320,27179628,25775139,19082874,30088221,15637526}",Definitive,409
777707,CYP2C9,*20,"Uncertain function","Uncertain function",,n/a,777706,{23752738},"Inadequate evidence",409
777709,CYP2C9,*21,"Uncertain function","Uncertain function",,n/a,777708,{23752738},"Inadequate evidence",409
777711,CYP2C9,*22,"Uncertain function","Uncertain function",,n/a,777710,{23752738},"Inadequate evidence",409
777713,CYP2C9,*23,"Decreased function","Decreased function",,0.5,777712,"{23752738,23844998,24118918,25951663,25142737,25144335,25476996,25832633,25884291,25924705,27163851,24077631}",Limited,409
777715,CYP2C9,*24,"No function","No function",,0.0,777714,"{23752738,17332144,16543980}",Limited,409
777717,CYP2C9,*25,"No function","No function",,0.0,777716,"{23752738,16788382}",Limited,409
777719,CYP2C9,*26,"Decreased function","Decreased function",,0.5,777718,"{23752738,19541829,16788382}",Limited,409
777721,CYP2C9,*27,"Uncertain function","Uncertain function",,n/a,777720,"{23752738,16788382,23844998,24118918,25142737,25144335,25951663,25476996,25614704,25832633,25884291,25924705,27163851,24077631}","Inadequate evidence",409
777723,CYP2C9,*28,"Decreased function","Decreased function",,0.5,777722,"{23752738,19541829,16788382}",Limited,409
777725,CYP2C9,*29,"Decreased function","Decreased function",,0.5,777724,"{23752738,16788382,23844998,24118918,25142737,25951663,25144335,25476996,25614704,25832633,25884291,25924705,27163851,24077631}",Limited,409
777673,CYP2C9,*3,"Decreased function","No function",,0.0,777672,"{8809086,29283396,20150829,15637526,12742136,10413320,27179628,25775139,19082874,30088221}",Definitive,409
777727,CYP2C9,*30,"Decreased function","Decreased function",,0.5,777726,"{23752738,19541829,16788382}",Limited,409
777729,CYP2C9,*31,"Decreased function","Decreased function",,0.5,777728,"{23752738,24118918,23844998,25142737,25144335,25951663,25476996,25832633,25884291,25924705,27163851,27199745,24077631}",Limited,409
777731,CYP2C9,*32,"Uncertain function","Uncertain function",,n/a,777730,{23752738},"Inadequate evidence",409
777733,CYP2C9,*33,"Decreased function","No function",,0.0,777732,"{23752738,18971529,23844998,24118918,25142737,25951663,25144335,25476996,25832633,25884291,27163851,19541829,24077631}",Limited,409
777735,CYP2C9,*34,"Uncertain function","Uncertain function",,n/a,777734,"{23752738,18971529,19541829,23844998,24118918,25142737,25144335,25951663,25476996,25614704,25832633,25884291,25924705,27163851,24077631}","Inadequate evidence",409
777737,CYP2C9,*35,"No function","No function",,0.0,777736,"{23752738,24322786,2145143}",Limited,409
777739,CYP2C9,*36,"Uncertain function","Uncertain function",,n/a,777738,"{24077631,24118918,25142737,25144335,25476996,25832633,25884291,25951663,25924705,27163851,23844998}","Inadequate evidence",409
777741,CYP2C9,*37,"Decreased function","Decreased function",,0.5,777740,"{24077631,24118918,25142737,25144335,25951663,25476996,25832633,25884291,25924705,27163851,23844998}",Limited,409
777743,CYP2C9,*38,"Decreased function","Decreased function",,0.5,777742,"{24077631,24118918,25142737,25144335,25951663,25476996,25832633,25884291,25924705,27163851,28758225,23844998}",Limited,409
777745,CYP2C9,*39,"No function","No function",,0.0,777744,"{24077631,24118918,25142737,25144335,25476996,25832633,25951663,25884291,27163851,23844998}",Limited,409
777675,CYP2C9,*4,"Decreased function","Decreased function",,0.5,777674,"{23752738,21228733}",Limited,409
777747,CYP2C9,*40,"Uncertain function","Uncertain function",,n/a,777746,"{24077631,24118918,25142737,25951663,25144335,25476996,25614704,25832633,25884291,25924705,27163851,28758225,23844998}","Inadequate evidence",409
777749,CYP2C9,*41,"Uncertain function","Uncertain function",,n/a,777748,"{24077631,24118918,25142737,25951663,25144335,25476996,25614704,25832633,25884291,25924705,27163851,23844998}","Inadequate evidence",409
777751,CYP2C9,*42,"No function","No function",,0.0,777750,"{24077631,24118918,25142737,25144335,25476996,25614704,25832633,25951663,25884291,25924705,27163851,23844998}",Limited,409
777753,CYP2C9,*43,"No function","No function",,0.0,777752,"{24077631,24118918,25142737,25144335,25476996,25832633,25884291,25951663,27163851,23844998}",Limited,409
777755,CYP2C9,*44,"Decreased function","Decreased function",,0.5,777754,"{24077631,24118918,25142737,25144335,25476996,25832633,25951663,25884291,25924705,27163851,23844998}",Limited,409
777757,CYP2C9,*45,"No function","No function",,0.0,777756,"{24077631,24118918,25144335,25951663,25142737,25476996,25614704,25884291,25832633,25924705,27163851,23844998}",Limited,409
777759,CYP2C9,*46,"Decreased function","Decreased function",,0.5,777758,"{24077631,24118918,25142737,25144335,25476996,25614704,25832633,25884291,25951663,25924705,27163851,23844998}",Limited,409
777761,CYP2C9,*47,"Uncertain function","Uncertain function",,n/a,777760,"{24077631,24118918,25142737,25144335,25476996,25832633,25884291,25924705,25951663,27163851,23844998}","Inadequate evidence",409
777763,CYP2C9,*48,"Uncertain function","Uncertain function",,n/a,777762,"{24077631,24118918,25142737,25144335,25476996,25614704,25832633,25884291,25951663,25924705,27163851,23844998}","Inadequate evidence",409
777765,CYP2C9,*49,"Uncertain function","Uncertain function",,n/a,777764,"{24077631,24118918,25142737,25144335,25476996,25832633,25884291,25951663,27163851,23844998}","Inadequate evidence",409
777677,CYP2C9,*5,"Decreased function","Decreased function",,0.5,777676,"{23752738,15289788,11455026,16220110,17504998,21811894,11901091}",Strong,409
777767,CYP2C9,*50,"Decreased function","Decreased function",,0.5,777766,"{24077631,24118918,25142737,25144335,25951663,25476996,25832633,25884291,25924705,27163851,23844998}",Limited,409
777769,CYP2C9,*51,"Uncertain function","Uncertain function",,n/a,777768,"{24077631,24118918,25142737,25144335,25951663,25476996,25832633,25884291,25924705,27163851,23844998}","Inadequate evidence",409
777771,CYP2C9,*52,"No function","No function",,0.0,777770,"{24077631,24118918,25142737,25144335,25476996,25832633,25951663,25884291,25924705,27163851,23844998}",Limited,409
777773,CYP2C9,*53,"Uncertain function","Uncertain function",,n/a,777772,"{24077631,24118918,25142737,25144335,25476996,25832633,25884291,25951663,25924705,27163851,23844998}","Inadequate evidence",409
777775,CYP2C9,*54,"Uncertain function","Uncertain function",,n/a,777774,"{24077631,24118918,25142737,25144335,25476996,25832633,25884291,25951663,25924705,27163851,23844998}","Inadequate evidence",409
777777,CYP2C9,*55,"Decreased function","Decreased function",,0.5,777776,"{24077631,24118918,25142737,25144335,25476996,25832633,25884291,25951663,25924705,27163851,23844998}",Limited,409
777779,CYP2C9,*56,"Uncertain function","Uncertain function",,n/a,777778,"{24077631,24118918,25142737,25144335,25476996,25832633,25884291,25951663,25924705,27163851,23844998}","Inadequate evidence",409
777781,CYP2C9,*57,"Unknown function","Unknown function",,n/a,777780,{},"No evidence",409
777783,CYP2C9,*58,"Decreased function","Uncertain function",,n/a,777782,"{25142737,25075423,25884291}","Inadequate evidence",409
777785,CYP2C9,*59,"Decreased function","Uncertain function",,n/a,777784,"{25142737,25994031,25884291}","Inadequate evidence",409
777679,CYP2C9,*6,"No function","No function",,0.0,777678,"{23752738,15289788,11740344,16220110,17895500,21811894,15094935}",Strong,409
777787,CYP2C9,*60,"Decreased function","Uncertain function",,n/a,777786,"{25142737,26255664,25884291}","Inadequate evidence",409
777789,CYP2C9,*61,"Decreased function","Decreased function",,0.5,777788,{30518301},Limited,409
777791,CYP2C9,*62,"No function","Uncertain function",,n/a,777790,{32531309},"Inadequate evidence",391
777793,CYP2C9,*63,"Uncertain function","Uncertain function",,n/a,777792,{33536773},"Inadequate evidence",391
777795,CYP2C9,*64,"Uncertain function","Uncertain function",,n/a,777794,{33536773},"Inadequate evidence",391
777797,CYP2C9,*65,"Uncertain function","Uncertain function",,n/a,777796,{33536773},"Inadequate evidence",391
777799,CYP2C9,*66,"Uncertain function","Uncertain function",,n/a,777798,{33536773},"Inadequate evidence",391
777801,CYP2C9,*67,"Uncertain function","Uncertain function",,n/a,777800,{33536773},"Inadequate evidence",391
777803,CYP2C9,*68,"Uncertain function","Uncertain function",,n/a,777802,{33536773},"Inadequate evidence",391
777805,CYP2C9,*69,"Uncertain function","Uncertain function",,n/a,777804,{33536773},"Inadequate evidence",391
777681,CYP2C9,*7,"Uncertain function","Uncertain function",,n/a,777680,"{15284535,23752738}","Inadequate evidence",409
777807,CYP2C9,*70,"Uncertain function","Uncertain function",,n/a,777806,{33536773},"Inadequate evidence",391
777809,CYP2C9,*71,"Uncertain function","Uncertain function",,n/a,777808,{},"Inadequate evidence",391
1406316,CYP2C9,*72,"Unknown function","Unknown function",,n/a,1406315,{},"No evidence",391
1406318,CYP2C9,*73,"Unknown function","Unknown function",,n/a,1406317,{},"No evidence",391
1406320,CYP2C9,*74,"Unknown function","Unknown function",,n/a,1406319,{},"No evidence",391
1406322,CYP2C9,*75,"Unknown function","Unknown function",,n/a,1406321,{},"No evidence",391
1932986,CYP2C9,*76,,,,,1932985,,,142
1932988,CYP2C9,*77,,,,,1932987,,,142
1932990,CYP2C9,*78,,,,,1932989,,,142
1932992,CYP2C9,*79,,,,,1932991,,,142
777683,CYP2C9,*8,"Decreased function","Decreased function",,0.5,777682,"{23752738,22378156,23959274,16220110,21811894,23844998,24118918,25142737,25144335,25476996,25832633,25884291,25924705,27163851,27199745,25951663,24077631,15289788,28758225,23376925,15284535}",Definitive,409
1932994,CYP2C9,*80,,,,,1932993,,,142
1932996,CYP2C9,*81,,,,,1932995,,,142
1932998,CYP2C9,*82,,,,,1932997,,,142
1933000,CYP2C9,*83,,,,,1932999,,,142
1933002,CYP2C9,*84,,,,,1933001,,,142
1933004,CYP2C9,*85,,,,,1933003,,,142
6235321,CYP2C9,*86,,,,,6235320,,,34
6235323,CYP2C9,*87,,,,,6235322,,,34
6235325,CYP2C9,*88,,,,,6235324,,,34
8357706,CYP2C9,*89,,,,,8357705,,,2
777685,CYP2C9,*9,"Normal function","Normal function",,1.0,777684,"{23752738,15284535,21811894,28758225,16220110,19164093,20716240}",Strong,409
8357708,CYP2C9,*90,,,,,8357707,,,2
8357710,CYP2C9,*91,,,,,8357709,,,2
8357712,CYP2C9,*92,,,,,8357711,,,2
8357714,CYP2C9,*93,,,,,8357713,,,2
8357716,CYP2C9,*94,,,,,8357715,,,2
777937,CYP2D6,*1,,"Normal function",,1.0,777936,{},,408
777955,CYP2D6,*10,,"Decreased function",,0.25,777954,"{8764380,11266079,18784265,8287064,24647041,25469868,26310775,26542054,26652007,26937172,26968424,27203132,27251229,27354764,27538917,19364831,30366777,31647186}",Strong,405
778119,CYP2D6,*100,,"No function",,0.0,778118,{23394389},Limited,405
778121,CYP2D6,*101,,"No function",,0.0,778120,{23394389},Limited,405
778123,CYP2D6,*102,,"Unknown function",,n/a,778122,{},"No Evidence",404
778125,CYP2D6,*103,,"Unknown function",,n/a,778124,{},"No Evidence",404
778127,CYP2D6,*104,,"Unknown function",,n/a,778126,{},"No Evidence",404
778129,CYP2D6,*105,,"Unknown function",,n/a,778128,{},"No Evidence",404
778131,CYP2D6,*106,,"Uncertain function",,n/a,778130,"{26937359,23897164}",Inadequate,405
778133,CYP2D6,*107,,"Unknown function",,n/a,778132,{},"No Evidence",404
778135,CYP2D6,*108,,"Unknown function",,n/a,778134,{},"No Evidence",404
778137,CYP2D6,*109,,"Decreased function",,0.25,778136,"{11470994,1844820,8101460,11266079,24647041,30366777}",Limited,404
779705,CYP2D6,*10x2,,"Decreased function",,0.5,777954,{15149890},Limited,335
777957,CYP2D6,*11,,"No function",,0.0,777956,"{8563771,9241659}",Limited,405
778139,CYP2D6,*110,,"Uncertain function",,n/a,778138,{31368850},Inadequate,404
778141,CYP2D6,*111,,"Uncertain function",,n/a,778140,{31368850},Inadequate,404
778143,CYP2D6,*112,,"Uncertain function",,n/a,778142,{31368850},Inadequate,404
778145,CYP2D6,*113,,"Uncertain function",,n/a,778144,{31368850},Inadequate,404
778147,CYP2D6,*114,,"No function",,0.0,778146,"{10064570,18784265,24647041}",Limited,405
778149,CYP2D6,*115,,"Unknown function",,n/a,778148,{},"No Evidence",404
778151,CYP2D6,*116,,"Unknown function",,n/a,778150,{},"No Evidence",404
778153,CYP2D6,*117,,"Unknown function",,n/a,778152,{},"No Evidence",404
778155,CYP2D6,*118,,"Unknown function",,n/a,778154,{},"No Evidence",404
778157,CYP2D6,*119,,"Decreased function",,0.25,778156,"{11037799,15289790,17001295,17112815,19364831}",Limited,404
777959,CYP2D6,*12,,"No function",,0.0,777958,"{8655150,9241659,24647041,30366777}",Limited,405
778159,CYP2D6,*120,,"No function",,0.0,778158,{},Limited,405
778161,CYP2D6,*121,,"Unknown function",,n/a,778160,{},"No Evidence",404
778163,CYP2D6,*122,,"Unknown function",,n/a,778162,{},"No Evidence",404
778165,CYP2D6,*123,,"Uncertain function",,n/a,778164,{31368850},Inadequate,404
778167,CYP2D6,*124,,"No function",,0.0,778166,{},Limited,405
778169,CYP2D6,*125,,"Unknown function",,n/a,778168,{},"No Evidence",404
778171,CYP2D6,*126,,"Unknown function",,n/a,778170,{},"No Evidence",404
778173,CYP2D6,*127,,"Unknown function",,n/a,778172,{},"No Evidence",404
778175,CYP2D6,*128,,"Uncertain function",,n/a,778174,{32759992},Inadequate,404
778177,CYP2D6,*129,,"No function",,0.0,778176,{32759992},Limited,405
777961,CYP2D6,*13,,"No function",,0.0,777960,{8554938},Limited,405
778179,CYP2D6,*130,,"Uncertain function",,n/a,778178,{32759992},Inadequate,404
8361180,CYP2D6,*13+*1,,"Normal function",,1.0,8361179,{},,2
778181,CYP2D6,*131,,"Uncertain function",,n/a,778180,{32759992},Inadequate,404
8361181,CYP2D6,*13+*1x2,,"Increased function",,2.0,8361179,{},,2
8361183,CYP2D6,*13+*2,,"Normal function",,1.0,8361182,{},,2
778183,CYP2D6,*132,,"Decreased function",,0.25,778182,{32759992},Limited,404
778185,CYP2D6,*133,,"Uncertain function",,n/a,778184,{32759992},Inadequate,404
778187,CYP2D6,*134,,"Uncertain function",,n/a,778186,{32759992},Inadequate,404
778189,CYP2D6,*135,,"Uncertain function",,n/a,778188,{32759992},Inadequate,404
778191,CYP2D6,*136,,"Uncertain function",,n/a,778190,{32759992},Inadequate,404
8361185,CYP2D6,*13+*68x2+*4,,"No function",,0.0,8361184,{},,2
778193,CYP2D6,*137,,"Uncertain function",,n/a,778192,{32759992},Inadequate,404
778195,CYP2D6,*138,,"Uncertain function",,n/a,778194,{31536170},Inadequate,405
778197,CYP2D6,*139,,"Unknown function",,n/a,778196,{},"No Evidence",404
777963,CYP2D6,*14,,"Decreased function",,0.5,777962,"{18784265,19364831,24647041,30366777}",Limited,405
778199,CYP2D6,*140,,"Unknown function",,n/a,778198,{},"No Evidence",311
778201,CYP2D6,*141,,"Uncertain function",,n/a,778200,{},Inadequate,311
778203,CYP2D6,*142,,"Uncertain function",,n/a,778202,{33998274},Inadequate,311
778205,CYP2D6,*143,,"No function",,0.0,778204,{33998274},Limited,311
778207,CYP2D6,*144,,"No function",,0.0,778206,{33998274},Limited,311
778209,CYP2D6,*145,,"Uncertain function",,n/a,778208,"{24647041,30366777}",Inadequate,311
1103378,CYP2D6,*146,,"Uncertain function",,n/a,1103377,{},Inadequate,311
2955640,CYP2D6,*146x2,,"Uncertain function",,n/a,1103377,{},Inadequate,227
1103380,CYP2D6,*147,,"Uncertain function",,n/a,1103379,{},Inadequate,311
1609528,CYP2D6,*148,,"Unknown function",,n/a,1609527,{},"No Evidence",311
1103382,CYP2D6,*149,,"Unknown function",,n/a,1103381,{},"No Evidence",311
777965,CYP2D6,*15,,"No function",,0.0,777964,{8807669},Limited,405
2677012,CYP2D6,*150,,,,,2677011,,,131
2677014,CYP2D6,*151,,,,,2677013,,,131
2091237,CYP2D6,*152,,"Unknown function",,n/a,2091236,{},"No Evidence",309
2091239,CYP2D6,*153,,"Unknown function",,n/a,2091238,{},"No Evidence",309
2091241,CYP2D6,*154,,"Uncertain function",,n/a,2091240,{},Inadequate,309
2091243,CYP2D6,*155,,"Unknown function",,n/a,2091242,{},"No Evidence",309
2091245,CYP2D6,*156,,"No function",,0.0,2091244,{},Limited,309
2091247,CYP2D6,*157,,"Unknown function",,n/a,2091246,{},"No Evidence",309
2091249,CYP2D6,*158,,"Unknown function",,n/a,2091248,{},"No Evidence",309
2091251,CYP2D6,*159,,"Unknown function",,n/a,2091250,{},"No Evidence",309
2091253,CYP2D6,*160,,"Unknown function",,n/a,2091252,{},"No Evidence",309
2091255,CYP2D6,*161,,"No function",,0.0,2091254,{},limited,309
2091257,CYP2D6,*162,,"Uncertain function",,n/a,2091256,{},Inadequate,309
2091259,CYP2D6,*163,,"Unknown function",,n/a,2091258,{},"No Evidence",309
2677040,CYP2D6,*164,,,,,2677039,,,131
2677042,CYP2D6,*165,,,,,2677041,,,131
2677044,CYP2D6,*166,,,,,2677043,,,131
2677046,CYP2D6,*167,,,,,2677045,,,131
2677048,CYP2D6,*168,,,,,2677047,,,131
2677050,CYP2D6,*169,,,,,2677049,,,131
777967,CYP2D6,*17,,"Decreased function",,0.5,777966,"{8764380,8971426,9415713,11823760,24647041,30366777}",Moderate,405
2677052,CYP2D6,*170,,,,,2677051,,,131
2677054,CYP2D6,*171,,,,,2677053,,,131
3318540,CYP2D6,*172,,,,,3318539,,,105
5175551,CYP2D6,*173,,,,,5175550,,,52
5175553,CYP2D6,*174,,,,,5175552,,,52
5175555,CYP2D6,*175,,,,,5175554,,,52
5409120,CYP2D6,*176,,,,,5409119,,,48
5763833,CYP2D6,*177,,,,,5763832,,,42
5998159,CYP2D6,*178,,,,,5998158,,,38
5998161,CYP2D6,*179,,,,,5998160,,,38
779712,CYP2D6,*17x2,,"Normal function",,1.0,777966,"{8764380,8971426,11823760}",Limited,334
777969,CYP2D6,*18,,"No function",,0.0,777968,"{8946471,10471060,18784265,24647041,30366777}",Moderate,405
5998163,CYP2D6,*180,,,,,5998162,,,38
5998165,CYP2D6,*181,,,,,5998164,,,38
5998167,CYP2D6,*182,,,,,5998166,,,38
5998169,CYP2D6,*183,,,,,5998168,,,38
5998171,CYP2D6,*184,,,,,5998170,,,38
5998173,CYP2D6,*185,,,,,5998172,,,38
8101106,CYP2D6,*186,,,,,8101105,,,6
777971,CYP2D6,*19,,"No function",,0.0,777970,{9241659},Limited,404
779688,CYP2D6,*1x2,,"Increased function",,2.0,777936,"{7616439,9012401}",Limited,338
1777304,CYP2D6,*1x≥3,,"Increased function",,≥3.0,777936,"{7616439,9012401}",Limited,308
777939,CYP2D6,*2,,"Normal function",,1.0,777938,"{7903454,11037799,11266079,12915955,18784265,20456744,24647041,25469868,26310775,26542054,26652007,26937172,26968424,27203132,27251229,27354764,27538917,30366777}",Moderate,405
777973,CYP2D6,*20,,"No function",,0.0,777972,{10471072},Limited,405
777975,CYP2D6,*21,,"No function",,0.0,777974,"{10471060,15618746}",Limited,405
777977,CYP2D6,*22,,"Uncertain function",,n/a,777976,"{24647041,30366777}",Inadequate,405
777979,CYP2D6,*23,,"Uncertain function",,n/a,777978,"{24647041,30366777}",Inadequate,405
777981,CYP2D6,*24,,"Uncertain function",,n/a,777980,"{18838503,24647041,30366777}",Inadequate,405
777983,CYP2D6,*25,,"Uncertain function",,n/a,777982,"{24647041,30366777}",Inadequate,405
777985,CYP2D6,*26,,"Uncertain function",,n/a,777984,"{18838503,24647041,30366777}",Inadequate,405
777987,CYP2D6,*27,,"Normal function",,1.0,777986,"{18784265,18838503,24647041,30366777}",Limited,405
5294109,CYP2D6,*27x2,,"Increased function",,2.0,777986,"{18784265,18838503,24647041,30366777}",Limited,100
777989,CYP2D6,*28,,"Uncertain function",,n/a,777988,"{24647041,30366777}",Inadequate,405
5294111,CYP2D6,*28x2,,"Uncertain function",,n/a,777988,"{24647041,30366777}",Inadequate,100
777991,CYP2D6,*29,,"Decreased function",,0.5,777990,"{11470994,11823760,24647041,30366777}",Moderate,405
779725,CYP2D6,*29x2,,"Normal function",,1.0,777990,"{11470994,11823760}",Limited,334
779691,CYP2D6,*2x2,,"Increased function",,2.0,777938,"{7616439,7903454,8764380}",Limited,335
1777307,CYP2D6,*2x≥3,,"Increased function",,≥3.0,777938,"{7616439,7903454,8764380}",Limited,308
777941,CYP2D6,*3,,"No function",,0.0,777940,{2211621},Limited,405
777993,CYP2D6,*30,,"Uncertain function",,n/a,777992,"{24647041,30366777}",Inadequate,405
777995,CYP2D6,*31,,"No function",,0.0,777994,"{15726636,20473659,24647041,30366777}",Moderate,405
777997,CYP2D6,*32,,"Decreased function",,0.25,777996,"{24647041,30366777}",Limited,405
777999,CYP2D6,*33,,"Normal function",,1.0,777998,"{9241659,24647041,30366777}",Limited,405
778001,CYP2D6,*34,,"Normal function",,1.0,778000,"{24647041,30366777}",Limited,405
778003,CYP2D6,*35,,"Normal function",,1.0,778002,"{9241659,12766015,21833166,24647041,30366777}",Moderate,405
779732,CYP2D6,*35x2,,"Increased function",,2.0,778002,{9511177},Limited,335
778005,CYP2D6,*36,,"No function",,0.0,778004,"{7935325,18784265,9918137,16425111,24647041,30366777,16415111}",Moderate,405
8361178,CYP2D6,*36+*10,,"Decreased function",,0.25,8361177,{},,2
8361188,CYP2D6,*36+*10x2,,"Decreased function",,0.5,8361177,{},,2
779734,CYP2D6,*36x2,,"No function",,0.0,778004,{12439227},Limited,335
8361187,CYP2D6,*36x2+*10,,"Decreased function",,0.25,8361186,{},,2
8361191,CYP2D6,*36x2+*10x2,,"Decreased function",,0.5,8361186,{},,2
778007,CYP2D6,*37,,"Uncertain function",,n/a,778006,"{24647041,30366777}",Inadequate,405
778009,CYP2D6,*38,,"No function",,0.0,778008,{9918137},Limited,405
778011,CYP2D6,*39,,"Normal function",,1.0,778010,"{18784265,11266079,24647041,30366777}",Limited,405
779694,CYP2D6,*3x2,,"No function",,0.0,777940,{2211621},Limited,334
777943,CYP2D6,*4,,"No function",,0.0,777942,"{2211621,11266079,1978251,1978565}",Strong,405
778013,CYP2D6,*40,,"No function",,0.0,778012,"{12152006,12811367,24647041,30366777}",Moderate,405
778015,CYP2D6,*41,,"Decreased function",,0.25,778014,"{11037799,15289790,17001295,17112815,19364831}",Strong,405
779740,CYP2D6,*41x2,,"Decreased function",,0.5,778014,"{11037799,15289790,17001295,17112815,19364831}",Limited,334
779741,CYP2D6,*41x3,,"Decreased function",,0.75,778014,"{11037799,15289790,17001295,17112815,19364831}",Limited,334
778017,CYP2D6,*42,,"No function",,0.0,778016,{12811367},Limited,405
778019,CYP2D6,*43,,"Uncertain function",,n/a,778018,"{24647041,30366777}",Inadequate,405
779744,CYP2D6,*43x2,,"Uncertain function",,n/a,778018,"{24647041,30366777}",Inadequate,334
778021,CYP2D6,*44,,"No function",,0.0,778020,{15618746},Limited,405
778023,CYP2D6,*45,,"Normal function",,1.0,778022,"{15768052,24647041,30366777}",Limited,405
779747,CYP2D6,*45x2,,"Increased function",,2.0,778022,"{15768052,24647041}",Limited,334
778025,CYP2D6,*46,,"Normal function",,1.0,778024,"{15768052,24647041,30366777}",Limited,405
778027,CYP2D6,*47,,"No function",,0.0,778026,"{18784265,24647041,30366777}",Limited,405
778029,CYP2D6,*48,,"Normal function",,1.0,778028,"{18784265,24647041,30366777}",Limited,405
778031,CYP2D6,*49,,"Decreased function",,0.5,778030,"{19158312,18784265,19364831,24647041,30366777}",Limited,405
1777311,CYP2D6,*4x2,,"No function",,0.0,777942,"{10022755,12152006}",Moderate,308
1777312,CYP2D6,*4x≥3,,"No function",,0.0,777942,"{10022755,12152006,26602992}",Moderate,308
777945,CYP2D6,*5,,"No function",,0.0,777944,"{1673290,11266079,31544239}",Definitve,405
778033,CYP2D6,*50,,"Decreased function",,0.5,778032,"{18784265,24647041,30366777}",Limited,405
778035,CYP2D6,*51,,"No function",,0.0,778034,"{18784265,24647041,30366777}",Limited,405
778037,CYP2D6,*52,,"Decreased function",,0.25,778036,"{24647041,19364831,23897164,30366777}",Limited,405
778039,CYP2D6,*53,,"Normal function",,1.0,778038,"{18784265,24647041,30366777}",Limited,405
778041,CYP2D6,*54,,"Decreased function",,0.5,778040,"{18784265,24647041,30366777}",Limited,405
778043,CYP2D6,*55,,"Decreased function",,0.5,778042,"{18784265,24647041,30366777}",Limited,405
778045,CYP2D6,*56,,"No function",,0.0,778044,"{16679388,17392730}",Limited,405
778049,CYP2D6,*58,,"Unknown function",,n/a,778048,{},"No Evidence",404
778051,CYP2D6,*59,,"Decreased function",,0.5,778050,"{17001296,26335396}",Moderate,405
777947,CYP2D6,*6,,"No function",,0.0,777946,"{10022755,7894499,7951238,7868129}",Strong,405
778053,CYP2D6,*60,,"No function",,0.0,778052,{19364831},Limited,404
778055,CYP2D6,*61,,"Uncertain function",,n/a,778054,"{24647041,30366777}",Inadequate,405
778057,CYP2D6,*62,,"No function",,0.0,778056,"{17460029,24647041,30366777}",Limited,405
778059,CYP2D6,*63,,"Uncertain function",,n/a,778058,"{24647041,30366777}",Inadequate,405
778061,CYP2D6,*64,,"Uncertain function",,n/a,778060,"{24647041,30366777}",Inadequate,405
778063,CYP2D6,*65,,"Uncertain function",,n/a,778062,"{24647041,30366777}",Inadequate,405
778065,CYP2D6,*68,,"No function",,0.0,778064,{22111604},Limited,405
8361190,CYP2D6,*68+*2,,"Normal function",,1.0,8361189,{},,2
8361176,CYP2D6,*68+*4,,"No function",,0.0,8361175,{},,2
778067,CYP2D6,*69,,"No function",,0.0,778066,{18797858},Limited,405
779699,CYP2D6,*6x2,,"No function",,0.0,777946,"{7894499,7951238}",Limited,334
777949,CYP2D6,*7,,"No function",,0.0,777948,"{7845481,24647041,30366777}",Limited,405
778069,CYP2D6,*70,,"Uncertain function",,n/a,778068,"{24647041,30366777}",Inadequate,405
778071,CYP2D6,*71,,"Uncertain function",,n/a,778070,"{24647041,30366777}",Inadequate,405
778073,CYP2D6,*72,,"Uncertain function",,n/a,778072,"{19158312,24647041,30366777}",Inadequate,405
778075,CYP2D6,*73,,"Unknown function",,n/a,778074,{},"No Evidence",404
778077,CYP2D6,*74,,"Unknown function",,n/a,778076,{},"No Evidence",404
778079,CYP2D6,*75,,"Uncertain function",,n/a,778078,"{24647041,26652007,30366777}",Inadequate,405
777951,CYP2D6,*8,,"No function",,0.0,777950,{8530011},Limited,405
778081,CYP2D6,*81,,"No function",,0.0,778080,{23799451},Limited,405
778083,CYP2D6,*82,,"Unknown function",,n/a,778082,{},"No Evidence",404
778085,CYP2D6,*83,,"Uncertain function",,n/a,778084,{22111604},Inadequate,404
778087,CYP2D6,*84,,"Uncertain function",,n/a,778086,{28290770},Inadequate,405
778089,CYP2D6,*85,,"Unknown function",,n/a,778088,{},"No Evidence",404
778091,CYP2D6,*86,,"Unknown function",,n/a,778090,{},"No Evidence",404
778093,CYP2D6,*87,,"Uncertain function",,n/a,778092,"{25469868,26310775,26666748,26544071,26406933,27109434,27097346,27016952,26542054,26937172,26968424,27203132,27251229,27354764,27538917}",Inadequate,405
778095,CYP2D6,*88,,"Uncertain function",,n/a,778094,"{25469868,26310775,26666748,26544071,26406933,27109434,27097346,27016952,26542054,26937172,26968424,27203132,27251229,27354764,27538917}",Inadequate,405
778097,CYP2D6,*89,,"Uncertain function",,n/a,778096,"{25469868,26310775,26666748,26544071,26406933,27109434,27097346,27016952,26542054,26937172,26968424,27203132,27251229,27354764,27538917}",Inadequate,405
777953,CYP2D6,*9,,"Decreased function",,0.25,777952,"{1844820,8101460,11266079,24647041,30366777,32599653,33932135,33792048,33967790,30312494}",Moderate,405
778099,CYP2D6,*90,,"Uncertain function",,n/a,778098,"{25469868,26310775,26666748,26544071,26406933,27109434,27097346,27016952,26542054,26937172,26968424,27203132,27251229,27354764,27538917}",Inadequate,405
778101,CYP2D6,*91,,"Decreased function",,0.25,778100,"{25469868,26310775,26666748,26544071,26406933,27109434,27097346,27016952,26542054,26937172,26968424,27203132,27251229,27354764,27538917}",Limited,405
778103,CYP2D6,*92,,"No function",,0.0,778102,"{25469868,26310775,26666748,26544071,26406933,27109434,27097346,27016952,26542054,26937172,26968424,27203132,27251229,27354764,27538917}",Limited,405
778105,CYP2D6,*93,,"Uncertain function",,n/a,778104,"{25469868,26310775,26666748,26544071,26406933,27109434,27097346,27016952,26542054,26937172,26968424,27203132,27251229,27354764,27538917}",Inadequate,405
778107,CYP2D6,*94,,"Uncertain function",,n/a,778106,"{25469868,26310775,26666748,26544071,26406933,27109434,27097346,27016952,26542054,26937172,26968424,27203132,27251229,27354764,27538917}",Inadequate,405
778109,CYP2D6,*95,,"Uncertain function",,n/a,778108,"{25469868,26310775,26666748,26544071,26406933,27109434,27097346,27016952,26542054,26937172,26968424,27203132,27251229,27354764,27538917}",Inadequate,405
778111,CYP2D6,*96,,"No function",,0.0,778110,"{25469868,26310775,26666748,26544071,26406933,27109434,27097346,27016952,26542054,26937172,26968424,27203132,27251229,27354764,27538917}",Limited,405
778113,CYP2D6,*97,,"Uncertain function",,n/a,778112,"{25469868,26310775,26666748,26544071,26406933,27109434,27097346,27016952,26542054,26937172,26968424,27203132,27251229,27354764,27538917}",Inadequate,405
778115,CYP2D6,*98,,"Uncertain function",,n/a,778114,"{25469868,26310775,26666748,26544071,26406933,27109434,27097346,27016952,26542054,26937172,26968424,27203132,27251229,27354764,27538917}",Inadequate,405
778117,CYP2D6,*99,,"No function",,0.0,778116,{29327975},Limited,405
779703,CYP2D6,*9x2,,"Decreased function",,0.5,777952,"{1844820,8101460,11266079,24647041,30366777}",Limited,334
778219,CYP3A5,*1,,"Normal function",,,778218,{12893984},,402
8101127,CYP3A5,*10,,,,,8101126,,,6
8101129,CYP3A5,*11,,,,,8101128,,,6
778223,CYP3A5,*3,,"No function",,,778222,{15179407},,402
778229,CYP3A5,*6,,"No function",,,778228,{11279519},,401
778231,CYP3A5,*7,,"No function",,,778230,{14515058},,402
778233,CYP3A5,*8,,"Unknown function",,,778232,{},,401
778235,CYP3A5,*9,,"Unknown function",,,778234,{},,401
778239,CYP4F2,*1,,,,,778238,,,229
3318590,CYP4F2,*10,,,,,3318589,,,148
3318592,CYP4F2,*11,,,,,3318591,,,148
3318594,CYP4F2,*12,,,,,3318593,,,148
3318596,CYP4F2,*13,,,,,3318595,,,148
3318598,CYP4F2,*14,,,,,3318597,,,148
3318600,CYP4F2,*15,,,,,3318599,,,148
3318602,CYP4F2,*16,,,,,3318601,,,148
4058605,CYP4F2,*17,,,,,4058604,,,110
6235906,CYP4F2,*18,,,,,6235905,,,50
6235908,CYP4F2,*19,,,,,6235907,,,50
778241,CYP4F2,*2,,,,,778240,,,229
6235910,CYP4F2,*20,,,,,6235909,,,50
6235912,CYP4F2,*21,,,,,6235911,,,50
6235914,CYP4F2,*22,,,,,6235913,,,50
6235916,CYP4F2,*23,,,,,6235915,,,50
778243,CYP4F2,*3,,,,,778242,,,229
2784573,CYP4F2,*4,,,,,2784572,,,177
2784575,CYP4F2,*5,,,,,2784574,,,177
2784577,CYP4F2,*6,,,,,2784576,,,177
2784579,CYP4F2,*7,,,,,2784578,,,177
3318586,CYP4F2,*8,,,,,3318585,,,148
3318588,CYP4F2,*9,,,,,3318587,,,148
778370,DPYD,"c.1003G>T (*11)","Normal function","Normal function",,1.0,778369,{24648345},Moderate,392
778372,DPYD,c.1024G>A,"No function","No function",,0.0,778371,{24648345},Limited,392
778374,DPYD,c.1057C>T,"No function","No function",,0.0,778373,{24648345},Limited,392
778376,DPYD,c.1108A>G,"Normal function","Normal function",,1.0,778375,{24648345},Limited,392
3942828,DPYD,c.1129-5923C>G,"Decreased function","Decreased function",,0.5,3942827,{28295243},Strong,179
778378,DPYD,"c.1129-5923C>G, c.1236G>A (HapB3)","Decreased function","Decreased function",,0.5,778377,{28295243},Strong,392
778380,DPYD,"c.1156G>T (*12)","No function","No function",,0.0,778379,{24648345},Moderate,392
778382,DPYD,c.1180C>T,"Normal function","Normal function",,1.0,778381,{24648345},Limited,392
778384,DPYD,c.1181G>T,"Normal function","Normal function",,1.0,778383,{24648345},Limited,392
778386,DPYD,c.1218G>A,"Normal function","Normal function",,1.0,778385,{24648345},Moderate,392
778388,DPYD,c.1260T>A,"Normal function","Normal function",,1.0,778387,{24648345},Limited,392
778390,DPYD,c.1278G>T,"Normal function","Normal function",,1.0,778389,{24648345},Limited,392
778392,DPYD,c.1294G>A,"Normal function","Normal function",,1.0,778391,{24648345},Limited,392
778394,DPYD,c.1314T>G,"Decreased function","Decreased function",,0.5,778393,{24648345},Limited,392
778396,DPYD,c.1349C>T,"Normal function","Normal function",,1.0,778395,{24648345},Limited,392
778398,DPYD,c.1358C>G,"Normal function","Normal function",,1.0,778397,{23588312},Limited,392
778400,DPYD,c.1371C>T,"Normal function","Normal function",,1.0,778399,{23588312},Limited,392
778402,DPYD,c.1403C>A,"Normal function","Normal function",,1.0,778401,{24648345},Limited,392
778404,DPYD,c.1475C>T,"No function","No function",,0.0,778403,{24648345},Limited,392
778406,DPYD,c.1484A>G,"No function","No function",,0.0,778405,{24648345},Limited,392
778408,DPYD,c.1519G>A,"Normal function","Normal function",,1.0,778407,{24648345},Limited,392
778410,DPYD,c.1543G>A,"Normal function","Normal function",,1.0,778409,{24648345},Limited,392
778412,DPYD,c.1577C>G,"Normal function","Normal function",,1.0,778411,{24648345},Limited,392
778414,DPYD,"c.1601G>A (*4)","Normal function","Normal function",,1.0,778413,{23588312},Moderate,392
778416,DPYD,c.1615G>A,"Normal function","Normal function",,1.0,778415,{24648345},Limited,390
778418,DPYD,"c.1627A>G (*5)","Normal function","Normal function",,1.0,778417,{23328581},Strong,392
778420,DPYD,"c.1679T>G (*13)","No function","No function",,0.0,778419,{23328581},Moderate,392
778422,DPYD,c.1682G>T,"Normal function","Normal function",,1.0,778421,{24648345},Limited,390
778424,DPYD,c.1774C>T,"No function","No function",,0.0,778423,{24648345},Limited,390
778426,DPYD,c.1775G>A,"No function","No function",,0.0,778425,{24648345},Limited,390
778428,DPYD,c.1777G>A,"No function","No function",,0.0,778427,{24648345},Limited,390
778430,DPYD,c.1796T>C,"Normal function","Normal function",,1.0,778429,{24648345},Limited,390
778432,DPYD,c.1896T>C,"Normal function","Normal function",,1.0,778431,{23588312},Moderate,390
778434,DPYD,"c.1898delC (*3)","No function","No function",,0.0,778433,{24648345},Moderate,390
778438,DPYD,"c.1905+1G>A (*2A)","No function","No function",,0.0,778437,{23328581},Strong,390
778436,DPYD,c.1905C>G,"Normal function","Normal function",,1.0,778435,{24648345},Limited,390
778440,DPYD,c.1906A>C,"Normal function","Normal function",,1.0,778439,{24648345},Limited,390
778442,DPYD,c.1990G>T,"Normal function","Normal function",,1.0,778441,{24648345},Limited,390
778444,DPYD,c.2021G>A,"No function","No function",,0.0,778443,{24648345},Limited,390
778446,DPYD,c.2161G>A,"Normal function","Normal function",,1.0,778445,{24648345},Limited,390
778448,DPYD,c.2186C>T,"Normal function","Normal function",,1.0,778447,{24648345},Limited,390
778450,DPYD,"c.2194G>A (*6)","Normal function","Normal function",,1.0,778449,{23328581},Moderate,390
778452,DPYD,c.2195T>G,"Normal function","Normal function",,1.0,778451,{24648345},Limited,390
778454,DPYD,c.2279C>T,"Decreased function","Decreased function",,0.5,778453,{24648345},Limited,390
778456,DPYD,c.2303C>A,"Normal function","Normal function",,1.0,778455,{24648345},Limited,390
778458,DPYD,c.2336C>A,"Normal function","Normal function",,1.0,778457,{24648345},Limited,390
778460,DPYD,c.2482G>A,"Normal function","Normal function",,1.0,778459,{24648345},Limited,390
778462,DPYD,c.2582A>G,"Normal function","Normal function",,1.0,778461,{24648345},Limited,390
778464,DPYD,c.2623A>C,"Normal function","Normal function",,1.0,778463,{24648345},Limited,390
778466,DPYD,c.2639G>T,"No function","No function",,0.0,778465,{24648345},Limited,390
778468,DPYD,c.2656C>T,"Normal function","Normal function",,1.0,778467,{24648345},Limited,390
778470,DPYD,"c.2657G>A (*9B)","Normal function","Normal function",,1.0,778469,{24648345},Moderate,390
778472,DPYD,c.2846A>T,"Decreased function","Decreased function",,0.5,778471,{24648345},Strong,390
778474,DPYD,c.2872A>G,"No function","No function",,0.0,778473,{24648345},Limited,390
778476,DPYD,c.2915A>G,"Normal function","Normal function",,1.0,778475,{24648345},Limited,390
778478,DPYD,c.2921A>T,"Normal function","Normal function",,1.0,778477,{24648345},Limited,390
778480,DPYD,c.2933A>G,"No function","No function",,0.0,778479,{24648345},Limited,390
778338,DPYD,"c.295_298delTCAT (*7)","No function","No function",,0.0,778337,{24648345},Moderate,396
778484,DPYD,c.2977C>T,"Normal function","Normal function",,1.0,778483,{24648345},Limited,390
778482,DPYD,c.2978T>G,"Normal function","Normal function",,1.0,778481,{24648345},Limited,390
778486,DPYD,"c.2983G>T (*10)","No function","No function",,0.0,778485,{24648345},Moderate,390
778488,DPYD,c.3049G>A,"Normal function","Normal function",,1.0,778487,{24648345},Limited,390
778490,DPYD,c.3061G>C,"Normal function","Normal function",,1.0,778489,{24648345},Limited,390
778492,DPYD,c.3067C>A,"Normal function","Normal function",,1.0,778491,{23588312},Limited,390
778340,DPYD,c.313G>A,"Normal function","Normal function",,1.0,778339,{24648345},Limited,396
778342,DPYD,c.343A>G,"Normal function","Normal function",,1.0,778341,{24648345},Limited,396
778344,DPYD,c.451A>G,"Normal function","Normal function",,1.0,778343,{24648345},Limited,396
778330,DPYD,c.46C>G,"Normal function","Normal function",,1.0,778329,{24648345},Limited,402
778346,DPYD,c.496A>G,"Normal function","Normal function",,1.0,778345,{24648345},Moderate,396
778348,DPYD,c.498G>A,"Normal function","Normal function",,1.0,778347,{24648345},Limited,396
778350,DPYD,c.525G>A,"Normal function","Normal function",,1.0,778349,{23588312},Limited,396
778352,DPYD,c.557A>G,"Decreased function","Decreased function",,0.5,778351,{24648345},Moderate,396
778354,DPYD,c.601A>C,"No function","No function",,0.0,778353,{24648345},Limited,396
778332,DPYD,c.61C>T,"No function","No function",,0.0,778331,{24648345},Limited,402
778334,DPYD,c.62G>A,"Normal function","Normal function",,1.0,778333,{24648345},Moderate,402
778356,DPYD,c.632A>G,"No function","No function",,0.0,778355,{24648345},Limited,396
778358,DPYD,"c.703C>T (*8)","No function","No function",,0.0,778357,{24648345},Moderate,394
778360,DPYD,c.775A>G,"Normal function","Normal function",,1.0,778359,{25410891},Limited,396
778336,DPYD,"c.85T>C (*9A)","Normal function","Normal function",,1.0,778335,{18452418},Strong,394
778362,DPYD,c.868A>G,"Decreased function","Decreased function",,0.5,778361,{24648345},Limited,396
778364,DPYD,c.929T>C,"Normal function","Normal function",,1.0,778363,{24648345},Limited,396
778366,DPYD,c.934C>T,"Normal function","Normal function",,1.0,778365,{24648345},Limited,396
778368,DPYD,c.967G>A,"Normal function","Normal function",,1.0,778367,{24648345},Limited,396
778328,DPYD,Reference,"Normal function","Normal function",,1.0,778327,{38129972},,244
778715,G6PD,202G>A_376A>G_1264C>G,"I/Deficient with CNSHA","I/Deficient with CNSHA",,,778714,"{18677765,22293322}",limited,361
778753,G6PD,A,IV/Normal,IV/Normal,,,778752,"{1303173,22293322,32387609,3446582}",moderate,361
778713,G6PD,"A- 202A_376G",III/Deficient,III/Deficient,,,778712,"{22293322,32387609,2572288}",strong,361
778749,G6PD,"A- 680T_376G",III/Deficient,III/Deficient,,,778748,"{22293322,32387609,2572288}",strong,361
778751,G6PD,"A- 968C_376G",III/Deficient,III/Deficient,,,778750,"{22293322,32387609,2572288}",strong,361
778917,G6PD,Aachen,"I/Deficient with CNSHA","I/Deficient with CNSHA",,,778916,"{22293322,10772881,1270075}",limited,361
778963,G6PD,Abeno,II/Deficient,II/Deficient,,,778962,"{22293322,22963789,1945893,11271380}",limited,361
778743,G6PD,Acrokorinthos,II/Deficient,II/Deficient,,,778742,"{22293322,32387609,15223006,2393028}",limited,361
778951,G6PD,Alhambra,"I/Deficient with CNSHA","I/Deficient with CNSHA",,,778950,"{22293322,5413384,4405605,7803800}",limited,361
778703,G6PD,Amazonia,II/Deficient,II/Deficient,,,778702,"{22293322,12367584}",limited,361
779007,G6PD,Amiens,"I/Deficient with CNSHA","I/Deficient with CNSHA",,,779006,"{22293322,22139979}",limited,361
778701,G6PD,Amsterdam,"I/Deficient with CNSHA","I/Deficient with CNSHA",,,778700,"{22293322,12130518}",limited,361
778957,G6PD,Anadia,II/Deficient,II/Deficient,,,778956,"{22293322,1945893,18056001}",limited,361
778747,G6PD,Ananindeua,II/Deficient,II/Deficient,,,778746,"{22293322,32387609,12367584}",limited,361
779003,G6PD,Andalus,II/Deficient,II/Deficient,,,779002,"{22293322,12497642,32425388,16088936,2393028}",limited,361
779037,G6PD,Arakawa,"I/Deficient with CNSHA","I/Deficient with CNSHA",,,779036,"{22293322,1945893}",limited,361
778709,G6PD,Asahi,III/Deficient,III/Deficient,,,778708,"{22293322,32387609,11852882}",limited,361
778827,G6PD,Asahikawa,"I/Deficient with CNSHA","I/Deficient with CNSHA",,,778826,"{22293322,9192788,6500558}",limited,361
778687,G6PD,Aures,III/Deficient,III/Deficient,,,778686,"{22293322,33413378,22963789,23006493,8860007,7959686,18226470,8490627}",limited,361
778837,G6PD,Aveiro,"I/Deficient with CNSHA","I/Deficient with CNSHA",,,778836,"{22293322,10666231}",limited,361
778859,G6PD,"Bajo Maumere",III/Deficient,III/Deficient,,,778858,"{22293322,16927025}",limited,361
778845,G6PD,Bangkok,"I/Deficient with CNSHA","I/Deficient with CNSHA",,,778844,"{22293322,21302115}",limited,361
779009,G6PD,"Bangkok Noi","I/Deficient with CNSHA","I/Deficient with CNSHA",,,779008,"{22293322,21302115}",limited,361
778739,G6PD,"Bao Loc",II/Deficient,II/Deficient,,,778738,"{22293322,17726510}",limited,361
778953,G6PD,Bari,"I/Deficient with CNSHA","I/Deficient with CNSHA",,,778952,"{22293322,8808605,7959695}",limited,361
778767,G6PD,Belem,II/Deficient,II/Deficient,,,778766,"{22293322,12367584}",limited,361
778939,G6PD,"Beverly Hills, Genova, Iwate, Niigata, Yamaguchi","I/Deficient with CNSHA","I/Deficient with CNSHA",,,778938,"{22293322,7440223,2307454,9192788}",limited,361
778667,G6PD,"B (reference)",IV/Normal,IV/Normal,,,778666,"{22293322,2572288}",limited,362
779039,G6PD,Brighton,"I/Deficient with CNSHA","I/Deficient with CNSHA",,,779038,{22293322},limited,361
779035,G6PD,"Buenos Aires","I/Deficient with CNSHA","I/Deficient with CNSHA",,,779034,"{22293322,18086567}",limited,361
778763,G6PD,Cairo,II/Deficient,II/Deficient,,,778762,"{22293322,1945893,22770933}",Moderate,361
778923,G6PD,"Calvo Mackenna","I/Deficient with CNSHA","I/Deficient with CNSHA",,,778922,"{22293322,7655862}",limited,361
779033,G6PD,Campinas,"I/Deficient with CNSHA","I/Deficient with CNSHA",,,779032,"{22293322,8477268}",limited,361
779013,G6PD,"Canton, Taiwan-Hakka, Gifu-like, Agrigento-like",II/Deficient,II/Deficient,,,779012,"{22293322,2263506,1953767,22963789}",limited,361
778995,G6PD,Cassano,II/Deficient,II/Deficient,,,778994,"{22293322,8447319,10782016}",limited,361
778895,G6PD,Chatham,II/Deficient,II/Deficient,,,778894,"{22293322,7959686,3393536}",limited,361
778795,G6PD,Chikugo,"I/Deficient with CNSHA","I/Deficient with CNSHA",,,778794,"{22293322,1945893}",limited,361
778855,G6PD,Chinese-1,II/Deficient,II/Deficient,,,778854,"{22293322,1459579}",limited,361
778901,G6PD,Chinese-5,III/Deficient,III/Deficient,,,778900,"{22293322,8471773}",limited,361
778817,G6PD,Cincinnati,"I/Deficient with CNSHA","I/Deficient with CNSHA",,,778816,"{22293322,20949590}",limited,361
778841,G6PD,"Cleveland Corum","I/Deficient with CNSHA","I/Deficient with CNSHA",,,778840,"{22293322,7803800,7577654}",limited,361
778961,G6PD,Clinic,"I/Deficient with CNSHA","I/Deficient with CNSHA",,,778960,"{22293322,7825590}",limited,361
778805,G6PD,"Coimbra Shunde",II/Deficient,II/Deficient,,,778804,"{22293322,1551674,8471773}",limited,361
779011,G6PD,Cosenza,II/Deficient,II/Deficient,,,779010,"{22293322,7959686,8447319}",limited,361
778699,G6PD,Costanzo,II/Deficient,II/Deficient,,,778698,{22293322},limited,361
778959,G6PD,"Covao do Lobo","I/Deficient with CNSHA","I/Deficient with CNSHA",,,778958,"{22293322,16079115}",limited,361
778741,G6PD,Crispim,II/Deficient,II/Deficient,,,778740,"{22293322,12367584}",limited,361
778811,G6PD,Dagua,Uncertain,"Uncertain function",,,778810,{22293322},Inadequate,361
778831,G6PD,Durham,"I/Deficient with CNSHA","I/Deficient with CNSHA",,,778830,"{22293322,9290617}",limited,361
778889,G6PD,Farroupilha,II-III/Deficient,II/Deficient,,,778888,"{22293322,10627140}",limited,361
779005,G6PD,"Figuera da Foz","I/Deficient with CNSHA","I/Deficient with CNSHA",,,779004,"{22293322,18056001}",limited,361
779019,G6PD,Flores,II/Deficient,II/Deficient,,,779018,"{22293322,15065213}",limited,361
779031,G6PD,Fukaya,"I/Deficient with CNSHA","I/Deficient with CNSHA",,,779030,"{22293322,1945893}",limited,361
778897,G6PD,Fushan,II/Deficient,II/Deficient,,,778896,"{22293322,7803800}",limited,361
778675,G6PD,Gaohe,III/Deficient,III/Deficient,,,778674,"{22293322,1945893}",limited,361
778979,G6PD,Georgia,"I/Deficient with CNSHA","I/Deficient with CNSHA",,,778978,"{22293322,7803800}",limited,361
778681,G6PD,Gidra,Uncertain,"Uncertain function",,,778680,"{22293322,9410474}",Inadequate,361
778775,G6PD,Gond,Uncertain,"Uncertain function",,,778774,"{22293322,20713184}",Inadequate,361
778937,G6PD,Guadalajara,"I/Deficient with CNSHA","I/Deficient with CNSHA",,,778936,"{22293322,32387609,7129446}",limited,361
778727,G6PD,Guangzhou,III/Deficient,III/Deficient,,,778726,"{22293322,16607506}",limited,361
778853,G6PD,Haikou,II/Deficient,II/Deficient,,,778852,"{22293322,11295127}",limited,361
778735,G6PD,Hammersmith,III/Deficient,III/Deficient,,,778734,"{22293322,12064901,10192449}",limited,361
778819,G6PD,Harilaou,"I/Deficient with CNSHA","I/Deficient with CNSHA",,,778818,"{22293322,2222408}",limited,361
778999,G6PD,Harima,"I/Deficient with CNSHA","I/Deficient with CNSHA",,,778998,"{22293322,1945893}",limited,361
778941,G6PD,Hartford,"I/Deficient with CNSHA","I/Deficient with CNSHA",,,778940,"{22293322,1945893}",limited,361
778711,G6PD,Hechi,II/Deficient,II/Deficient,,,778710,"{22293322,17018380}",limited,361
778997,G6PD,Hermoupolis,II/Deficient,II/Deficient,,,778996,"{22293322,10782016}",limited,361
778677,G6PD,Honiara,"I/Deficient with CNSHA","I/Deficient with CNSHA",,,778676,"{22293322,7726184}",limited,361
778907,G6PD,Ierapetra,II/Deficient,II/Deficient,,,778906,"{22293322,1611091}",limited,361
778771,G6PD,Ilesha,III/Deficient,III/Deficient,,,778770,"{22293322,7959686,848857}",limited,361
778891,G6PD,Insuli,IV/Normal,IV/Normal,,,778890,"{22293322,12737940}",limited,361
778935,G6PD,"Iowa, Walter Reed, Springfield","I/Deficient with CNSHA","I/Deficient with CNSHA",,,778934,"{22293322,2602358}",limited,361
778909,G6PD,Iwatsuki,"I/Deficient with CNSHA","I/Deficient with CNSHA",,,778908,"{22293322,1945893}",limited,361
778971,G6PD,"Japan, Shinagawa","I/Deficient with CNSHA","I/Deficient with CNSHA",,,778970,"{22293322,8193373,1611091}",limited,361
779023,G6PD,"Kaiping, Anant, Dhon, Sapporo-like, Wosera",II/Deficient,II/Deficient,,,779022,"{22293322,8935319,1953767}",limited,361
778881,G6PD,"Kalyan-Kerala, Jamnaga, Rohini",III/Deficient,III/Deficient,,,778880,"{22293322,1303182,15996881}",limited,361
778689,G6PD,Kambos,III/Deficient,III/Deficient,,,778688,"{22293322,15223006}",limited,361
779017,G6PD,"Kamiube, Keelung",III/Deficient,III/Deficient,,,779016,"{22293322,511159,9192788,9444913}",limited,361
778693,G6PD,Kamogawa,II/Deficient,II/Deficient,,,778692,"{22293322,9410474}",limited,361
778973,G6PD,Kawasaki,"I/Deficient with CNSHA","I/Deficient with CNSHA",,,778972,"{22293322,1945893}",limited,361
778691,G6PD,Kozukata,"I/Deficient with CNSHA","I/Deficient with CNSHA",,,778690,"{22293322,9410474}",limited,361
778945,G6PD,Krakow,"I/Deficient with CNSHA","I/Deficient with CNSHA",,,778944,"{22293322,18066402}",limited,361
778673,G6PD,Lages,III/Deficient,III/Deficient,,,778672,"{22293322,9526168}",limited,361
778725,G6PD,Lagosanto,III/Deficient,III/Deficient,,,778724,"{22293322,8370579}",limited,361
779027,G6PD,Laibin,Uncertain,"Uncertain function",,,779026,"{22293322,17018380}",Inadequate,361
778849,G6PD,"La Jolla","I/Deficient with CNSHA","I/Deficient with CNSHA",,,778848,"{22293322,12064902}",limited,361
778843,G6PD,Lille,"I/Deficient with CNSHA","I/Deficient with CNSHA",,,778842,"{22293322,22139979}",limited,361
778769,G6PD,Liuzhou,II/Deficient,II/Deficient,,,778768,"{22293322,17018380}",limited,361
778915,G6PD,"Loma Linda","I/Deficient with CNSHA","I/Deficient with CNSHA",,,778914,"{22293322,1999409}",limited,361
778879,G6PD,Ludhiana,II/Deficient,II/Deficient,,,778878,"{22293322,1945893}",limited,361
778931,G6PD,Lynwood,"I/Deficient with CNSHA","I/Deficient with CNSHA",,,778930,"{22293322,1945893}",limited,361
778933,G6PD,Madrid,"I/Deficient with CNSHA","I/Deficient with CNSHA",,,778932,"{22293322,9332310}",limited,361
778777,G6PD,Mahidol,III/Deficient,III/Deficient,,,778776,"{22293322,2503817}",limited,361
778797,G6PD,Malaga,III/Deficient,III/Deficient,,,778796,"{22293322,8956035,22963789}",limited,361
778885,G6PD,Manhattan,"I/Deficient with CNSHA","I/Deficient with CNSHA",,,778884,"{22293322,1945893}",limited,361
778801,G6PD,"Mediterranean, Dallas, Panama, Sassari, Cagliari, Birmingham",II/Deficient,II/Deficient,,,778800,"{22293322,7959686,18226470,11146567,7440223,3393536}",limited,362
778985,G6PD,"Mediterranean Haplotype",II/Deficient,II/Deficient,,,778984,"{22293322,1978554}",Inadequate,361
778697,G6PD,Metaponto,III/Deficient,III/Deficient,,,778696,"{22293322,2253938}",limited,361
778823,G6PD,"Mexico City",III/Deficient,III/Deficient,,,778822,"{22293322,1611091}",limited,361
778791,G6PD,Miaoli,II/Deficient,II/Deficient,,,778790,"{22293322,9444913}",limited,361
778815,G6PD,"Minnesota, Marion, Gastonia, LeJeune","I/Deficient with CNSHA","I/Deficient with CNSHA",,,778814,"{22293322,1999409,1805484}",limited,361
778903,G6PD,"Mira d'Aire",IV/Normal,IV/Normal,,,778902,"{22293322,1945893}",limited,361
778861,G6PD,Mizushima,II/Deficient,II/Deficient,,,778860,"{22293322,7705842}",limited,361
778869,G6PD,Montalbano,III/Deficient,III/Deficient,,,778868,"{22293322,11146567,2321910}",limited,361
778921,G6PD,Montpellier,"I/Deficient with CNSHA","I/Deficient with CNSHA",,,778920,"{22293322,22139979}",limited,361
778755,G6PD,"Mt Sinai","I/Deficient with CNSHA","I/Deficient with CNSHA",,,778754,"{22293322,32387609,9452072}",limited,361
778975,G6PD,Munich,"I/Deficient with CNSHA","I/Deficient with CNSHA",,,778974,"{22293322,17637841}",limited,361
778719,G6PD,"Murcia Oristano",III/Deficient,III/Deficient,,,778718,"{22293322,7577654,20621077}",limited,361
778705,G6PD,Musashino,III/Deficient,III/Deficient,,,778704,"{22293322,3591235}",limited,361
778717,G6PD,Namouru,II/Deficient,II/Deficient,,,778716,"{22293322,7825590}",limited,361
778789,G6PD,Nankang,II/Deficient,II/Deficient,,,778788,"{22293322,8807322,16329560}",limited,361
778829,G6PD,Nanning,III/Deficient,III/Deficient,,,778828,"{22293322,17018380}",limited,361
778785,G6PD,Naone,II/Deficient,II/Deficient,,,778784,"{22293322,11852882}",limited,361
778883,G6PD,Nara,"I/Deficient with CNSHA","I/Deficient with CNSHA",,,778882,"{22293322,8241497}",limited,361
778949,G6PD,"Nashville, Anaheim, Portici","I/Deficient with CNSHA","I/Deficient with CNSHA",,,778948,"{22293322,16934959,1999409,1536798}",limited,361
779025,G6PD,Neapolis,III/Deficient,III/Deficient,,,779024,"{22293322,9233561}",limited,361
779015,G6PD,Nice,III/Deficient,III/Deficient,,,779014,"{22293322,9233561}",limited,361
778809,G6PD,Nilgiri,II/Deficient,II/Deficient,,,778808,"{22293322,18043863}",limited,361
778669,G6PD,"No name","I/Deficient with CNSHA","I/Deficient with CNSHA",,,778668,"{22293322,32387609,21446359}",Inadequate,361
778825,G6PD,"North Dallas","I/Deficient with CNSHA","I/Deficient with CNSHA",,,778824,"{22293322,1945893}",limited,361
778927,G6PD,Olomouc,"I/Deficient with CNSHA","I/Deficient with CNSHA",,,778926,"{22293322,7655862}",limited,361
778877,G6PD,Omiya,"I/Deficient with CNSHA","I/Deficient with CNSHA",,,778876,"{22293322,1945893}",limited,361
778685,G6PD,Orissa,III/Deficient,III/Deficient,,,778684,"{22293322,8533762,20621077}",limited,361
778867,G6PD,Osaka,II/Deficient,II/Deficient,,,778866,"{22293322,1945893,11271380}",limited,361
778695,G6PD,Palestrina,III/Deficient,III/Deficient,,,778694,{22293322},limited,361
778863,G6PD,Papua,Uncertain,"Uncertain function",,,778862,"{22293322,9410474}",Inadequate,361
778905,G6PD,Partenope,II/Deficient,II/Deficient,,,778904,{22293322},limited,361
778987,G6PD,Pawnee,II/Deficient,II/Deficient,,,778986,"{22293322,1611091}",limited,361
778803,G6PD,Pedoplis-Ckaro,"I/Deficient with CNSHA","I/Deficient with CNSHA",,,778802,"{22293322,18066402}",limited,361
778865,G6PD,Piotrkow,"I/Deficient with CNSHA","I/Deficient with CNSHA",,,778864,"{22293322,18066402}",limited,361
778779,G6PD,Plymouth,"I/Deficient with CNSHA","I/Deficient with CNSHA",,,778778,"{22293322,7577654}",limited,361
778943,G6PD,Praha,"I/Deficient with CNSHA","I/Deficient with CNSHA",,,778942,"{22293322,7803800}",limited,361
778955,G6PD,"Puerto Limon","I/Deficient with CNSHA","I/Deficient with CNSHA",,,778954,"{22293322,7160841}",limited,361
778761,G6PD,"Quing Yan",III/Deficient,III/Deficient,,,778760,"{22293322,8471773}",limited,361
778821,G6PD,Radlowo,II/Deficient,II/Deficient,,,778820,"{22293322,10571945}",limited,361
778887,G6PD,Rehevot,"I/Deficient with CNSHA","I/Deficient with CNSHA",,,778886,"{22293322,11112389}",limited,361
778683,G6PD,Rignano,III/Deficient,III/Deficient,,,778682,"{22293322,17524386}",limited,361
778925,G6PD,Riley,"I/Deficient with CNSHA","I/Deficient with CNSHA",,,778924,"{22293322,7655862}",limited,361
778969,G6PD,Riverside,"I/Deficient with CNSHA","I/Deficient with CNSHA",,,778968,"{22293322,2602358}",limited,361
778839,G6PD,Roubaix,II/Deficient,II/Deficient,,,778838,"{22293322,22139979}",limited,361
778759,G6PD,"Salerno Pyrgos",III/Deficient,III/Deficient,,,778758,"{22293322,22139979,20621077}",limited,361
778745,G6PD,"Santa Maria",II/Deficient,II/Deficient,,,778744,"{22293322,7959686,1879833,9250351}",limited,361
778807,G6PD,Santiago,"I/Deficient with CNSHA","I/Deficient with CNSHA",,,778806,"{22293322,1611091}",limited,361
778991,G6PD,"Santiago de Cuba, Morioka","I/Deficient with CNSHA","I/Deficient with CNSHA",,,778990,"{22293322,9192788,3393536}",limited,361
778993,G6PD,"S. Antioco",II/Deficient,II/Deficient,,,778992,{22293322},limited,361
778737,G6PD,"Sao Borja",IV/Normal,IV/Normal,,,778736,"{22293322,8436389}",limited,361
778857,G6PD,"Seattle, Lodi, Modena, Ferrara II, Athens-like",III/Deficient,III/Deficient,,,778856,"{22293322,7959686,11146567,7705842,5844610,7947250}",limited,361
778875,G6PD,Seoul,II/Deficient,II/Deficient,,,778874,"{22293322,28028996,1945893}",limited,361
778911,G6PD,Serres,"I/Deficient with CNSHA","I/Deficient with CNSHA",,,778910,"{22293322,9674740}",limited,361
778773,G6PD,Shenzen,II/Deficient,II/Deficient,,,778772,"{22293322,20582980}",limited,361
778793,G6PD,Shinshu,"I/Deficient with CNSHA","I/Deficient with CNSHA",,,778792,"{22293322,8193373}",limited,361
778813,G6PD,Sibari,III/Deficient,III/Deficient,,,778812,"{22293322,8447319}",limited,361
778731,G6PD,"Sierra Leone",III/Deficient,III/Deficient,,,778730,"{22293322,32387609,18452027}",Inadequate,361
778671,G6PD,Sinnai,III/Deficient,III/Deficient,,,778670,"{22293322,10627140}",limited,361
778707,G6PD,Songklanagarind,II/Deficient,II/Deficient,,,778706,"{22293322,15727905}",limited,361
779029,G6PD,Split,III/Deficient,III/Deficient,,,779028,"{22293322,16143877}",limited,361
778833,G6PD,Stonybrook,"I/Deficient with CNSHA","I/Deficient with CNSHA",,,778832,"{22293322,1611091}",limited,361
778847,G6PD,Sugao,"I/Deficient with CNSHA","I/Deficient with CNSHA",,,778846,"{22293322,11594515}",limited,361
778983,G6PD,Sumare,"I/Deficient with CNSHA","I/Deficient with CNSHA",,,778982,"{22293322,9298828}",limited,361
778679,G6PD,Sunderland,"I/Deficient with CNSHA","I/Deficient with CNSHA",,,778678,"{22293322,2005960}",limited,361
778981,G6PD,Surabaya,II/Deficient,II/Deficient,,,778980,"{22293322,11499668}",limited,361
778967,G6PD,Suwalki,"I/Deficient with CNSHA","I/Deficient with CNSHA",,,778966,"{22293322,14757424}",limited,361
778721,G6PD,Swansea,"I/Deficient with CNSHA","I/Deficient with CNSHA",,,778720,"{22293322,7858267}",limited,361
778781,G6PD,"Taipei, Chinese-3",II/Deficient,II/Deficient,,,778780,"{22293322,1562739}",limited,363
3564277,G6PD,"Telti, Kobe","I/Deficient with CNSHA","I/Deficient with CNSHA",,,3564276,"{22293322,7327562}",limited,212
778919,G6PD,Tenri,"I/Deficient with CNSHA","I/Deficient with CNSHA",,,778918,{22293322},limited,361
778977,G6PD,"Tokyo, Fukushima","I-II/Deficient with CNSHA-Deficient","I/Deficient with CNSHA",,,778976,"{22293322,28028996,7440223,9192788,1733837}",limited,361
778783,G6PD,Toledo,II/Deficient,II/Deficient,,,778782,"{22293322,22139979}",limited,361
778929,G6PD,Tomah,"I/Deficient with CNSHA","I/Deficient with CNSHA",,,778928,"{22293322,7655862}",limited,361
778913,G6PD,Tondela,"I/Deficient with CNSHA","I/Deficient with CNSHA",,,778912,"{22293322,21397531}",limited,361
778899,G6PD,Torun,"I/Deficient with CNSHA","I/Deficient with CNSHA",,,778898,"{22293322,10571945}",limited,361
778799,G6PD,Tsukui,"I/Deficient with CNSHA","I/Deficient with CNSHA",,,778798,"{22293322,3360447}",limited,361
778723,G6PD,"Ube Konan",III/Deficient,III/Deficient,,,778722,"{22293322,511159,7440223,20621077}",limited,361
779001,G6PD,"Union,Maewo, Chinese-2, Kalo",II/Deficient,II/Deficient,,,779000,"{22293322,4405605,8447319,1303180,8935319}",limited,361
778729,G6PD,Urayasu,"I/Deficient with CNSHA","I/Deficient with CNSHA",,,778728,"{22293322,7849299}",limited,361
778965,G6PD,Utrecht,"I/Deficient with CNSHA","I/Deficient with CNSHA",,,778964,"{22293322,14757426}",limited,361
778765,G6PD,Valladolid,II/Deficient,II/Deficient,,,778764,"{22293322,9332310}",limited,361
778733,G6PD,Vancouver,"I/Deficient with CNSHA","I/Deficient with CNSHA",,,778732,"{22293322,1353664}",limited,361
778757,G6PD,"Vanua Lava",II/Deficient,II/Deficient,,,778756,"{22293322,3591235}",limited,361
778871,G6PD,"Viangchan, Jammu",II/Deficient,II/Deficient,,,778870,"{22293322,1805484,3338798}",Moderate,361
778893,G6PD,Villeurbanne,"I/Deficient with CNSHA","I/Deficient with CNSHA",,,778892,"{22293322,22139979}",limited,361
778787,G6PD,Volendam,"I/Deficient with CNSHA","I/Deficient with CNSHA",,,778786,"{22293322,10556177}",limited,361
778835,G6PD,Wayne,"I/Deficient with CNSHA","I/Deficient with CNSHA",,,778834,"{22293322,3565372}",limited,361
778873,G6PD,"West Virginia","I/Deficient with CNSHA","I/Deficient with CNSHA",,,778872,"{22293322,7803800}",limited,361
778851,G6PD,Wexham,"I/Deficient with CNSHA","I/Deficient with CNSHA",,,778850,"{22293322,7577654}",limited,361
778947,G6PD,Wisconsin,"I/Deficient with CNSHA","I/Deficient with CNSHA",,,778946,"{22293322,16934959,7655862}",limited,361
779021,G6PD,Yunan,"Uncertain function","Uncertain function",,,779020,"{22293322,11780463}",Inadequate,361
110054,HLA-A,*31:01,,,,,9000,,,153
110055,HLA-B,*15:02,,,,,9001,,,153
110056,HLA-B,*57:01,,,,,9002,,,153
110057,HLA-B,*58:01,,,,,9003,,,147
779042,IFNL3,"rs12979860 reference (C)",,,,,779041,,,70
779044,IFNL3,"rs12979860 variant (T)",,,,,779043,,,70
3827905,MT-RNR1,m.1095T>C,,"increased risk of aminoglycoside-induced hearing loss",,,3827904,"{11079536,11313749,15555598,15841390,16875663,21205314}",Moderate,182
3827907,MT-RNR1,m.1189T>C,,"uncertain risk of aminoglycoside-induced hearing loss",,,3827906,{22030963},"Inadequate evidence",182
3827909,MT-RNR1,m.1243T>C,,"uncertain risk of aminoglycoside-induced hearing loss",,,3827908,{7550368},"Inadequate evidence",182
3827911,MT-RNR1,m.1494C>T,"Conformational change to the mitochondrial 12s rRNA leading to binding of aminoglycoside antibiotics","increased risk of aminoglycoside-induced hearing loss",,,3827910,"{14681830,16380089,17085680,17434445,17698030,17698299,18830133,19682603,20100600,21205314,27397648,29876232,15722487,14681831,19687236,28103015,25474306}",Strong,182
3827913,MT-RNR1,m.1520T>C,,"uncertain risk of aminoglycoside-induced hearing loss",,,3827912,{7550368},"Inadequate evidence",182
3827915,MT-RNR1,m.1537C>T,,"uncertain risk of aminoglycoside-induced hearing loss",,,3827914,{17637808},"Inadequate evidence",182
3827917,MT-RNR1,m.1555A>G,"Conformational change to the mitochondrial 12s rRNA leading to binding of aminoglycoside antibiotics","increased risk of aminoglycoside-induced hearing loss",,,3827916,"{7689389,8285309,8414970,9039999,9040738,9111378,9164619,9391883,9490575,9779807,9831149,9950117,10633132,10661905,11174959,11857751,11870684,12031626,12920080,14699607,14755216,15708009,15841390,15917167,16168391,16375862,16458854,16935512,16955413,17341440,17637808,17723226,17999439,18386806,18790089,18820594,18830133,19376484,19818876,19835846,20100600,20111055,20353758,21162657,21205314,21504270,22475488,23256547,24252789,25744662,26497601,27397648,27427311,29805548,24703164,25155176,8687424,9315872,12127547,19687236,28103015,10915767,12054632,21828074}",Definitive,182
3827919,MT-RNR1,m.1556C>T,,"uncertain risk of aminoglycoside-induced hearing loss",,,3827918,{15141753},"Inadequate evidence",182
3827873,MT-RNR1,m.663A>G,,"uncertain risk of aminoglycoside-induced hearing loss",,,3827872,"{8414970,7689389,7550368}","Inadequate evidence",182
3827875,MT-RNR1,m.669T>C,,"uncertain risk of aminoglycoside-induced hearing loss",,,3827874,"{17637808,20353758}","Inadequate evidence",182
3827877,MT-RNR1,m.747A>G,,"uncertain risk of aminoglycoside-induced hearing loss",,,3827876,{21205314},"Inadequate evidence",182
3827879,MT-RNR1,m.786G>A,,"uncertain risk of aminoglycoside-induced hearing loss",,,3827878,{23969527},"Inadequate evidence",182
3827881,MT-RNR1,m.807A>C,,"uncertain risk of aminoglycoside-induced hearing loss",,,3827880,{18830133},"Inadequate evidence",182
3827883,MT-RNR1,m.807A>G,,"uncertain risk of aminoglycoside-induced hearing loss",,,3827882,{18830133},"Inadequate evidence",182
3827885,MT-RNR1,m.827A>G,,"normal risk of aminoglycoside-induced hearing loss",,,3827884,"{16782057,18261986,18830133,20353758}",Limited,182
3827887,MT-RNR1,m.839A>G,,"uncertain risk of aminoglycoside-induced hearing loss",,,3827886,{21205314},"Inadequate evidence",182
3827889,MT-RNR1,m.896A>G,,"uncertain risk of aminoglycoside-induced hearing loss",,,3827888,{18830133},"Inadequate evidence",182
7094209,MT-RNR1,m.930G>A,,"uncertain risk of aminoglycoside-induced hearing loss",,,7094208,{18830133},"Inadequate evidence",54
3827893,MT-RNR1,m.951G>A,,"uncertain risk of aminoglycoside-induced hearing loss",,,3827892,"{18830133,18851951}","Inadequate evidence",182
3827895,MT-RNR1,m.960C>del,,"uncertain risk of aminoglycoside-induced hearing loss",,,3827894,{18851951},"Inadequate evidence",182
3827899,MT-RNR1,m.961T>del,,"uncertain risk of aminoglycoside-induced hearing loss",,,3827898,{15917167},"Inadequate evidence",182
3827901,MT-RNR1,m.961T>del+Cn,,"uncertain risk of aminoglycoside-induced hearing loss",,,3827900,"{10326749,12037390,7550368,20171168}",,182
3827897,MT-RNR1,m.961T>G,,"uncertain risk of aminoglycoside-induced hearing loss",,,3827896,{18830133},"Inadequate evidence",182
3827903,MT-RNR1,m.988G>A,,"uncertain risk of aminoglycoside-induced hearing loss",,,3827902,{18830133},"Inadequate evidence",182
828096,MT-RNR1,Reference,,"Normal risk of aminoglycoside-induced hearing loss",,,828095,{27654872},,244
6481191,NAT2,*1,Rapid,"Increased function",,,6481190,"{9154882,30564082,15558239,10744128,22092036,20040334,9333101,17011540,24444407,20801937,24221535,27223070,10762005,21946899}",Definitive,46
6481201,NAT2,*10,,"Uncertain function",,,6481200,"{17434923,18680467}",Inadequate,46
6481203,NAT2,*14,Slow,"Decreased function",,,6481202,"{8102597,9154882,28653770,7668286,22092036,9110365,24444407,21750470,9565293,24221535,10762005,8081359,17505821,21946899,17434923,18680467,11337936,29273096}",Definitive,46
6481205,NAT2,*15,Slow,"Decreased function",,,6481204,{28523442},Moderate,46
6481207,NAT2,*16,Slow,"Decreased function",,,6481206,"{9154882,28653770,30564082,15558239,7668286,10744128,9333101,17011540,9321764,11214777,27509179,20801937,9891107,9565293,9682266,24221535,8923605,10762005,28752039,21946899,15564878,7669073,10574910,15564878}",Definitive,46
6481209,NAT2,*19,Slow,"Decreased function",,,6481208,"{18680467,12222688,9173883}",Limited,46
6481211,NAT2,*21,,"Uncertain function",,,6481210,{19909761},Inadequate,46
6481213,NAT2,*27,,"Uncertain function",,,6481212,"{19164093,29273096}",Inadequate,46
6481215,NAT2,*29,Slow,"Decreased function",,,6481214,"{10762005,28523442,15564878}",Moderate,46
6481217,NAT2,*30,Slow,"Decreased function",,,6481216,"{15558239,15564878}",Moderate,46
6481219,NAT2,*31,Slow,"Decreased function",,,6481218,"{19909761,15564878}",Moderate,46
6481221,NAT2,*32,Slow,"Decreased function",,,6481220,"{1559981,9173883,19909761,15564878}",Moderate,46
6481223,NAT2,*33,Slow,"Decreased function",,,6481222,"{19164093,19909761,15564878}",Moderate,46
6481225,NAT2,*34,Slow,"Decreased function",,,6481224,"{28523442,9154882,15558239,17011540,28959610}",Definitive,46
6481227,NAT2,*35,Slow,"Decreased function",,,6481226,{19909761},Moderate,46
6481229,NAT2,*36,Slow,"Decreased function",,,6481228,{},Moderate,46
6481231,NAT2,*37,Slow,"Decreased function",,,6481230,{29273096},Moderate,46
6481233,NAT2,*38,Slow,"Decreased function",,,6481232,{19909761},Moderate,46
6481235,NAT2,*39,Slow,"Decreased function",,,6481234,"{24533708,19909761}",Moderate,46
6481193,NAT2,*4,Rapid,"Increased function",,,6481192,"{9154882,8781741,28653770,8102597,30564082,15558239,7668286,2376572,1451720,10744128,22092036,1872889,8689813,20040334,9333101,17011540,22970273,16531626,15565348,9321764,9110365,11214777,31257615,29018032,24702251,24444407,15110095,27509179,11773863,20801937,16003747,21750470,23899363,9565293,9891107,9682266,24221535,22105431,8287065,27223070,8001235,8923605,10762005,8081359,35928262,28752039,17505821,21946899,16570187,15032315,18167504,17434923,33815485,18680467,19336229,15564878,7669073,11337936,12222688,17264801}",Definitive,46
6481237,NAT2,*40,Slow,"Decreased function",,,6481236,"{28959610,17434923,18680467,11337936}",Definitive,46
6481239,NAT2,*41,,"Uncertain function",,,6481238,{19909761},Inadequate,46
6481241,NAT2,*42,,"Uncertain function",,,6481240,{19909761},Inadequate,46
6481243,NAT2,*43,,"Uncertain function",,,6481242,"{19909761,24444407}",Inadequate,46
6481245,NAT2,*44,,"Uncertain function",,,6481244,"{19909761,28959610,24444407}",Inadequate,46
6481247,NAT2,*45,,"Uncertain function",,,6481246,"{19909761,24444407}",Inadequate,46
6481249,NAT2,*46,Slow,"Decreased function",,,6481248,"{28523442,28959610,18680467,10574910}",Definitive,46
6481251,NAT2,*47,Slow,"Decreased function",,,6481250,"{18680467,19909761,24533708}",Limited,46
6481253,NAT2,*48,Slow,"Decreased function",,,6481252,"{17434923,18680467,17264801}",Limited,46
6481255,NAT2,*49,Slow,"Decreased function",,,6481254,{19909761},Moderate,46
6481195,NAT2,*5,Slow,"Decreased function",,,6481194,"{9154882,8781741,28653770,8102597,30564082,15558239,7668286,1451720,10744128,22092036,1872889,8689813,20040334,17011540,22970273,16531626,15565348,9321764,9110365,31257615,29018032,24702251,24444407,15110095,27509179,11773863,20801937,16003747,21750470,9565293,9891107,24221535,8287065,27223070,8001235,8923605,10762005,8081359,35928262,28752039,17505821,21946899,16570187,15032315,18167504,17434923,33815485,18680467,19336229,15564878,7669073,11337936}",Definitive,46
6481257,NAT2,*50,Slow,"Decreased function",,,6481256,{},Moderate,46
6481259,NAT2,*51,,"Uncertain function",,,6481258,"{26620671,29273096}",Inadequate,46
6481261,NAT2,*52,Slow,"Decreased function",,,6481260,{29273096},Moderate,46
6481263,NAT2,*53,Slow,"Decreased function",,,6481262,{},Moderate,46
6481265,NAT2,*54,,"Uncertain function",,,6481264,{19909761},Inadequate,46
6481267,NAT2,*55,,"Unknown function",,,6481266,{},"No evidence",46
6481269,NAT2,*56,Slow,"Decreased function",,,6481268,{},Moderate,46
6481271,NAT2,*57,,"Unknown function",,,6481270,{},"No evidence",46
6481273,NAT2,*58,Slow,"Decreased function",,,6481272,{29273096},Moderate,46
6481275,NAT2,*59,Slow,"Decreased function",,,6481274,{18680467},Moderate,46
6481197,NAT2,*6,Slow,"Decreased function",,,6481196,"{9154882,8781741,29589062,28653770,8102597,30564082,15558239,7668286,2376572,1451720,10744128,22092036,1872889,20040334,9333101,22970273,16531626,15565348,9321764,9110365,11214777,31257615,24702251,24444407,15110095,27509179,11773863,20801937,21750470,23899363,9565293,9891107,9682266,24221535,22105431,8287065,27223070,8001235,8923605,10762005,8081359,35928262,28752039,17505821,21946899,16570187,15032315,18167504,17434923,33815485,18680467,19336229,7669073,11337936,28516247}",Definitive,46
6481277,NAT2,*60,,"Unknown function",,,6481276,{},"No evidence",46
6481279,NAT2,*61,,"Unknown function",,,6481278,{},"No evidence",46
6481281,NAT2,*62,Slow,"Decreased function",,,6481280,{},Moderate,46
6481283,NAT2,*63,Slow,"Decreased function",,,6481282,{},Moderate,46
6481285,NAT2,*64,Slow,"Decreased function",,,6481284,{},Moderate,46
7096543,NAT2,*65,,"Unknown function",,,7096542,{},"No evidence",31
7096545,NAT2,*66,Slow,"Decreased function",,,7096544,{},Moderate,31
7096547,NAT2,*67,Slow,"Decreased function",,,7096546,{29273096},Moderate,31
7096549,NAT2,*68,Slow,"Decreased function",,,7096548,{18680467},Moderate,31
7096551,NAT2,*69,Slow,"Decreased function",,,7096550,"{19164093,29273096}",Moderate,31
6481199,NAT2,*7,Slow,"Decreased function",,,6481198,"{9154882,29589062,28653770,8102597,30564082,15558239,7668286,2376572,10744128,22092036,1872889,8689813,20040334,17011540,16531626,9321764,9110365,11214777,31257615,15110095,27509179,11773863,16003747,21750470,9565293,9891107,9682266,8287065,27223070,8001235,8923605,10762005,8081359,35928262,17505821,21946899,16570187,15032315,18167504,17434923,33815485,18680467,19336229,7669073,20801937,22970273,24221535,11337936}",Definitive,46
7219571,NAT2,*70,Slow,"Decreased function",,,7219570,"{15564878,35588539}",Limited,29
7219573,NAT2,*71,,"Unknown function",,,7219572,{},"No evidence",29
7219575,NAT2,*72,Slow,"Decreased function",,,7219574,{15564878},Moderate,29
7219577,NAT2,*73,Slow,"Decreased function",,,7219576,{15564878},Limited,29
7219579,NAT2,*74,,"Unknown function",,,7219578,{},"No evidence",29
7219581,NAT2,*75,Slow,"Decreased function",,,7219580,{15564878},Limited,29
779065,NUDT15,*1,,"Normal function",,,779064,"{26878724,28659275,27530327,32094176,34636169,38246006,31645647,37488179,27604507,34480209,35067667,28445187,32372428,33481917,32598049,28903549,32308129,29720126,36858569,35156873,32221476,31507415,27577869,27416873,26033531,32873882,39688234}",Definitive,389
779083,NUDT15,*10,,"No function",,,779082,{},Limited,167
779085,NUDT15,*11,,"Uncertain function",,,779084,{32094176},Inadequate,167
779087,NUDT15,*12,,"Uncertain function",,,779086,"{29519865,32094176}",Inadequate,167
779089,NUDT15,*13,,"No function",,,779088,{29519865},Limited,167
779091,NUDT15,*14,,"No function",,,779090,{},Limited,167
779093,NUDT15,*15,,"Uncertain function",,,779092,{32094176},Inadequate,167
779095,NUDT15,*16,,"Uncertain function",,,779094,{32094176},Inadequate,167
779097,NUDT15,*17,,"No function",,,779096,{},Limited,167
779099,NUDT15,*18,,"No function",,,779098,{30728528},Limited,167
779101,NUDT15,*19,,"No function",,,779100,{30728528},Limited,167
8361555,NUDT15,*2,,"No function",,,8361554,"{26878724,28445187,28903549,32308129,32873882,32221476,33481917,34636169,35156873,37454061,39084859,39688234}",Definitive,2
779103,NUDT15,*20,,"Uncertain function",,,779102,{32094176},Inadequate,167
5881977,NUDT15,*21,,"Uncertain function",,,5881976,{32094176},Inadequate,66
8102297,NUDT15,*22,,"Uncertain function",,,8102296,{32094176},Inadequate,8
8102299,NUDT15,*23,,"Uncertain function",,,8102298,{32094176},Inadequate,8
779069,NUDT15,*3,,"No function",,,779068,"{26878724,28659275,27530327,29519865,37488179,31645647,32094176,38246006,28088792,27604507,34636169,34480209,35067667,28445187,32372428,33481917,32598049,28903549,32308129,29720126,32873882,36858569,35156873,32221476,31507415,27577869,27416873,26033531,30728528,37454061,39688234,33753169}",Definitive,389
779071,NUDT15,*4,"Decreased function","No function",,,779070,"{26878724,28088792,28903549,32094176,36858569,39688234,33753169}",Strong,389
779073,NUDT15,*5,,"Decreased function",,,779072,"{26878724,28445187,28088792,28903549,32094170,32598049,32221476,33481917,34636169,39084859,33753169,36873097,33504140}",Moderate,389
779075,NUDT15,*6,"Decreased function","No function",,,779074,"{26878724,28903549,30728528,32308129,32372428,32598049,32221476,32873882,35156873,33481917,37454061,33753169,34665987,36873097,30806694}",Moderate,389
779077,NUDT15,*7,,"No function",,,779076,"{28659275,32094176,32221476,32873882}",Moderate,389
779079,NUDT15,*8,,"Decreased function",,,779078,"{28659275,32094176}",Limited,389
779081,NUDT15,*9,,"No function",,,779080,"{28659275,30728528,39084859,30806694}",Strong,389
3685769,RYR1,c.10042C>T,"Variant of uncertain significance","Uncertain function",,n/a,3685768,{33767344},,200
3685771,RYR1,c.10043G>A,"Variant of uncertain significance","Uncertain function",,n/a,3685770,{35849058},,200
3685773,RYR1,c.10097G>A,"Likely Benign","Normal function",,n/a,3685772,{33767344},,200
3685775,RYR1,c.10100A>G,"Variant of uncertain significance","Uncertain function",,n/a,3685774,{},,200
779165,RYR1,c.1021G>A,Pathogenic,"Malignant Hyperthermia associated",,n/a,779164,{33767344},,388
779167,RYR1,c.1021G>C,Pathogenic,"Malignant Hyperthermia associated",,n/a,779166,{33767344},,388
3685777,RYR1,c.10229C>A,"Variant of uncertain significance","Uncertain function",,n/a,3685776,{35849058},,200
3685779,RYR1,c.10237A>T,"Variant of uncertain significance","Uncertain function",,n/a,3685778,{35849058},,200
3685393,RYR1,c.1024G>A,"Likely Pathogenic","Malignant Hyperthermia associated",,n/a,3685392,{},,200
3685781,RYR1,c.10252A>G,"Variant of uncertain significance","Uncertain function",,n/a,3685780,{35849058},,200
779151,RYR1,c.103T>C,Pathogenic,"Malignant Hyperthermia associated",,n/a,779150,{33767344},,388
3685783,RYR1,c.10556C>T,"Variant of uncertain significance","Uncertain function",,n/a,3685782,{33767344},,200
3685785,RYR1,c.10616G>A,"Likely Benign","Normal function",,n/a,3685784,{35849058},,200
3685787,RYR1,c.10747G>C,Benign,"Normal function",,n/a,3685786,{33767344},,200
3685789,RYR1,c.10750G>C,"Variant of uncertain significance","Uncertain function",,n/a,3685788,{35849058},,200
3685791,RYR1,c.10891G>T,"Variant of uncertain significance","Uncertain function",,n/a,3685790,{35849058},,200
3685395,RYR1,c.1100G>A,"Variant of uncertain significance","Uncertain function",,n/a,3685394,{35849058},,200
3685397,RYR1,c.1100G>T,"Variant of uncertain significance","Uncertain function",,n/a,3685396,{35849058},,200
3685793,RYR1,c.11086G>C,"Variant of uncertain significance","Uncertain function",,n/a,3685792,{35849058},,200
3685795,RYR1,c.11120G>T,"Variant of uncertain significance","Uncertain function",,n/a,3685794,{35849058},,200
3685797,RYR1,c.11126C>T,"Variant of uncertain significance","Uncertain function",,n/a,3685796,{35849058},,200
3685799,RYR1,c.11132C>T,"Variant of uncertain significance","Uncertain function",,n/a,3685798,{35849058},,200
3685801,RYR1,c.11266C>G,Benign,"Normal function",,n/a,3685800,{33767344},,200
3685805,RYR1,c.11314C>T,"Variant of uncertain significance","Uncertain function",,n/a,3685804,{33767344},,200
3685803,RYR1,c.11315G>A,"Likely Pathogenic","Malignant Hyperthermia associated",,n/a,3685802,{33767344},,200
3685807,RYR1,c.11416G>A,"Variant of uncertain significance","Uncertain function",,n/a,3685806,{35849058},,200
3685399,RYR1,c.1144C>A,"Variant of uncertain significance","Uncertain function",,n/a,3685398,{35849058},,200
3685809,RYR1,c.11518G>A,"Variant of uncertain significance","Uncertain function",,n/a,3685808,{35849058},,200
3685811,RYR1,c.11708G>A,"Likely Pathogenic","Malignant Hyperthermia associated",,n/a,3685810,{35849058},,200
3685813,RYR1,c.11723A>T,"Variant of uncertain significance","Uncertain function",,n/a,3685812,{35849058},,200
3685815,RYR1,c.11748T>G,"Variant of uncertain significance","Uncertain function",,n/a,3685814,{35849058},,200
3685817,RYR1,c.11798A>G,"Likely Benign","Normal function",,n/a,3685816,{33767344},,200
3685819,RYR1,c.11813G>A,"Variant of uncertain significance","Uncertain function",,n/a,3685818,{35849058},,200
3685821,RYR1,c.11947C>T,"Variant of uncertain significance","Uncertain function",,n/a,3685820,{33767344},,200
3685823,RYR1,c.11953T>C,"Variant of uncertain significance","Uncertain function",,n/a,3685822,{35849058},,200
3685825,RYR1,c.11958C>G,"Likely Pathogenic","Malignant Hyperthermia associated",,n/a,3685824,{},,200
779231,RYR1,c.11969G>T,Pathogenic,"Malignant Hyperthermia associated",,n/a,779230,{33767344},,388
3685317,RYR1,c.119G>C,"Variant of uncertain significance","Uncertain function",,n/a,3685316,{35849058},,200
3685403,RYR1,c.1201C>A,"Variant of uncertain significance","Uncertain function",,n/a,3685402,{35849058},,200
3685405,RYR1,c.1201C>G,"Variant of uncertain significance","Uncertain function",,n/a,3685404,{35849058},,200
779169,RYR1,c.1201C>T,Pathogenic,"Malignant Hyperthermia associated",,n/a,779168,{33767344},,388
3685829,RYR1,c.12028G>A,"Variant of uncertain significance","Uncertain function",,n/a,3685828,{35849058},,200
3685409,RYR1,c.1202G>A,Pathogenic,"Malignant Hyperthermia associated",,n/a,3685408,{35849058},,200
3685407,RYR1,c.1202G>T,"Likely Pathogenic","Malignant Hyperthermia associated",,n/a,3685406,{35849058},,200
3685831,RYR1,c.12064A>G,"Variant of uncertain significance","Uncertain function",,n/a,3685830,{35849058},,200
779171,RYR1,c.1209C>G,"Variant of uncertain significance","Uncertain function",,n/a,779170,{},,388
3685833,RYR1,c.12115A>T,"Variant of uncertain significance","Uncertain function",,n/a,3685832,{35849058},,200
3685835,RYR1,c.12121C>T,"Variant of uncertain significance","Uncertain function",,n/a,3685834,{35849058},,200
3685837,RYR1,c.12149C>A,"Likely Pathogenic","Malignant Hyperthermia associated",,n/a,3685836,{35849058},,200
3685839,RYR1,c.12242C>T,"Variant of uncertain significance","Uncertain function",,n/a,3685838,{35849058},,200
3685841,RYR1,c.12310G>C,"Likely Benign","Normal function",,n/a,3685840,{35849058},,200
3685843,RYR1,c.12355A>T,"Variant of uncertain significance","Uncertain function",,n/a,3685842,{35849058},,200
3685845,RYR1,c.12383C>T,"Variant of uncertain significance","Uncertain function",,n/a,3685844,{35849058},,200
3685847,RYR1,c.12398A>G,"Variant of uncertain significance","Uncertain function",,n/a,3685846,{35849058},,200
3685849,RYR1,c.12406C>A,"Likely Benign","Normal function",,n/a,3685848,{35849058},,200
3685851,RYR1,c.12413T>C,"Variant of uncertain significance","Uncertain function",,n/a,3685850,{35849058},,200
3685853,RYR1,c.12532G>A,"Variant of uncertain significance","Uncertain function",,n/a,3685852,{33767344},,200
3685855,RYR1,c.12533G>T,"Variant of uncertain significance","Uncertain function",,n/a,3685854,{35849058},,200
3685857,RYR1,c.12553G>A,"Likely Benign","Normal function",,n/a,3685856,{},,200
3685859,RYR1,c.12689T>G,"Variant of uncertain significance","Uncertain function",,n/a,3685858,{35849058},,200
3685861,RYR1,c.12700G>C,Pathogenic,"Malignant Hyperthermia associated",,n/a,3685860,{},,200
3685863,RYR1,c.12700G>T,"Likely Pathogenic","Malignant Hyperthermia associated",,n/a,3685862,{35849058},,200
3685865,RYR1,c.12848A>T,"Variant of uncertain significance","Uncertain function",,n/a,3685864,{35849058},,200
3685867,RYR1,c.12881C>T,Benign,"Normal function",,n/a,3685866,{33767344},,200
3685869,RYR1,c.12884C>T,Benign,"Normal function",,n/a,3685868,{33767344},,200
779153,RYR1,c.130C>T,"Likely Pathogenic","Malignant Hyperthermia associated",,n/a,779152,{33767344},,388
3685321,RYR1,c.131G>A,"Variant of uncertain significance","Uncertain function",,n/a,3685320,{35849058},,200
8103195,RYR1,c.13502C>T,Benign,"Normal function",,n/a,8103194,{},,14
3685871,RYR1,c.13505A>G,"Variant of uncertain significance","Uncertain function",,n/a,3685870,{33767344},,200
3685873,RYR1,c.13513G>C,Benign,"Normal function",,n/a,3685872,{33767344},,200
3685877,RYR1,c.13672C>T,"Variant of uncertain significance","Uncertain function",,n/a,3685876,{35849058},,200
3685875,RYR1,c.13673G>A,"Variant of uncertain significance","Uncertain function",,n/a,3685874,{33767344},,200
3685879,RYR1,c.13702C>G,"Variant of uncertain significance","Uncertain function",,n/a,3685878,{33767344},,200
3685881,RYR1,c.13760C>T,"Variant of uncertain significance","Uncertain function",,n/a,3685880,{35849058},,200
8102727,RYR1,c.1390C>A,"Likely Pathogenic","Malignant Hyperthermia associated",,n/a,8102726,{},,14
3685883,RYR1,c.13913G>A,"Variant of uncertain significance","Uncertain function",,n/a,3685882,{35849058},,200
3685885,RYR1,c.13918A>G,"Variant of uncertain significance","Uncertain function",,n/a,3685884,{33767344},,200
3685887,RYR1,c.13934G>A,"Variant of uncertain significance","Uncertain function",,n/a,3685886,{35849058},,200
3685889,RYR1,c.13990T>C,"Variant of uncertain significance","Uncertain function",,n/a,3685888,{35849058},,200
3685891,RYR1,c.13994_13995delTCinsCT,"Variant of uncertain significance","Uncertain function",,n/a,3685890,{35849058},,200
3685893,RYR1,c.14002C>T,"Variant of uncertain significance","Uncertain function",,n/a,3685892,{35849058},,200
3685895,RYR1,c.14051T>C,"Variant of uncertain significance","Uncertain function",,n/a,3685894,{35849058},,200
3685413,RYR1,c.1411C>T,"Variant of uncertain significance","Uncertain function",,n/a,3685412,{35849058},,200
3685897,RYR1,c.14126C>T,"Variant of uncertain significance","Uncertain function",,n/a,3685896,{33767344},,200
3685899,RYR1,c.14168G>A,"Likely Benign","Normal function",,n/a,3685898,{35849058},,200
3685901,RYR1,c.14186A>C,"Variant of uncertain significance","Uncertain function",,n/a,3685900,{35849058},,200
3685903,RYR1,c.14197T>G,"Variant of uncertain significance","Uncertain function",,n/a,3685902,{35849058},,200
3685905,RYR1,c.14201G>A,"Variant of uncertain significance","Uncertain function",,n/a,3685904,{35849058},,200
3685907,RYR1,c.14209C>T,"Likely Pathogenic","Malignant Hyperthermia associated",,n/a,3685906,{35849058},,200
3685909,RYR1,c.14210G>A,Pathogenic,"Malignant Hyperthermia associated",,n/a,3685908,{35849058},,200
3685415,RYR1,c.1422G>T,"Variant of uncertain significance","Uncertain function",,n/a,3685414,{35849058},,200
3685911,RYR1,c.14270G>A,"Variant of uncertain significance","Uncertain function",,n/a,3685910,{35849058},,200
3685985,RYR1,c.14364+1G>T,"Variant of uncertain significance","Uncertain function",,n/a,3685984,{35849058},,200
779233,RYR1,c.14387A>G,"Variant of uncertain significance","Uncertain function",,n/a,779232,{},,388
3685915,RYR1,c.14422_14423delinsAA,"Variant of uncertain significance","Uncertain function",,n/a,3685914,{35849058},,200
3685917,RYR1,c.14424C>A,"Variant of uncertain significance","Uncertain function",,n/a,3685916,{35849058},,200
3685919,RYR1,c.14449A>T,"Variant of uncertain significance","Uncertain function",,n/a,3685918,{35849058},,200
3685921,RYR1,c.14458G>A,"Variant of uncertain significance","Uncertain function",,n/a,3685920,{35849058},,200
3685923,RYR1,c.14458G>T,"Variant of uncertain significance","Uncertain function",,n/a,3685922,{35849058},,200
3685925,RYR1,c.14471T>C,"Variant of uncertain significance","Uncertain function",,n/a,3685924,{35849058},,200
779235,RYR1,c.14477C>T,Pathogenic,"Malignant Hyperthermia associated",,n/a,779234,{33767344},,388
779237,RYR1,c.14497C>T,"Likely Pathogenic","Malignant Hyperthermia associated",,n/a,779236,{33767344},,388
3685933,RYR1,c.14509C>G,"Variant of uncertain significance","Uncertain function",,n/a,3685932,{35849058},,200
3685931,RYR1,c.14510delA,"Likely Benign","Normal function",,n/a,3685930,{35849058},,200
779239,RYR1,c.14512C>G,"Likely Pathogenic","Malignant Hyperthermia associated",,n/a,779238,{33767344},,388
3685937,RYR1,c.14524G>A,"Variant of uncertain significance","Uncertain function",,n/a,3685936,{35849058},,200
3685939,RYR1,c.14539G>C,"Likely Pathogenic","Malignant Hyperthermia associated",,n/a,3685938,{35849058},,200
3685417,RYR1,c.1453A>G,"Variant of uncertain significance","Uncertain function",,n/a,3685416,{33767344},,200
779241,RYR1,c.14545G>A,Pathogenic,"Malignant Hyperthermia associated",,n/a,779240,{33767344},,388
3685943,RYR1,c.14558C>T,"Variant of uncertain significance","Uncertain function",,n/a,3685942,{35849058},,200
3685945,RYR1,c.14567C>G,"Variant of uncertain significance","Uncertain function",,n/a,3685944,{35849058},,200
3685949,RYR1,c.14581C>T,"Variant of uncertain significance","Uncertain function",,n/a,3685948,{35849058},,200
779243,RYR1,c.14582G>A,"Variant of uncertain significance","Uncertain function",,n/a,779242,{33767344},,388
3685419,RYR1,c.1459C>G,"Variant of uncertain significance","Uncertain function",,n/a,3685418,{35849058},,200
3685421,RYR1,c.1460T>C,"Variant of uncertain significance","Uncertain function",,n/a,3685420,{35849058},,200
3685951,RYR1,c.14627A>G,Pathogenic,"Malignant Hyperthermia associated",,n/a,3685950,{35849058},,200
3685953,RYR1,c.14639T>C,"Variant of uncertain significance","Uncertain function",,n/a,3685952,{35849058},,200
3685955,RYR1,c.14678G>A,"Variant of uncertain significance","Uncertain function",,n/a,3685954,{35849058},,200
3685957,RYR1,c.14680G>A,"Variant of uncertain significance","Uncertain function",,n/a,3685956,{35849058},,200
779245,RYR1,c.14693T>C,"Variant of uncertain significance","Uncertain function",,n/a,779244,{},,388
3685423,RYR1,c.1475G>A,"Variant of uncertain significance","Uncertain function",,n/a,3685422,{35849058},,200
3685961,RYR1,c.14782A>G,"Variant of uncertain significance","Uncertain function",,n/a,3685960,{35849058},,200
3685963,RYR1,c.14803G>A,"Likely Pathogenic","Malignant Hyperthermia associated",,n/a,3685962,{35849058},,200
3685965,RYR1,c.14813T>C,"Variant of uncertain significance","Uncertain function",,n/a,3685964,{35849058},,200
3685967,RYR1,c.14814C>G,"Variant of uncertain significance","Uncertain function",,n/a,3685966,{35849058},,200
3685969,RYR1,c.14817C>A,"Variant of uncertain significance","Uncertain function",,n/a,3685968,{35849058},,200
3685971,RYR1,c.14818G>A,"Variant of uncertain significance","Uncertain function",,n/a,3685970,{35849058},,200
3685973,RYR1,c.14825G>T,"Variant of uncertain significance","Uncertain function",,n/a,3685972,{35849058},,200
3685975,RYR1,c.14879T>A,"Variant of uncertain significance","Uncertain function",,n/a,3685974,{35849058},,200
3685977,RYR1,c.14918C>T,Pathogenic,"Malignant Hyperthermia associated",,n/a,3685976,{},,200
3685979,RYR1,c.14968A>G,"Variant of uncertain significance","Uncertain function",,n/a,3685978,{35849058},,200
3685981,RYR1,c.15059G>C,"Variant of uncertain significance","Uncertain function",,n/a,3685980,{35849058},,200
3685983,RYR1,c.15060G>C,"Variant of uncertain significance","Uncertain function",,n/a,3685982,{35849058},,200
3685323,RYR1,c.152C>A,"Variant of uncertain significance","Uncertain function",,n/a,3685322,{33767344},,200
3685425,RYR1,c.1553T>C,"Variant of uncertain significance","Uncertain function",,n/a,3685424,{35849058},,200
779173,RYR1,c.1565A>C,Pathogenic,"Malignant Hyperthermia associated",,n/a,779172,{33767344},,388
3685429,RYR1,c.1565A>G,"Likely Pathogenic","Malignant Hyperthermia associated",,n/a,3685428,{35849058},,200
779175,RYR1,c.1589G>A,"Likely Pathogenic","Malignant Hyperthermia associated",,n/a,779174,{33767344},,388
3685435,RYR1,c.1597C>A,"Variant of uncertain significance","Uncertain function",,n/a,3685434,{33767344},,200
779177,RYR1,c.1597C>T,Pathogenic,"Malignant Hyperthermia associated",,n/a,779176,{33767344},,388
779179,RYR1,c.1598G>A,"Variant of uncertain significance","Uncertain function",,n/a,779178,{33767344},,388
3685439,RYR1,c.1615T>C,"Likely Pathogenic","Malignant Hyperthermia associated",,n/a,3685438,{35849058},,200
3685441,RYR1,c.1615T>G,"Likely Pathogenic","Malignant Hyperthermia associated",,n/a,3685440,{35849058},,200
3685443,RYR1,c.1630G>T,"Likely Pathogenic","Malignant Hyperthermia associated",,n/a,3685442,{35849058},,200
779181,RYR1,c.1654C>T,"Likely Pathogenic","Malignant Hyperthermia associated",,n/a,779180,{33767344},,388
3685325,RYR1,c.178G>A,"Variant of uncertain significance","Uncertain function",,n/a,3685324,{35849058},,200
3685327,RYR1,c.178G>T,"Variant of uncertain significance","Uncertain function",,n/a,3685326,{35849058},,200
3685447,RYR1,c.1834G>C,"Variant of uncertain significance","Uncertain function",,n/a,3685446,{35849058},,200
779183,RYR1,c.1840C>T,Pathogenic,"Malignant Hyperthermia associated",,n/a,779182,{33767344},,388
779185,RYR1,c.1841G>T,Pathogenic,"Malignant Hyperthermia associated",,n/a,779184,{33767344},,388
3685329,RYR1,c.190T>C,"Variant of uncertain significance","Uncertain function",,n/a,3685328,{35849058},,200
3685453,RYR1,c.2050G>C,"Variant of uncertain significance","Uncertain function",,n/a,3685452,{35849058},,200
3685455,RYR1,c.2122G>A,"Variant of uncertain significance","Uncertain function",,n/a,3685454,{33767344},,200
3685331,RYR1,c.212C>A,"Variant of uncertain significance","Uncertain function",,n/a,3685330,{35849058},,200
3685457,RYR1,c.2447C>T,"Likely Benign","Normal function",,n/a,3685456,{35849058},,200
3685333,RYR1,c.251C>T,"Variant of uncertain significance","Uncertain function",,n/a,3685332,{35849058},,200
3685459,RYR1,c.2537C>T,"Variant of uncertain significance","Uncertain function",,n/a,3685458,{35849058},,200
3685461,RYR1,c.2654G>A,"Variant of uncertain significance","Uncertain function",,n/a,3685460,{35849058},,200
3685463,RYR1,c.2797G>A,Benign,"Normal function",,n/a,3685462,{33767344},,200
3685465,RYR1,c.2924G>A,"Variant of uncertain significance","Uncertain function",,n/a,3685464,{35849058},,200
3685467,RYR1,c.2996G>A,"Variant of uncertain significance","Uncertain function",,n/a,3685466,{33767344},,200
3685469,RYR1,c.3095G>A,"Variant of uncertain significance","Uncertain function",,n/a,3685468,{35849058},,200
3685471,RYR1,c.3127C>T,"Variant of uncertain significance","Uncertain function",,n/a,3685470,{35849058},,200
3685475,RYR1,c.3166G>A,"Variant of uncertain significance","Uncertain function",,n/a,3685474,{35849058},,200
3685473,RYR1,c.3166G>C,"Likely Pathogenic","Malignant Hyperthermia associated",,n/a,3685472,{35849058},,200
3685477,RYR1,c.3172G>A,"Variant of uncertain significance","Uncertain function",,n/a,3685476,{35849058},,200
3685479,RYR1,c.3224G>A,"Likely Benign","Normal function",,n/a,3685478,{35849058},,200
3685481,RYR1,c.3418C>T,"Variant of uncertain significance","Uncertain function",,n/a,3685480,{35849058},,200
3685483,RYR1,c.3527C>T,"Variant of uncertain significance","Uncertain function",,n/a,3685482,{35849058},,200
3685485,RYR1,c.3656A>C,"Variant of uncertain significance","Uncertain function",,n/a,3685484,{35849058},,200
3685487,RYR1,c.3667G>A,"Variant of uncertain significance","Uncertain function",,n/a,3685486,{35849058},,200
3685309,RYR1,c.38T>G,"Likely Pathogenic","Malignant Hyperthermia associated",,n/a,3685308,{35849058},,200
3685489,RYR1,c.4024A>G,Benign,"Normal function",,n/a,3685488,{33767344},,200
8102807,RYR1,c.4055C>G,Benign,"Normal function",,n/a,8102806,{},,14
3685491,RYR1,c.4178A>G,Benign,"Normal function",,n/a,3685490,{35849058},,200
3685335,RYR1,c.418G>A,"Likely Benign","Normal function",,n/a,3685334,{35849058},,200
3685493,RYR1,c.4400A>G,"Variant of uncertain significance","Uncertain function",,n/a,3685492,{33767344},,200
3685337,RYR1,c.455C>A,"Likely pathogenic","Malignant Hyperthermia associated",,n/a,3685336,{},,200
3685339,RYR1,c.463C>A,"Likely Pathogenic","Malignant Hyperthermia associated",,n/a,3685338,{35849058},,200
3685341,RYR1,c.467G>A,"Variant of uncertain significance","Uncertain function",,n/a,3685340,{35849058},,200
3685495,RYR1,c.4711A>G,"Likely Benign","Normal function",,n/a,3685494,{33767344},,200
3685497,RYR1,c.4747C>T,"Variant of uncertain significance","Uncertain function",,n/a,3685496,{35849058},,200
3685499,RYR1,c.4763C>T,"Variant of uncertain significance","Uncertain function",,n/a,3685498,{35849058},,200
3685501,RYR1,c.4775C>T,"Variant of uncertain significance","Uncertain function",,n/a,3685500,{35849058},,200
3685343,RYR1,c.479A>G,"Variant of uncertain significance","Uncertain function",,n/a,3685342,{35849058},,200
779155,RYR1,c.487C>T,Pathogenic,"Malignant Hyperthermia associated",,n/a,779154,{33767344},,388
3685349,RYR1,c.488G>A,"Variant of uncertain significance","Uncertain function",,n/a,3685348,{35849058},,200
779157,RYR1,c.488G>T,Pathogenic,"Malignant Hyperthermia associated",,n/a,779156,{33767344},,388
3685351,RYR1,c.493G>A,"Variant of uncertain significance","Uncertain function",,n/a,3685350,{35849058},,200
3685353,RYR1,c.496G>A,"Variant of uncertain significance","Uncertain function",,n/a,3685352,{35849058},,200
3685355,RYR1,c.497A>G,"Variant of uncertain significance","Uncertain function",,n/a,3685354,{35849058},,200
8102821,RYR1,c.4999C>T,Benign,"Normal function",,n/a,8102820,{},,14
3685503,RYR1,c.5024T>C,"Variant of uncertain significance","Uncertain function",,n/a,3685502,{35849058},,200
3685505,RYR1,c.5033A>G,"Variant of uncertain significance","Uncertain function",,n/a,3685504,{35849058},,200
3685507,RYR1,c.5036G>A,"Likely Benign","Normal function",,n/a,3685506,{33767344},,200
3685509,RYR1,c.5132A>G,"Variant of uncertain significance","Uncertain function",,n/a,3685508,{35849058},,200
3685311,RYR1,c.51_53del,"Variant of uncertain significance","Uncertain function",,n/a,3685310,{35849058},,200
3685511,RYR1,c.5183C>T,"Likely Pathogenic","Malignant Hyperthermia associated",,n/a,3685510,{33767344},,200
3685513,RYR1,c.5186T>G,"Variant of uncertain significance","Uncertain function",,n/a,3685512,{35849058},,200
3685357,RYR1,c.526G>A,"Variant of uncertain significance","Uncertain function",,n/a,3685356,{35849058},,200
3685359,RYR1,c.528G>T,"Variant of uncertain significance","Uncertain function",,n/a,3685358,{35849058},,200
3685361,RYR1,c.529C>T,Pathogenic,"Malignant Hyperthermia associated",,n/a,3685360,{35849058},,200
3685515,RYR1,c.5317C>T,Benign,"Normal function",,n/a,3685514,{33767344},,200
3685365,RYR1,c.533A>C,"Variant of uncertain significance","Uncertain function",,n/a,3685364,{35849058},,200
3685363,RYR1,c.533A>G,"Likely Pathogenic","Malignant Hyperthermia associated",,n/a,3685362,{35849058},,200
3685517,RYR1,c.5341T>C,"Variant of uncertain significance","Uncertain function",,n/a,3685516,{35849058},,200
3685519,RYR1,c.5360C>T,Benign,"Normal function",,n/a,3685518,{33767344},,200
3685521,RYR1,c.5440A>G,"Variant of uncertain significance","Uncertain function",,n/a,3685520,{35849058},,200
3685523,RYR1,c.5441T>A,"Variant of uncertain significance","Uncertain function",,n/a,3685522,{35849058},,200
3685525,RYR1,c.5890C>T,"Variant of uncertain significance","Uncertain function",,n/a,3685524,{35849058},,200
3685527,RYR1,c.6037A>C,"Variant of uncertain significance","Uncertain function",,n/a,3685526,{35849058},,200
3685529,RYR1,c.6178G>T,Benign,"Normal function",,n/a,3685528,{33767344},,200
3685367,RYR1,c.625G>A,"Variant of uncertain significance","Uncertain function",,n/a,3685366,{35849058},,200
3685531,RYR1,c.6302T>A,"Variant of uncertain significance","Uncertain function",,n/a,3685530,{35849058},,200
3685533,RYR1,c.6304G>C,"Variant of uncertain significance","Uncertain function",,n/a,3685532,{35849058},,200
3685535,RYR1,c.6349G>C,"Likely Pathogenic","Malignant Hyperthermia associated",,n/a,3685534,{35849058},,200
3685537,RYR1,c.6377G>A,"Variant of uncertain significance","Uncertain function",,n/a,3685536,{35849058},,200
3685539,RYR1,c.6387C>G,"Likely Pathogenic","Malignant Hyperthermia associated",,n/a,3685538,{35849058},,200
3685541,RYR1,c.6388G>A,"Variant of uncertain significance","Uncertain function",,n/a,3685540,{35849058},,200
3685369,RYR1,c.641C>T,"Variant of uncertain significance","Uncertain function",,n/a,3685368,{35849058},,200
3685543,RYR1,c.6478G>A,"Variant of uncertain significance","Uncertain function",,n/a,3685542,{33767344},,200
779187,RYR1,c.6487C>T,Pathogenic,"Malignant Hyperthermia associated",,n/a,779186,{33767344},,388
779189,RYR1,c.6488G>A,Pathogenic,"Malignant Hyperthermia associated",,n/a,779188,{33767344},,388
3685549,RYR1,c.6488G>C,"Likely Pathogenic","Malignant Hyperthermia associated",,n/a,3685548,{35849058},,200
3685551,RYR1,c.6488G>T,"Likely Pathogenic","Malignant Hyperthermia associated",,n/a,3685550,{35849058},,200
779191,RYR1,c.6502G>A,Pathogenic,"Malignant Hyperthermia associated",,n/a,779190,{33767344},,388
3685371,RYR1,c.652G>A,"Variant of uncertain significance","Uncertain function",,n/a,3685370,{35849058},,200
3685555,RYR1,c.6544A>T,"Variant of uncertain significance","Uncertain function",,n/a,3685554,{35849058},,200
3685557,RYR1,c.6548G>A,"Variant of uncertain significance","Uncertain function",,n/a,3685556,{35849058},,200
3685559,RYR1,c.6599C>T,"Likely Pathogenic","Malignant Hyperthermia associated",,n/a,3685558,{},,200
3685561,RYR1,c.6612C>G,"Variant of uncertain significance","Uncertain function",,n/a,3685560,{},,200
779193,RYR1,c.6617C>G,Pathogenic,"Malignant Hyperthermia associated",,n/a,779192,{33767344},,388
779195,RYR1,c.6617C>T,Pathogenic,"Malignant Hyperthermia associated",,n/a,779194,{33767344},,388
3685567,RYR1,c.6628G>T,"Likely Pathogenic","Malignant Hyperthermia associated",,n/a,3685566,{35849058},,200
3685569,RYR1,c.6635T>A,"Variant of uncertain significance","Uncertain function",,n/a,3685568,{35849058},,200
3685571,RYR1,c.6640G>A,"Variant of uncertain significance","Uncertain function",,n/a,3685570,{35849058},,200
3685575,RYR1,c.6670C>T,"Likely Benign","Normal function",,n/a,3685574,{35849058},,200
3685573,RYR1,c.6671G>A,"Variant of uncertain significance","Uncertain function",,n/a,3685572,{33767344},,200
3685577,RYR1,c.6710G>A,"Variant of uncertain significance","Uncertain function",,n/a,3685576,{35849058},,200
3685579,RYR1,c.6742C>T,"Variant of uncertain significance","Uncertain function",,n/a,3685578,{35849058},,200
3685581,RYR1,c.6743G>A,"Variant of uncertain significance","Uncertain function",,n/a,3685580,{35849058},,200
3685583,RYR1,c.6757C>T,"Likely Pathogenic","Malignant Hyperthermia associated",,n/a,3685582,{},,200
3685373,RYR1,c.677T>A,"Variant of uncertain significance","Uncertain function",,n/a,3685372,{35849058},,200
3685375,RYR1,c.680A>T,"Variant of uncertain significance","Uncertain function",,n/a,3685374,{35849058},,200
3685585,RYR1,c.6838G>A,"Likely Pathogenic","Malignant Hyperthermia associated",,n/a,3685584,{35849058},,200
3685587,RYR1,c.6847A>C,"Variant of uncertain significance","Uncertain function",,n/a,3685586,{35849058},,200
3685589,RYR1,c.6961A>G,Benign,"Normal function",,n/a,3685588,{35849058},,200
779197,RYR1,c.7007G>A,Pathogenic,"Malignant Hyperthermia associated",,n/a,779196,{33767344},,388
3685593,RYR1,c.7018T>C,"Variant of uncertain significance","Uncertain function",,n/a,3685592,{35849058},,200
3685595,RYR1,c.7025A>G,"Likely Benign","Normal function",,n/a,3685594,{35849058},,200
3685597,RYR1,c.7032G>C,"Variant of uncertain significance","Uncertain function",,n/a,3685596,{35849058},,200
3685599,RYR1,c.7035C>A,"Likely Pathogenic","Malignant Hyperthermia associated",,n/a,3685598,{35849058},,200
3685601,RYR1,c.7036G>A,"Variant of uncertain significance","Uncertain function",,n/a,3685600,{},,200
779199,RYR1,c.7042_7044delGAG,"Likely Pathogenic","Malignant Hyperthermia associated",,n/a,779198,{33767344},,388
3685605,RYR1,c.7043A>G,"Likely Pathogenic","Malignant Hyperthermia associated",,n/a,3685604,{35849058},,200
779201,RYR1,c.7048G>A,Pathogenic,"Malignant Hyperthermia associated",,n/a,779200,{33767344},,388
3685609,RYR1,c.7060G>A,Pathogenic,"Malignant Hyperthermia associated",,n/a,3685608,{},,200
779203,RYR1,c.7063C>T,Pathogenic,"Malignant Hyperthermia associated",,n/a,779202,{33767344},,388
3685613,RYR1,c.7073T>A,"Variant of uncertain significance","Uncertain function",,n/a,3685612,{33767344},,200
3685617,RYR1,c.7075C>T,"Variant of uncertain significance","Uncertain function",,n/a,3685616,{35849058},,200
3685615,RYR1,c.7076G>A,"Likely Pathogenic","Malignant Hyperthermia associated",,n/a,3685614,{35849058},,200
3685619,RYR1,c.7084G>A,"Likely Pathogenic","Malignant Hyperthermia associated",,n/a,3685618,{35849058},,200
3685621,RYR1,c.7085A>G,"Variant of uncertain significance","Uncertain function",,n/a,3685620,{35849058},,200
3685623,RYR1,c.7089C>G,"Variant of uncertain significance","Uncertain function",,n/a,3685622,{35849058},,200
3685625,RYR1,c.7090T>G,"Likely Pathogenic","Malignant Hyperthermia associated",,n/a,3685624,{35849058},,200
3685627,RYR1,c.7097C>G,"Variant of uncertain significance","Uncertain function",,n/a,3685626,{35849058},,200
3685629,RYR1,c.7099G>A,"Variant of uncertain significance","Uncertain function",,n/a,3685628,{35849058},,200
3685631,RYR1,c.7112A>G,"Variant of uncertain significance","Uncertain function",,n/a,3685630,{35849058},,200
3685633,RYR1,c.7123G>A,"Likely Pathogenic","Malignant Hyperthermia associated",,n/a,3685632,{33767344},,200
8231270,RYR1,c.7123G>C,"Likely Pathogenic","Malignant Hyperthermia associated",,n/a,8231269,{},,9
779205,RYR1,c.7124G>C,Pathogenic,"Malignant Hyperthermia associated",,n/a,779204,{33767344},,388
3685637,RYR1,c.7199A>G,"Variant of uncertain significance","Uncertain function",,n/a,3685636,{35849058},,200
3685639,RYR1,c.7210G>A,"Variant of uncertain significance","Uncertain function",,n/a,3685638,{35849058},,200
779207,RYR1,c.7282G>A,"Likely Pathogenic","Malignant Hyperthermia associated",,n/a,779206,{33767344},,388
3685643,RYR1,c.7291G>A,"Likely Pathogenic","Malignant Hyperthermia associated",,n/a,3685642,{35849058},,200
3685645,RYR1,c.7291G>T,"Likely Pathogenic","Malignant Hyperthermia associated",,n/a,3685644,{35849058},,200
3685647,RYR1,c.7292A>T,"Likely Pathogenic","Malignant Hyperthermia associated",,n/a,3685646,{},,200
779209,RYR1,c.7300G>A,Pathogenic,"Malignant Hyperthermia associated",,n/a,779208,{33767344},,388
779211,RYR1,c.7304G>A,Pathogenic,"Malignant Hyperthermia associated",,n/a,779210,{33767344},,388
3685653,RYR1,c.7304G>T,"Likely Pathogenic","Malignant Hyperthermia associated",,n/a,3685652,{35849058},,200
3685655,RYR1,c.7307G>A,"Variant of uncertain significance","Uncertain function",,n/a,3685654,{35849058},,200
3685657,RYR1,c.7310C>T,"Likely Pathogenic","Malignant Hyperthermia associated",,n/a,3685656,{35849058},,200
3685659,RYR1,c.7317G>C,"Variant of uncertain significance","Uncertain function",,n/a,3685658,{35849058},,200
779213,RYR1,c.7354C>T,"Likely Pathogenic","Malignant Hyperthermia associated",,n/a,779212,{33767344},,388
3685663,RYR1,c.7355G>A,"Variant of uncertain significance","Uncertain function",,n/a,3685662,{35849058},,200
3685665,RYR1,c.7355G>C,"Variant of uncertain significance","Uncertain function",,n/a,3685664,{35849058},,200
3685667,RYR1,c.7358T>C,"Likely Pathogenic","Malignant Hyperthermia associated",,n/a,3685666,{35849058},,200
779215,RYR1,c.7360C>T,Pathogenic,"Malignant Hyperthermia associated",,n/a,779214,{33767344},,388
779217,RYR1,c.7361G>A,Pathogenic,"Malignant Hyperthermia associated",,n/a,779216,{33767344},,388
779219,RYR1,c.7372C>T,"Likely Pathogenic","Malignant Hyperthermia associated",,n/a,779218,{33767344},,388
779221,RYR1,c.7373G>A,Pathogenic,"Malignant Hyperthermia associated",,n/a,779220,{33767344},,388
3685677,RYR1,c.7373G>T,"Likely Pathogenic","Malignant Hyperthermia associated",,n/a,3685676,{35849058},,200
3685679,RYR1,c.7385C>T,"Variant of uncertain significance","Uncertain function",,n/a,3685678,{33767344},,200
779161,RYR1,c.742G>A,"Likely Pathogenic","Malignant Hyperthermia associated",,n/a,779160,{33767344},,388
779159,RYR1,c.742G>C,Pathogenic,"Malignant Hyperthermia associated",,n/a,779158,{33767344},,388
3685681,RYR1,c.7487C>T,"Variant of uncertain significance","Uncertain function",,n/a,3685680,{35849058},,200
779225,RYR1,c.7522C>G,"Variant of uncertain significance","Uncertain function",,n/a,779224,{},,388
779223,RYR1,c.7522C>T,"Likely Pathogenic","Malignant Hyperthermia associated",,n/a,779222,{33767344},,388
779227,RYR1,c.7523G>A,"Likely Pathogenic","Malignant Hyperthermia associated",,n/a,779226,{33767344},,388
3685689,RYR1,c.7528T>C,"Variant of uncertain significance","Uncertain function",,n/a,3685688,{35849058},,200
8103011,RYR1,c.7625G>A,"Variant of uncertain significance","Uncertain function",,n/a,8103010,{},,14
3685691,RYR1,c.7760A>G,"Variant of uncertain significance","Uncertain function",,n/a,3685690,{35849058},,200
3685693,RYR1,c.7771C>G,"Variant of uncertain significance","Uncertain function",,n/a,3685692,{35849058},,200
3685695,RYR1,c.7771C>T,"Variant of uncertain significance","Uncertain function",,n/a,3685694,{35849058},,200
3685697,RYR1,c.7777C>G,"Variant of uncertain significance","Uncertain function",,n/a,3685696,{35849058},,200
3685699,RYR1,c.7778G>A,"Variant of uncertain significance","Uncertain function",,n/a,3685698,{35849058},,200
3685701,RYR1,c.7787C>T,"Variant of uncertain significance","Uncertain function",,n/a,3685700,{35849058},,200
3685703,RYR1,c.7816T>A,"Likely Benign","Normal function",,n/a,3685702,{35849058},,200
3685707,RYR1,c.7879G>A,"Variant of uncertain significance","Uncertain function",,n/a,3685706,{35849058},,200
3685705,RYR1,c.7879G>C,Pathogenic,"Malignant Hyperthermia associated",,n/a,3685704,{},,200
3685709,RYR1,c.8005G>A,"Variant of uncertain significance","Uncertain function",,n/a,3685708,{35849058},,200
3685711,RYR1,c.8026C>T,"Likely Pathogenic","Malignant Hyperthermia associated",,n/a,3685710,{35849058},,200
3685713,RYR1,c.8054C>T,"Variant of uncertain significance","Uncertain function",,n/a,3685712,{35849058},,200
3685715,RYR1,c.8188G>C,"Variant of uncertain significance","Uncertain function",,n/a,3685714,{35849058},,200
3685717,RYR1,c.8189A>G,"Likely Pathogenic","Malignant Hyperthermia associated",,n/a,3685716,{},,200
3685719,RYR1,c.8198G>A,"Variant of uncertain significance","Uncertain function",,n/a,3685718,{35849058},,200
3685721,RYR1,c.8290G>A,"Variant of uncertain significance","Uncertain function",,n/a,3685720,{35849058},,200
3685723,RYR1,c.8327C>T,"Likely Benign","Normal function",,n/a,3685722,{35849058},,200
3685725,RYR1,c.8360C>G,Benign,"Normal function",,n/a,3685724,{35849058},,200
3685727,RYR1,c.8518C>T,"Variant of uncertain significance","Uncertain function",,n/a,3685726,{35849058},,200
3685729,RYR1,c.8527T>C,"Variant of uncertain significance","Uncertain function",,n/a,3685728,{35849058},,200
3685731,RYR1,c.8600T>A,"Variant of uncertain significance","Uncertain function",,n/a,3685730,{35849058},,200
3685733,RYR1,c.8638G>A,"Variant of uncertain significance","Uncertain function",,n/a,3685732,{35849058},,200
3685735,RYR1,c.8654C>G,"Variant of uncertain significance","Uncertain function",,n/a,3685734,{35849058},,200
3685737,RYR1,c.8729C>T,"Variant of uncertain significance","Uncertain function",,n/a,3685736,{35849058},,200
3685739,RYR1,c.8926C>T,"Variant of uncertain significance","Uncertain function",,n/a,3685738,{35849058},,200
3685741,RYR1,c.9152G>A,"Variant of uncertain significance","Uncertain function",,n/a,3685740,{35849058},,200
3685743,RYR1,c.9268G>A,"Variant of uncertain significance","Uncertain function",,n/a,3685742,{35849058},,200
779229,RYR1,c.9310G>A,"Likely Pathogenic","Malignant Hyperthermia associated",,n/a,779228,{33767344},,388
8103069,RYR1,c.9353C>T,Benign,"Normal function",,n/a,8103068,{},,14
3685747,RYR1,c.9356G>A,"Variant of uncertain significance","Uncertain function",,n/a,3685746,{35849058},,200
3685381,RYR1,c.946C>T,"Variant of uncertain significance","Uncertain function",,n/a,3685380,{35849058},,200
3685383,RYR1,c.947G>T,"Variant of uncertain significance","Uncertain function",,n/a,3685382,{35849058},,200
3685749,RYR1,c.9499C>T,"Variant of uncertain significance","Uncertain function",,n/a,3685748,{35849058},,200
3685751,RYR1,c.9635A>G,"Variant of uncertain significance","Uncertain function",,n/a,3685750,{35849058},,200
3685753,RYR1,c.9649T>C,"Variant of uncertain significance","Uncertain function",,n/a,3685752,{35849058},,200
3685755,RYR1,c.9652G>A,"Variant of uncertain significance","Uncertain function",,n/a,3685754,{35849058},,200
3685757,RYR1,c.9676G>C,"Variant of uncertain significance","Uncertain function",,n/a,3685756,{35849058},,200
3685759,RYR1,c.9758T>C,"Variant of uncertain significance","Uncertain function",,n/a,3685758,{33767344},,200
3685761,RYR1,c.9797T>C,"Variant of uncertain significance","Uncertain function",,n/a,3685760,{35849058},,200
3685313,RYR1,c.97A>G,"Likely Pathogenic","Malignant Hyperthermia associated",,n/a,3685312,{35849058},,200
779163,RYR1,c.982C>T,"Likely Pathogenic","Malignant Hyperthermia associated",,n/a,779162,{33767344},,388
3685763,RYR1,c.9848G>A,"Variant of uncertain significance","Uncertain function",,n/a,3685762,{35849058},,200
3685765,RYR1,c.9850T>A,"Variant of uncertain significance","Uncertain function",,n/a,3685764,{35849058},,200
3685767,RYR1,c.9868G>A,"Variant of uncertain significance","Uncertain function",,n/a,3685766,{35849058},,200
3685387,RYR1,c.992_994dup,"Variant of uncertain significance","Uncertain function",,n/a,3685386,{35849058},,200
779149,RYR1,Reference,Benign,"Normal function",,n/a,779148,{},,244
1002624,SLCO1B1,*1,,"Normal function",,,1002623,"{10601278,10644574,10358072,12811365,15116054,15226675,21245207,32961594}",Definitive,381
779296,SLCO1B1,*10,,"Uncertain function",,,779295,"{11477075,12490595}",Inadequate,388
779298,SLCO1B1,*11,,"Uncertain function",,,779297,"{11477075,12490595}",Inadequate,387
779304,SLCO1B1,*14,"Increased function","Increased function",,,779303,"{11477075,22147369,23311897,24122874,18781850,24420746,31777781,20139798,32961594}",Strong,388
779306,SLCO1B1,*15,"Decreased function","No function",,,779305,"{15970799,21245207,25350695,31220337}",Definitive,387
779308,SLCO1B1,*16,,"Uncertain function",,,779307,"{12811365,33658230}",Inadequate,387
779314,SLCO1B1,*19,,"Uncertain function",,,779313,"{15226675,22147369,29898760,23311897}",Inadequate,387
779280,SLCO1B1,*2,,"Uncertain function",,,779279,"{11477075,12490595}",Inadequate,388
779316,SLCO1B1,*20,"Increased function","Increased function",,,779315,"{15226675,22147369,23311897,32961594}",Limited,387
779322,SLCO1B1,*23,"Decreased function","No function",,,779321,{22147369},Limited,388
779324,SLCO1B1,*24,,"Uncertain function",,,779323,{22147369},Inadequate,387
779326,SLCO1B1,*25,,"Uncertain function",,,779325,{22147369},Inadequate,387
779328,SLCO1B1,*26,,"Uncertain function",,,779327,"{22147369,33658230}",Inadequate,387
779330,SLCO1B1,*27,,"Uncertain function",,,779329,"{22147369,33658230}",Inadequate,387
779332,SLCO1B1,*28,,"Uncertain function",,,779331,{22147369},Inadequate,387
779334,SLCO1B1,*29,,"Uncertain function",,,779333,"{22147369,33658230}",Inadequate,387
779336,SLCO1B1,*30,,"Uncertain function",,,779335,"{22147369,33658230}",Inadequate,387
779338,SLCO1B1,*31,"Decreased function","No function",,,779337,"{22147369,39511784}",Moderate,388
779340,SLCO1B1,*32,,"Uncertain function",,,779339,{22147369},Inadequate,387
779342,SLCO1B1,*33,,"Uncertain function",,,779341,"{22147369,33658230}",Inadequate,387
779344,SLCO1B1,*34,,"Uncertain function",,,779343,"{22147369,33658230}",Inadequate,387
779348,SLCO1B1,*36,,"Uncertain function",,,779347,{22147369},Inadequate,387
1002686,SLCO1B1,*37,,"Normal function",,,1002685,"{32961594,32961019,11477075}",Strong,381
1002690,SLCO1B1,*39,,"No function",,,1002689,"{32082363,36964102}",Limited,381
779284,SLCO1B1,*4,,"Uncertain function",,,779283,"{11477075,12490595,33658230}",Inadequate,387
1002692,SLCO1B1,*40,,"Uncertain function",,,1002691,"{11477075,21245207,32961594}","No evidence",381
1002694,SLCO1B1,*41,,"No function",,,1002693,"{39511784,34887219,27602404,39644095,40047317,22232210,35631530}",Strong,381
1002696,SLCO1B1,*42,,"Uncertain function",,,1002695,{33658230},Inadequate,381
1002698,SLCO1B1,*43,,"Unknown function",,,1002697,{},"No evidence",381
1002700,SLCO1B1,*44,,"Unknown function",,,1002699,{},"No evidence",381
1002702,SLCO1B1,*45,,"No function",,,1002701,"{38674010,32082363,36964102,39071607,25546334,40199401,37674011}",Moderate,381
1002706,SLCO1B1,*47,,"No function",,,1002705,"{33658230,11477075,32961594,21245207}",Limited,381
1357092,SLCO1B1,*48,,"No function",,,1357091,{22232210},Limited,370
1357094,SLCO1B1,*49,,"No function",,,1357093,{22232210},Limited,370
779286,SLCO1B1,*5,,"No function",,,779285,"{11477075,32961594,21245207}",Definitive,388
6237970,SLCO1B1,*50,,,,,6237969,,,34
6237972,SLCO1B1,*51,,,,,6237971,,,34
6237974,SLCO1B1,*52,,,,,6237973,,,34
6237976,SLCO1B1,*53,,,,,6237975,,,34
6237978,SLCO1B1,*54,,,,,6237977,,,34
6970386,SLCO1B1,*55,,,,,6970385,,,24
6970388,SLCO1B1,*56,,,,,6970387,,,24
6970390,SLCO1B1,*57,,,,,6970389,,,24
6970392,SLCO1B1,*58,,,,,6970391,,,24
779288,SLCO1B1,*6,,"Uncertain function",,,779287,"{11477075,12490595}",Inadequate,388
779292,SLCO1B1,*8,,"Uncertain function",,,779291,"{11477075,12490595}",Inadequate,387
779294,SLCO1B1,*9,"Decreased function","No function",,,779293,"{11477075,12490595,16697742,16513443,33658230,40047317,39644095}",Moderate,388
779393,TPMT,*1,,"Normal function",,,779392,"{8561894,9177237,13679074,16220112,18708949,9246020,15226673,23252716,31005613,23585236,29387964,33928426,27564568,11304783,10580024,19057372}",Definitive,387
779415,TPMT,*10,,"No function",,,779414,"{13679074,10833476,16220112,18708949}",Limited,387
779417,TPMT,*11,,"No function",,,779416,"{18708949,12835738,16220112}",Limited,387
779419,TPMT,*12,,"Uncertain function",,,779418,"{18708949,13679074,27564568,16220112,29785012}",Inadequate,387
779421,TPMT,*13,,"No function",,,779420,"{16220112,18708949,13679074}",Limited,387
779423,TPMT,*14,,"No function",,,779422,"{18708949,15083071,31005613}",Moderate,387
779425,TPMT,*15,,"No function",,,779424,"{15083071,31005613}",Limited,387
779427,TPMT,*16,,"No function",,,779426,"{18708949,15652243,15226673,33118454,32973300}",Moderate,387
779429,TPMT,*17,,"No function",,,779428,"{18708949,15226673}",Limited,387
779431,TPMT,*18,,"No function",,,779430,"{18708949,15226673}",Limited,387
779433,TPMT,*19,,"Uncertain function",,,779432,"{15652243,18708949}",Inadequate,387
779395,TPMT,*2,,"No function",,,779394,"{7862671,16220112,9177237,18708949,9246020,15226673,23252716,31005613,12880540,19057372,14508387,9695718,14656901,9103127,11372592,18021342,10580024,9831928,14985890}",Definitive,387
779435,TPMT,*20,,"No function",,,779434,"{18708949,16917910}",Limited,387
779437,TPMT,*21,,"No function",,,779436,"{18708949,18602085,16917910,23252716,33118454}",Moderate,387
779439,TPMT,*22,,"No function",,,779438,"{18708949,16917910}",Limited,387
779441,TPMT,*23,,"No function",,,779440,"{17885628,18708949,23025308,31005613}",Limited,387
779443,TPMT,*24,,"Uncertain function",,,779442,"{18602085,27564568,29785012,33118454,34412101}",Inadequate,387
779445,TPMT,*25,,"No function",,,779444,{18602085},Moderate,387
779447,TPMT,*26,,"No function",,,779446,{19660010},Limited,387
779449,TPMT,*27,,"No function",,,779448,{19945438},Limited,387
779451,TPMT,*28,,"No function",,,779450,{20945351},Limited,387
779453,TPMT,*29,,"No function",,,779452,{22447118},Limited,387
779455,TPMT,*30,,"Uncertain function",,,779454,"{23407052,18708949}",Inadequate,387
779457,TPMT,*31,,"No function",,,779456,"{23407052,20881512,31005613}",Limited,387
779459,TPMT,*32,,"Uncertain function",,,779458,"{25564374,23252716}",Inadequate,387
779461,TPMT,*33,,"No function",,,779460,"{23252716,33118454}",Limited,387
779463,TPMT,*34,,"No function",,,779462,"{23252716,33118454}",Moderate,387
779465,TPMT,*35,,"Unknown function",,,779464,{23252704},"No evidence",387
779467,TPMT,*36,,"Unknown function",,,779466,{23252704},"No evidence",387
779469,TPMT,*37,,"No function",,,779468,"{24710034,33118454}",Strong,387
779471,TPMT,*38,,"No function",,,779470,{25564374},Limited,387
779473,TPMT,*39,,"No function",,,779472,{27703193},Limited,387
779397,TPMT,*3A,,"No function",,,779396,"{16220112,9177237,9103127,18708949,8644731,8561894,15967990,9246020,9931346,15226673,23252716,31005613,11304783,10580024,19057372,33205673,23585236,29387964,33928426}",Definitive,387
779399,TPMT,*3B,,"No function",,,779398,"{16220112,9177237,18708949,8644731,8561894,9246020,23585236,29387964,33928426,31005613,15967990,33205673,12217596,16691038}",Definitive,387
779401,TPMT,*3C,,"No function",,,779400,"{16220112,18708949,8644731,8561894,9177237,9246020,9931346,15226673,23252716,23585236,29387964,33928426,33568932,31005613,15255798,33205673,19057372,14508387,9695718,14656901,9103127,24322830,11304783,19048245,11372592,18021342,15167635,9711875,16952345,9831928,10997970,14985890}",Definitive,387
779403,TPMT,*4,,"No function",,,779402,"{9246020,9486974,12880540}",Strong,387
779475,TPMT,*40,,"Uncertain function",,,779474,"{27564568,29785012}",Inadequate,387
779477,TPMT,*41,,"No function",,,779476,"{28462921,32865889}",Limited,387
779479,TPMT,*42,,"No function",,,779478,"{31005613,32865889}",Strong,167
779481,TPMT,*43,,"No function",,,779480,"{31005613,32865889}",Limited,167
779483,TPMT,*44,,"No function",,,779482,"{31005613,32865889}",Moderate,167
7726083,TPMT,*45,,"No function",,,7726082,"{33273844,34412101,29785012}",Limited,27
7726085,TPMT,*46,,"No function",,,7726084,{35931342},Limited,27
7726087,TPMT,*47,,"No function",,,7726086,{},Limited,27
779405,TPMT,*5,,"No function",,,779404,"{9246020,16220112,18708949}",Limited,387
779407,TPMT,*6,,"No function",,,779406,"{9246020,16220112,18708949,30023734,39696474}",Moderate,387
779409,TPMT,*7,,"No function",,,779408,"{9831928,9711875,13679074,16220112,18708949}",Limited,387
779411,TPMT,*8,,"Decreased function",,,779410,"{9931346,16220112,18708949,27564568,29785012,30023734,33118454,34412101,39182670}",Moderate,387
779413,TPMT,*9,,"Uncertain function",,,779412,"{15226673,16220112,18602085,18708949,23252716,30840585,31005613}",Inadequate,387
779489,UGT1A1,*1,,"Normal function",,,779488,"{7565971,9653159,15179405}",,389
779493,UGT1A1,*27,,"Decreased function",,,779492,"{7565971,7715297,15179405}",,388
779495,UGT1A1,*28,,"Decreased function",,,779494,"{9653159,15179405}",,388
779497,UGT1A1,*36,,"Increased function",,,779496,{9653159},,387
779499,UGT1A1,*37,,"Decreased function",,,779498,{9653159},,387
779491,UGT1A1,*6,,"Decreased function",,,779490,"{7715297,8280139,15179405,11906189}",,388
779501,UGT1A1,*80,,"Unknown function",,,779500,{},,387
779503,UGT1A1,*80+*28,,"Decreased function",,,779502,"{21309756,19414484,22085899,19419973}",,387
779505,UGT1A1,*80+*37,,"Decreased function",,,779504,"{21309756,19414484,22085899,19419973}",,387
779508,VKORC1,"rs9923231 reference (C)",,,,,779507,,,215
779510,VKORC1,"rs9923231 variant (T)",,,,,779509,,,215